Pandove Family clinic & Vaccination Center,4.8,(262),30.681876,76.739346,Hospital,Children's Hospital
Dr. Karandeep Kaur,N/A,N/A,30.688478,76.740924,Hospital,Children's Hospital
Dr. Anupam Goel (Gynaecologist & IVF Specialist),4.7,(64),30.693399,76.755912,Hospital,Children's Hospital
Dr Alisha Revive Mind Clinic,5.0,(19),30.695721,76.748703,Hospital,Children's Hospital
Dr. Anupam Goel (Gynaecologist & IVF Specialist),4.7,(64),30.693399,76.755912,Hospital,Children's Hospital
"Motherhood Chaitanya Hospital - Sector 44, Chandigarh",4.7,"(2,600)",30.710626,76.754296,Hospital,Children's Hospital
Dr. Neeraj Kumar,5.0,(29),30.70708,76.752369,Hospital,Children's Hospital
Smile Child Hospital,N/A,N/A,30.716142,76.719324,Hospital,Children's Hospital
"The Children's Clinic(Dr Sandip Jain)&Vaccination Centre,Mohali",4.9,(115),30.681581,76.744535,Hospital,Children's Hospital
Bedi Hospital (Best Mother and Child Care Hospital),4.7,(947),30.717587,76.769501,Hospital,Children's Hospital
"Motherhood Chaitanya Hospital - Sector 44, Chandigarh",4.7,"(2,600)",30.710626,76.754296,Hospital,Children's Hospital
"Dr Ajay Gupta | Dr Ajay�s Kidz Clinic & Vaccination Centre | Best Pediatrician, Best Child Specialist, Chandigarh",4.9,(168),30.716786,76.757424,Hospital,Children's Hospital
Dr. Neeraj Kumar,5.0,(29),30.70708,76.752369,Hospital,Children's Hospital
Smile Child Hospital,N/A,N/A,30.716142,76.719324,Hospital,Children's Hospital
Child Care Clinic and Vaccination Center || DR. Prabhjeet Kaur || Best Pediatrician in Chandigarh,4.6,(98),30.720502,76.72666,Hospital,Children's Hospital
"Dr Ajay Gupta | Dr Ajay�s Kidz Clinic & Vaccination Centre | Best Pediatrician, Best Child Specialist, Chandigarh",4.9,(168),30.716786,76.757424,Hospital,Children's Hospital
"Dr Charanjit Singh, Child specialist, vaccination centre",4.5,(4),30.72375,76.746483,Hospital,Children's Hospital
Dr Navpreet PEDIATRICIAN,4.2,(10),30.723335,76.754648,Hospital,Children's Hospital
Dr Nidhi Chadha,5.0,(15),30.717506,76.75108,Hospital,Children's Hospital
Pandhi Hospital,3.8,(213),30.726595,76.752364,Hospital,Children's Hospital
