Aesthetic Dental Clinic | Dentist in Mohali,4.9,(203),30.685089,76.739818,Hospital,Dental Clinic
Tooth Care Dental Clinic Mohali - Best Dentist in Mohali,5.0,(193),30.691551,76.726723,Hospital,Dental Clinic
Dentflix Dental Clinic,5.0,(121),30.694656,76.732857,Hospital,Dental Clinic
Clove Dental,4.9,(564),30.681506,76.744336,Hospital,Dental Clinic
Dr. Sharma's,4.9,(32),30.681484,76.74435,Hospital,Dental Clinic
Tooth Care Dental Clinic Mohali - Best Dentist in Mohali,5.0,(193),30.691551,76.726723,Hospital,Dental Clinic
Dentflix Dental Clinic,5.0,(121),30.694656,76.732857,Hospital,Dental Clinic
Dental IQ| Best Dental Clinic In Mohali | Best Dentist In Mohali,4.9,(34),30.702488,76.727188,Hospital,Dental Clinic
Daily Dental Care,5.0,(54),30.702169,76.727477,Hospital,Dental Clinic
MITTAL DENTAL CARE AND IMPLANT CENTRE | Best Dental Clinic In Mohali,4.9,(68),30.690205,76.727036,Hospital,Dental Clinic
Satya Dental Implants Clinic,5.0,(432),30.70616,76.757721,Hospital,Dental Clinic
Dental IQ| Best Dental Clinic In Mohali | Best Dentist In Mohali,4.9,(34),30.702488,76.727188,Hospital,Dental Clinic
Daily Dental Care,5.0,(54),30.702169,76.727477,Hospital,Dental Clinic
Dr. Tayal's Dental Clinic&Implant Center,4.3,(12),30.704016,76.758164,Hospital,Dental Clinic
Sachdeva Dental Clinic and Implant Centre,4.8,(69),30.709956,76.750458,Hospital,Dental Clinic
Dentist In Chandigargh-Tricity Dental Clinic- Best Dental Clinic In Chandigarh,5.0,(237),30.713407,76.751625,Hospital,Dental Clinic
Dheer Dental Clinic - Best Dental Clinic in Chandigarh | Best Dentist in Chandigarh,4.8,(165),30.713402,76.751608,Hospital,Dental Clinic
Sachdeva Dental Clinic and Implant Centre,4.8,(69),30.709956,76.750458,Hospital,Dental Clinic
BAWA DENTAL CLINIC,N/A,N/A,30.717482,76.727275,Hospital,Dental Clinic
Satya Dental Implants Clinic,5.0,(432),30.70616,76.757721,Hospital,Dental Clinic
Dr. Loomba' s Family Dental Clinic,4.8,(23),30.726286,76.725975,Hospital,Dental Clinic
Rajdeep Dental Clinic,3.7,(11),30.722901,76.744694,Hospital,Dental Clinic
Dental Cosmo Clinic,5.0,(22),30.725671,76.726501,Hospital,Dental Clinic
