"Lenskart.com at Phase10, Sector 64, Mohali",4.9,(614),30.686415,76.738394,Hospital,Eye Clinic
Thind Clinic,5.0,(1),30.682349,76.744735,Hospital,Eye Clinic
Pandove Family clinic & Vaccination Center,4.8,(262),30.681876,76.739346,Hospital,Eye Clinic
"JUSTDOGS | Mohali, Punjab",4.4,(210),30.685538,76.739453,Hospital,Eye Clinic
Apollo Pharmacy Mohali,4.1,(61),30.686759,76.738943,Hospital,Eye Clinic
Dr Gurpal Singh,3.0,(6),30.697833,76.738065,Hospital,Eye Clinic
Cosmic Mystics - Tarot Reading|Reiki Healing|Certified Tarot & Reiki Course|Counselling Therapy|Psychic Reading|Meditations,5.0,(88),30.695445,76.753314,Hospital,Eye Clinic
Chandigarh Facial Prosthetic Artificial Eye Clinic,5.0,(344),30.706269,76.757675,Hospital,Eye Clinic
Dr. Neeraj Kumar,5.0,(29),30.70708,76.752369,Hospital,Eye Clinic
"Motherhood Chaitanya Hospital - Sector 44, Chandigarh",4.7,"(2,600)",30.710626,76.754296,Hospital,Eye Clinic
Spiral PET CT Scan and MRI Center,3.5,(249),30.710485,76.754207,Hospital,Eye Clinic
Dental Lifestyle,5.0,(82),30.708733,76.741172,Hospital,Eye Clinic
Nimbus Eye Center,4.9,(490),30.714306,76.751341,Hospital,Eye Clinic
Nimbus Hospital,4.6,(34),30.714388,76.751228,Hospital,Eye Clinic
