Government Medical College & Hospital,3.8,(28),30.688452,76.75485,Hospital,General Hospital
Pandove Family clinic & Vaccination Center,4.8,(262),30.681876,76.739346,Hospital,General Hospital
Dr. Tejnoor Singh,5.0,(7),30.686151,76.740897,Hospital,General Hospital
Dr.Amandeep Kaur - We Care Health Clinic,4.9,(90),30.693324,76.743838,Hospital,General Hospital
"Dr Harbans Bansal, Best Urologist in Mohali, Kidney Stone Treatment, Prostate Cancer Surgery, Ureteroscopic Surgeon in Mohali",5.0,(105),30.686332,76.73865,Hospital,General Hospital
Grecian Hospital,4.1,(55),30.691302,76.723158,Hospital,General Hospital
Civil Hospital Sector 45,3.0,(185),30.704226,76.761116,Hospital,General Hospital
Government Medical College & Hospital,3.8,(28),30.688452,76.75485,Hospital,General Hospital
General Hospital,4.0,(2),30.726235,76.725067,Hospital,General Hospital
Ayu Health Hospitals,5.0,(3),30.710579,76.754281,Hospital,General Hospital
Civil Hospital Sector 45,3.0,(185),30.704226,76.761116,Hospital,General Hospital
Grecian Hospital,4.1,(55),30.691302,76.723158,Hospital,General Hospital
Landmark Hospital,4.0,(535),30.712328,76.770406,Hospital,General Hospital
AM Hospital Mohali By Dr Atul Mahajan,4.0,(149),30.717396,76.707342,Hospital,General Hospital
Ayu Health Hospitals,5.0,(3),30.710579,76.754281,Hospital,General Hospital
General Hospital,4.0,(2),30.726235,76.725067,Hospital,General Hospital
Guru Nanak Multispeciality C Hospital,3.7,(11),30.72557,76.762333,Hospital,General Hospital
Civil Hospital Sector 45,3.0,(185),30.704226,76.761116,Hospital,General Hospital
Landmark Hospital,4.0,(535),30.712328,76.770406,Hospital,General Hospital
AM Hospital Mohali By Dr Atul Mahajan,4.0,(149),30.717396,76.707342,Hospital,General Hospital
General Hospital,4.0,(2),30.726235,76.725067,Hospital,General Hospital
Guru Nanak Multispeciality C Hospital,3.7,(11),30.72557,76.762333,Hospital,General Hospital
Landmark Hospital,4.0,(535),30.712328,76.770406,Hospital,General Hospital
AM Hospital Mohali By Dr Atul Mahajan,4.0,(149),30.717396,76.707342,Hospital,General Hospital
Ayu Health Hospitals,5.0,(3),30.710579,76.754281,Hospital,General Hospital
