"Motherhood Hospital, Mohali",4.8,"(1,204)",30.69932,76.727279,Hospital,Maternity Hospital
"Dr Ruchi Bansal, Best Gynaecologist In Mohali, Gynecologist, Pregnancy/Infertility Specialist, Fibroid/Lady Doctor In Mohali",4.9,(253),30.686317,76.738658,Hospital,Maternity Hospital
Dr. Tejinder Kaur,5.0,(83),30.699291,76.727395,Hospital,Maternity Hospital
"Shalby Multi-Specialty Hospital, Mohali",4.8,"(5,903)",30.692292,76.733343,Hospital,Maternity Hospital
Dr Namita Grover | Gynaecologist | Shalby Hospital Mohali,5.0,(37),30.692265,76.733353,Hospital,Maternity Hospital
Dr. MEENA,4.9,(31),30.694162,76.737498,Hospital,Maternity Hospital
Dr. Anupam Goel (Gynaecologist & IVF Specialist),4.7,(64),30.693399,76.755912,Hospital,Maternity Hospital
Dr.Amandeep Kaur - We Care Health Clinic,4.9,(90),30.693324,76.743838,Hospital,Maternity Hospital
Magnetic Hands : A Physiotherapy and Wellness Clinic,5.0,(237),30.698887,76.755258,Hospital,Maternity Hospital
"Motherhood Hospital, Mohali",4.8,"(1,204)",30.69932,76.727279,Hospital,Maternity Hospital
"Motherhood Chaitanya Hospital - Sector 44, Chandigarh",4.7,"(2,600)",30.710626,76.754296,Hospital,Maternity Hospital
Bedi Hospital (Best Mother and Child Care Hospital),4.7,(947),30.717587,76.769501,Hospital,Maternity Hospital
Abhilasha Hospital | Obstetrician and Gynaecologist | Best Maternity Hospital in Chandigarh | Panchkula | Mohali,3.6,(67),30.728066,76.759324,Hospital,Maternity Hospital
Cloudnine Hospital - Chandigarh,4.7,"(3,021)",30.700095,76.78772,Hospital,Maternity Hospital
"Motherhood Chaitanya Hospital - Sector 44, Chandigarh",4.7,"(2,600)",30.710626,76.754296,Hospital,Maternity Hospital
Abhilasha Hospital | Obstetrician and Gynaecologist | Best Maternity Hospital in Chandigarh | Panchkula | Mohali,3.6,(67),30.728066,76.759324,Hospital,Maternity Hospital
"Motherhood Hospital, Mohali",4.8,"(1,204)",30.69932,76.727279,Hospital,Maternity Hospital
Bedi Hospital (Best Mother and Child Care Hospital),4.7,(947),30.717587,76.769501,Hospital,Maternity Hospital
Cloudnine Hospital - Chandigarh,4.7,"(3,021)",30.700095,76.78772,Hospital,Maternity Hospital
"Motherhood Fertility & IVF Center - Best IVF Centre in Chandigarh, Punjab",4.9,(343),N/A,N/A,Hospital,Maternity Hospital
Abha Clinic,4.1,(92),30.726701,76.747451,Hospital,Maternity Hospital
Dr. Vandna Narula,4.0,(1),30.718089,76.754321,Hospital,Maternity Hospital
Dr. Vaani Mehta - Best Fertility and IVF Doctor in Chandigarh,2.0,(1),30.719096,76.75317,Hospital,Maternity Hospital
Dr. Parminder Kaur - FertilityXprt in Chandigarh,5.0,(20),30.718208,76.75455,Hospital,Maternity Hospital
