Psychowaves Chandigarh,5.0,(3),30.697111,76.75331,Hospital,Mental Health Clinic
Dr Alisha Revive Mind Clinic,5.0,(19),30.695721,76.748703,Hospital,Mental Health Clinic
"Dr. Parmanand Kulhara, Mental Health and Behavioural Sciences | Psychiatrist, Fortis Mohali",5.0,(1),30.694788,76.731207,Hospital,Mental Health Clinic
"Dr. Hardeep Singh - Psychiatrist - Fortis Hospital, Mohali",1.9,(9),30.694736,76.730845,Hospital,Mental Health Clinic
The Positive Mindz,N/A,N/A,30.698965,76.749587,Hospital,Mental Health Clinic
Psychowaves Chandigarh,5.0,(3),30.697111,76.75331,Hospital,Mental Health Clinic
"Dr. Hardeep Singh - Psychiatrist - Fortis Hospital, Mohali",1.9,(9),30.694736,76.730845,Hospital,Mental Health Clinic
"Dr. Parmanand Kulhara, Mental Health and Behavioural Sciences | Psychiatrist, Fortis Mohali",5.0,(1),30.694788,76.731207,Hospital,Mental Health Clinic
Dr Alisha Revive Mind Clinic,5.0,(19),30.695721,76.748703,Hospital,Mental Health Clinic
"Gopal Hospital- Eye, Family Medicine, Psychiatry",4.5,(118),30.707641,76.723667,Hospital,Mental Health Clinic
Psychowaves Chandigarh,5.0,(3),30.697111,76.75331,Hospital,Mental Health Clinic
Dr. Vandana Clinic,4.8,(131),30.7145,76.751201,Hospital,Mental Health Clinic
La Esperanza,4.9,(22),30.712201,76.765493,Hospital,Mental Health Clinic
Dr Alisha Revive Mind Clinic,5.0,(19),30.695721,76.748703,Hospital,Mental Health Clinic
"Dr. Parmanand Kulhara, Mental Health and Behavioural Sciences | Psychiatrist, Fortis Mohali",5.0,(1),30.694788,76.731207,Hospital,Mental Health Clinic
Dr Sumeet Inder's Psychiatry Clinic,4.9,(443),30.718311,76.758542,Hospital,Mental Health Clinic
Dr. Vandana Clinic,4.8,(131),30.7145,76.751201,Hospital,Mental Health Clinic
Nitin Healthcare Services,N/A,N/A,30.719058,76.748704,Hospital,Mental Health Clinic
"Gopal Hospital- Eye, Family Medicine, Psychiatry",4.5,(118),30.707641,76.723667,Hospital,Mental Health Clinic
Dr Parmod Clinic,4.7,(197),30.729325,76.758463,Hospital,Mental Health Clinic
Dr Sumeet Inder's Psychiatry Clinic,4.9,(443),30.718311,76.758542,Hospital,Mental Health Clinic
Dr Parmod Clinic,4.7,(197),30.729325,76.758463,Hospital,Mental Health Clinic
Nitin Healthcare Services,N/A,N/A,30.719058,76.748704,Hospital,Mental Health Clinic
Dr. Vandana Clinic,4.8,(131),30.7145,76.751201,Hospital,Mental Health Clinic
Heal-Your-Mind,N/A,N/A,30.719096,76.75317,Hospital,Mental Health Clinic
