Myphysio rehab physiotherapy &rehabilitation care,5.0,(4),30.699868,76.750966,Hospital,Rehabilitation Center
Vardan Home Care,1.0,(1),30.678969,76.747253,Hospital,Rehabilitation Center
My Physio My Care Dr Kirandeep Physiotherapy Clinic,5.0,(106),30.693313,76.734088,Hospital,Rehabilitation Center
Magnetic Hands : A Physiotherapy and Wellness Clinic,5.0,(237),30.698887,76.755258,Hospital,Rehabilitation Center
Physiotherapy Services at Home in Tricity Chandigarh,5.0,(7),30.686029,76.746621,Hospital,Rehabilitation Center
Myphysio rehab physiotherapy &rehabilitation care,5.0,(4),30.699868,76.750966,Hospital,Rehabilitation Center
Magnetic Hands : A Physiotherapy and Wellness Clinic,5.0,(237),30.698887,76.755258,Hospital,Rehabilitation Center
Harneez's health care,N/A,N/A,30.690604,76.744664,Hospital,Rehabilitation Center
MIG FLATS,4.5,(4),30.690546,76.745423,Hospital,Rehabilitation Center
Global Athlete Solutions - Athlete & Sports Physiotherapist in Chandigarh,4.9,(55),30.69866,76.75401,Hospital,Rehabilitation Center
Medicare physiotherapy and rehabilitation centre,4.8,(104),30.719881,76.736546,Hospital,Rehabilitation Center
Myphysio rehab physiotherapy &rehabilitation care,5.0,(4),30.699868,76.750966,Hospital,Rehabilitation Center
EECP Treatment Center,4.5,(11),30.705847,76.727112,Hospital,Rehabilitation Center
My Physio My Care Dr Kirandeep Physiotherapy Clinic,5.0,(106),30.693313,76.734088,Hospital,Rehabilitation Center
Magnetic Hands : A Physiotherapy and Wellness Clinic,5.0,(237),30.698887,76.755258,Hospital,Rehabilitation Center
Medicare physiotherapy and rehabilitation centre,4.8,(104),30.719881,76.736546,Hospital,Rehabilitation Center
Helping Hand Therapeutic and Rehabilitation Centre,4.7,(12),30.721794,76.729725,Hospital,Rehabilitation Center
Chandigarh Physiotherapy Center,5.0,(12),30.723688,76.727634,Hospital,Rehabilitation Center
Dr. Anand Garg Physiotherapy and Rehabilitation center (Home Visits Only),5.0,(546),30.719432,76.729661,Hospital,Rehabilitation Center
EECP Treatment Center,4.5,(11),30.705847,76.727112,Hospital,Rehabilitation Center
IIAHP - Autism Treatment Center | Speech Therapy | Down's Syndrome Treatment | Cerebral Palsy Treatment | ADHD Therapy,4.8,(255),30.721598,76.756728,Hospital,Rehabilitation Center
Kala waste paper store,N/A,N/A,30.716202,76.73806,Hospital,Rehabilitation Center
Senior Citizens Home,4.7,(9),30.722691,76.751169,Hospital,Rehabilitation Center
"Motherhood Fertility & IVF Center - Best IVF Centre in Chandigarh, Punjab",4.9,(343),N/A,N/A,Hospital,Rehabilitation Center
Pandhi Hospital,3.8,(213),30.726595,76.752364,Hospital,Rehabilitation Center
