B N BAKERS,4.1,"(1,267)",30.686191,76.738758,Restaurant,Bakery
Best Baker & Cafe,4.9,(33),30.693888,76.732593,Restaurant,Bakery
Punjaban Bakery,5.0,(26),30.68506,76.748632,Restaurant,Bakery
Anand Bakers,4.4,(25),30.685269,76.739668,Restaurant,Bakery
Winni Cakes & More,4.6,(157),30.6826,76.743512,Restaurant,Bakery
Mom bakers,3.8,(715),30.702285,76.727319,Restaurant,Bakery
Bakers Delight,4.4,(81),30.703051,76.727153,Restaurant,Bakery
The Baker Smith - Best Eggless Bakery | Birthday Cake | Wedding Cake | Anniversary Cake | Customized Cakes | Best Cake Shop,4.9,(181),30.696337,76.748348,Restaurant,Bakery
Best Baker & Cafe,4.9,(33),30.693888,76.732593,Restaurant,Bakery
Flavours by Shivani,4.9,(475),30.695447,76.750431,Restaurant,Bakery
Bakers Delight,4.4,(81),30.703051,76.727153,Restaurant,Bakery
Mom bakers,3.8,(715),30.702285,76.727319,Restaurant,Bakery
Rohit Bakery,3.8,(112),30.704897,76.757732,Restaurant,Bakery
Naina's Bakery Home Bakery in Chandigarh,N/A,N/A,30.73228,76.770713,Restaurant,Bakery
Bansal Namkeen,3.9,(262),30.704896,76.725449,Restaurant,Bakery
Classic 44 - The Premium Bakings,4.1,(692),30.714891,76.751646,Restaurant,Bakery
Classic Bakery,4.4,(57),30.716989,76.737086,Restaurant,Bakery
Naina's Bakery Home Bakery in Chandigarh,N/A,N/A,30.73228,76.770713,Restaurant,Bakery
NIK BAKER'S,4.3,"(2,431)",30.72159,76.760199,Restaurant,Bakery
petitebakerina,5.0,(52),30.717123,76.757229,Restaurant,Bakery
Bakers Bite Cafe,4.5,(150),30.726054,76.758585,Restaurant,Bakery
Monica's Puddings & Pies,3.5,(151),30.720777,76.758868,Restaurant,Bakery
Classic Bakery,4.4,(57),30.716989,76.737086,Restaurant,Bakery
NIK BAKER'S,4.3,"(2,431)",30.72159,76.760199,Restaurant,Bakery
The Crown Patisserie - Cake Studio,3.7,(47),30.728216,76.758615,Restaurant,Bakery
Bakers Bite Cafe,4.5,(150),30.726054,76.758585,Restaurant,Bakery
Sharma Bakery,4.4,(217),30.732218,76.733426,Restaurant,Bakery
BK 37,4.5,(501),30.736991,76.750134,Restaurant,Bakery
Custom Cakes | Bakery & Cake Shop in Sector 37 Chandigarh | Birthday Cake | Pastries,4.2,(26),30.736973,76.750148,Restaurant,Bakery
The Crown Patisserie - Cake Studio,3.7,(47),30.728216,76.758615,Restaurant,Bakery
Golden Bakery,4.0,(516),30.740058,76.748125,Restaurant,Bakery
BK 37,4.5,(501),30.736991,76.750134,Restaurant,Bakery
Custom Cakes | Bakery & Cake Shop in Sector 37 Chandigarh | Birthday Cake | Pastries,4.2,(26),30.736973,76.750148,Restaurant,Bakery
Bee Kay Confectioners,4.3,(25),30.736302,76.749847,Restaurant,Bakery
Classic 44 - The Premium Bakings,4.1,(168),30.734955,76.736598,Restaurant,Bakery
B N BAKERS,4.1,"(1,267)",30.686191,76.738758,Restaurant,Bakery
Best Baker & Cafe,4.9,(33),30.693888,76.732593,Restaurant,Bakery
Punjaban Bakery,5.0,(26),30.68506,76.748632,Restaurant,Bakery
Anand Bakers,4.4,(25),30.685269,76.739668,Restaurant,Bakery
Winni Cakes & More,4.6,(157),30.6826,76.743512,Restaurant,Bakery
The Baker Smith - Best Eggless Bakery | Birthday Cake | Wedding Cake | Anniversary Cake | Customized Cakes | Best Cake Shop,4.9,(181),30.696337,76.748348,Restaurant,Bakery
Best Baker & Cafe,4.9,(33),30.693888,76.732593,Restaurant,Bakery
Flavours by Shivani,4.9,(475),30.695447,76.750431,Restaurant,Bakery
Grover�s Bakery & Confectionery,4.8,(65),30.693152,76.733812,Restaurant,Bakery
Taman Sweet Treats,4.9,(151),30.694584,76.737609,Restaurant,Bakery
Rohit Bakery,3.8,(112),30.704897,76.757732,Restaurant,Bakery
Naina's Bakery Home Bakery in Chandigarh,N/A,N/A,30.73228,76.770713,Restaurant,Bakery
Marwari Bakers And Namkeen,4.3,(174),30.705994,76.757608,Restaurant,Bakery
Mom Bakers,3.5,(147),30.700193,76.765801,Restaurant,Bakery
Panda Bakes,4.8,(57),30.7039,76.759782,Restaurant,Bakery
Classic 44 - The Premium Bakings,4.1,(692),30.714891,76.751646,Restaurant,Bakery
Classic Bakery,4.4,(57),30.716989,76.737086,Restaurant,Bakery
Naina's Bakery Home Bakery in Chandigarh,N/A,N/A,30.73228,76.770713,Restaurant,Bakery
NIK BAKER'S,4.3,"(2,431)",30.72159,76.760199,Restaurant,Bakery
petitebakerina,5.0,(52),30.717123,76.757229,Restaurant,Bakery
NIK BAKER'S,4.3,"(2,431)",30.72159,76.760199,Restaurant,Bakery
Bakers Bite Cafe,4.5,(150),30.726054,76.758585,Restaurant,Bakery
Monica's Puddings & Pies,3.5,(151),30.720777,76.758868,Restaurant,Bakery
Classic Bakery,4.4,(57),30.716989,76.737086,Restaurant,Bakery
Oven Fresh,4.4,"(4,654)",30.721706,76.76025,Restaurant,Bakery
Bakers Bite Cafe,4.5,(150),30.726054,76.758585,Restaurant,Bakery
Sharma Bakery,4.4,(217),30.732218,76.733426,Restaurant,Bakery
BK 37,4.5,(501),30.736991,76.750134,Restaurant,Bakery
Custom Cakes | Bakery & Cake Shop in Sector 37 Chandigarh | Birthday Cake | Pastries,4.2,(26),30.736973,76.750148,Restaurant,Bakery
The Crown Patisserie - Cake Studio,3.7,(47),30.728216,76.758615,Restaurant,Bakery
Golden Bakery,4.0,(516),30.740058,76.748125,Restaurant,Bakery
BK 37,4.5,(501),30.736991,76.750134,Restaurant,Bakery
Custom Cakes | Bakery & Cake Shop in Sector 37 Chandigarh | Birthday Cake | Pastries,4.2,(26),30.736973,76.750148,Restaurant,Bakery
Bee Kay Confectioners,4.3,(25),30.736302,76.749847,Restaurant,Bakery
Classic 44 - The Premium Bakings,4.1,(168),30.734955,76.736598,Restaurant,Bakery
B N BAKERS,4.1,"(1,267)",30.686191,76.738758,Restaurant,Bakery
Punjaban Bakery,5.0,(26),30.68506,76.748632,Restaurant,Bakery
Anand Bakers,4.4,(25),30.685269,76.739668,Restaurant,Bakery
Winni Cakes & More,4.6,(157),30.6826,76.743512,Restaurant,Bakery
CakesbyShweta,5.0,(28),30.683127,76.751146,Restaurant,Bakery
The Baker Smith - Best Eggless Bakery | Birthday Cake | Wedding Cake | Anniversary Cake | Customized Cakes | Best Cake Shop,4.9,(181),30.696337,76.748348,Restaurant,Bakery
Mom Bakers,3.5,(147),30.700193,76.765801,Restaurant,Bakery
The Bakers,4.1,(277),30.697496,76.767035,Restaurant,Bakery
Flavours by Shivani,4.9,(475),30.695447,76.750431,Restaurant,Bakery
Uttam Cafe And Restaurant,4.0,(842),30.699929,76.76556,Restaurant,Bakery
Mom Bakers,3.5,(147),30.700193,76.765801,Restaurant,Bakery
Rohit Bakery,3.8,(112),30.704897,76.757732,Restaurant,Bakery
Naina's Bakery Home Bakery in Chandigarh,N/A,N/A,30.73228,76.770713,Restaurant,Bakery
Uttam Cafe And Restaurant,4.0,(842),30.699929,76.76556,Restaurant,Bakery
Marwari Bakers And Namkeen,4.3,(174),30.705994,76.757608,Restaurant,Bakery
Classic 44 - The Premium Bakings,4.1,(692),30.714891,76.751646,Restaurant,Bakery
Classic 44 - The Premium Bakings,4.1,(392),30.718257,76.766198,Restaurant,Bakery
Naina's Bakery Home Bakery in Chandigarh,N/A,N/A,30.73228,76.770713,Restaurant,Bakery
NIK BAKER'S,4.3,"(2,431)",30.72159,76.760199,Restaurant,Bakery
Polka Pastry Shop,3.3,(91),30.717934,76.766755,Restaurant,Bakery
NIK BAKER'S,4.3,"(2,431)",30.72159,76.760199,Restaurant,Bakery
Bakers Bite Cafe,4.5,(150),30.726054,76.758585,Restaurant,Bakery
Monica's Puddings & Pies,3.5,(151),30.720777,76.758868,Restaurant,Bakery
Classic 44 - The Premium Bakings,4.1,(392),30.718257,76.766198,Restaurant,Bakery
Oven Fresh,4.4,"(4,654)",30.721706,76.76025,Restaurant,Bakery
Harpreet Confectionery || BEST CAKE SHOP || BIRTHDAY CAKES || WEDDING CAKES || CUSTOMISED CAKES || BEST BAKERY IN CHANDIGARH,4.9,(258),N/A,N/A,Restaurant,Bakery
Bakers Bite Cafe,4.5,(150),30.726054,76.758585,Restaurant,Bakery
BK 37,4.5,(501),30.736991,76.750134,Restaurant,Bakery
Custom Cakes | Bakery & Cake Shop in Sector 37 Chandigarh | Birthday Cake | Pastries,4.2,(26),30.736973,76.750148,Restaurant,Bakery
Khalsa Confectioners,4.4,"(1,229)",30.734131,76.770417,Restaurant,Bakery
Harpreet Confectionery || BEST CAKE SHOP || BIRTHDAY CAKES || WEDDING CAKES || CUSTOMISED CAKES || BEST BAKERY IN CHANDIGARH,4.9,(258),N/A,N/A,Restaurant,Bakery
Golden Bakery,4.0,(516),30.740058,76.748125,Restaurant,Bakery
BK 37,4.5,(501),30.736991,76.750134,Restaurant,Bakery
Custom Cakes | Bakery & Cake Shop in Sector 37 Chandigarh | Birthday Cake | Pastries,4.2,(26),30.736973,76.750148,Restaurant,Bakery
Khalsa Confectioners,4.4,"(1,229)",30.734131,76.770417,Restaurant,Bakery
Punjaban Bakery,5.0,(26),30.68506,76.748632,Restaurant,Bakery
CakesbyShweta,5.0,(28),30.683127,76.751146,Restaurant,Bakery
The Kitchen Bee,5.0,(43),30.684844,76.746287,Restaurant,Bakery
Cakes N Creams,4.9,(74),30.681278,76.744457,Restaurant,Bakery
Make N Bake,5.0,(9),30.683779,76.754851,Restaurant,Bakery
The Baker Smith - Best Eggless Bakery | Birthday Cake | Wedding Cake | Anniversary Cake | Customized Cakes | Best Cake Shop,4.9,(181),30.696337,76.748348,Restaurant,Bakery
Mom Bakers,3.5,(147),30.700193,76.765801,Restaurant,Bakery
The Bakers,4.1,(277),30.697496,76.767035,Restaurant,Bakery
Flavours by Shivani,4.9,(475),30.695447,76.750431,Restaurant,Bakery
Uttam Cafe And Restaurant,4.0,(842),30.699929,76.76556,Restaurant,Bakery
Kandy's Pastry Parlour,4.2,(339),30.710677,76.772652,Restaurant,Bakery
Kamal & Kamal,4.4,"(1,615)",30.709695,76.773918,Restaurant,Bakery
Mom Bakers,3.5,(147),30.700193,76.765801,Restaurant,Bakery
Rohit Bakery,3.8,(112),30.704897,76.757732,Restaurant,Bakery
Naina's Bakery Home Bakery in Chandigarh,N/A,N/A,30.73228,76.770713,Restaurant,Bakery
Kandy's Pastry Parlour,4.2,(339),30.710677,76.772652,Restaurant,Bakery
Kamal & Kamal,4.4,"(1,615)",30.709695,76.773918,Restaurant,Bakery
Classic 44 - The Premium Bakings,4.1,(692),30.714891,76.751646,Restaurant,Bakery
Classic 44 - The Premium Bakings,4.1,(392),30.718257,76.766198,Restaurant,Bakery
Naina's Bakery Home Bakery in Chandigarh,N/A,N/A,30.73228,76.770713,Restaurant,Bakery
NIK BAKER'S,4.3,"(2,431)",30.72159,76.760199,Restaurant,Bakery
Bakers Bite Cafe,4.5,(150),30.726054,76.758585,Restaurant,Bakery
NEW CAPITAL BAKERY,4.3,(80),30.725683,76.777331,Restaurant,Bakery
Monica's Puddings & Pies,3.5,(151),30.720777,76.758868,Restaurant,Bakery
Classic 44 - The Premium Bakings,4.1,(392),30.718257,76.766198,Restaurant,Bakery
NIK BAKER'S,4.0,(268),30.731003,76.775102,Restaurant,Bakery
Harpreet Confectionery || BEST CAKE SHOP || BIRTHDAY CAKES || WEDDING CAKES || CUSTOMISED CAKES || BEST BAKERY IN CHANDIGARH,4.9,(258),N/A,N/A,Restaurant,Bakery
Bakers Bite Cafe,4.5,(150),30.726054,76.758585,Restaurant,Bakery
The Baker Smith | Customized Designer Cake Delivery In Chandigarh Mohali Panchkula Kharar Zirakpur |Best Bakery In Chandigarh,4.9,(383),30.731008,76.773168,Restaurant,Bakery
NEW CAPITAL BAKERY,4.3,(80),30.725683,76.777331,Restaurant,Bakery
Harpreet Confectionery || BEST CAKE SHOP || BIRTHDAY CAKES || WEDDING CAKES || CUSTOMISED CAKES || BEST BAKERY IN CHANDIGARH,4.9,(258),N/A,N/A,Restaurant,Bakery
Golden Bakery,4.0,(516),30.740058,76.748125,Restaurant,Bakery
BK 37,4.5,(501),30.736991,76.750134,Restaurant,Bakery
Custom Cakes | Bakery & Cake Shop in Sector 37 Chandigarh | Birthday Cake | Pastries,4.2,(26),30.736973,76.750148,Restaurant,Bakery
Khalsa Confectioners,4.4,"(1,229)",30.734131,76.770417,Restaurant,Bakery
