90ML is the Solution,4.4,(229),30.687582,76.737815,Restaurant,Bar
Barrel bells,4.1,(7),30.687915,76.737543,Restaurant,Bar
Robins 69 Bar,4.2,(141),30.695493,76.719907,Restaurant,Bar
Blue Nite Beer Bar & Restaurant,4.1,(591),30.695946,76.768323,Restaurant,Bar
Nineteenth May Restaurant | Cafe | Bakery | Bar | Catering Services,4.5,(541),N/A,N/A,Restaurant,Bar
JATT MEHKMA,5.0,(19),30.693647,76.743613,Restaurant,Bar
Parking,N/A,N/A,30.69339,76.743866,Restaurant,Bar
Vita Milk Bar,3.9,(34),30.693759,76.74856,Restaurant,Bar
Vita Milk Bar,4.4,(91),30.696768,76.745337,Restaurant,Bar
Drunker's heaven,4.4,(14),30.707475,76.757704,Restaurant,Bar
Beer Shop,3.9,(28),30.70652,76.757594,Restaurant,Bar
Don,4.7,(3),30.70668,76.757642,Restaurant,Bar
DOABA'S JUICE BAR & EATING JUNCTION,4.0,(33),30.710731,76.753713,Restaurant,Bar
KHAN JUICE CORNER,N/A,N/A,30.710604,76.745082,Restaurant,Bar
City Buzz Reloaded | Late Night Restaurant | Late Night Bar | Best Restaurant,3.9,(104),30.717009,76.752769,Restaurant,Bar
7 West Lounge Bar,4.0,(20),30.717143,76.752989,Restaurant,Bar
Bottoms Up,4.0,(83),30.713097,76.751858,Restaurant,Bar
Drunker's heaven,4.4,(14),30.707475,76.757704,Restaurant,Bar
Chandigarh,N/A,N/A,30.713199,76.750244,Restaurant,Bar
City Buzz Reloaded | Late Night Restaurant | Late Night Bar | Best Restaurant,3.9,(104),30.717009,76.752769,Restaurant,Bar
7 West Lounge Bar,4.0,(20),30.717143,76.752989,Restaurant,Bar
Peddlers,4.1,"(2,094)",30.720885,76.758999,Restaurant,Bar
Wine and beer shop,4.3,(40),30.726112,76.751283,Restaurant,Bar
Shivam goswami,5.0,(3),30.720536,76.747552,Restaurant,Bar
Wild West Pub and Bar,4.1,(331),30.724778,76.765238,Restaurant,Bar
The Chandigarh bar,5.0,(1),30.740488,76.747071,Restaurant,Bar
Peddlers,4.1,"(2,094)",30.720885,76.758999,Restaurant,Bar
CELLAR,4.2,(861),30.722144,76.760892,Restaurant,Bar
Wine and beer shop,4.3,(40),30.726112,76.751283,Restaurant,Bar
The Chandigarh bar,5.0,(1),30.740488,76.747071,Restaurant,Bar
The Gappa Bar,3.3,(7),30.738011,76.732307,Restaurant,Bar
Vinay's Bar-Be-Que,4.5,(23),30.737559,76.733399,Restaurant,Bar
Abhishek hr,N/A,N/A,30.744054,76.733553,Restaurant,Bar
38D Theka,5.0,(1),30.746278,76.743228,Restaurant,Bar
JATT MEHKMA,5.0,(19),30.693647,76.743613,Restaurant,Bar
Parking,N/A,N/A,30.69339,76.743866,Restaurant,Bar
Vita Milk Bar,3.9,(34),30.693759,76.74856,Restaurant,Bar
juice corner,3.9,(7),30.687761,76.760357,Restaurant,Bar
Feeling Hungry,3.7,(97),30.68661,76.759526,Restaurant,Bar
JATT MEHKMA,5.0,(19),30.693647,76.743613,Restaurant,Bar
chacha snacks bar,N/A,N/A,30.697894,76.762628,Restaurant,Bar
Parking,N/A,N/A,30.69339,76.743866,Restaurant,Bar
Vita Milk Bar,3.9,(34),30.693759,76.74856,Restaurant,Bar
Vita Milk Bar,4.4,(91),30.696768,76.745337,Restaurant,Bar
Liquor wine and beer shop,4.5,(17),30.705114,76.762507,Restaurant,Bar
Drunker's heaven,4.4,(14),30.707475,76.757704,Restaurant,Bar
Bottoms Up,4.0,(83),30.713097,76.751858,Restaurant,Bar
Blue Nite Beer Bar & Restaurant,4.1,(591),30.695946,76.768323,Restaurant,Bar
Mohd Samshad Shop,N/A,N/A,30.708604,76.762968,Restaurant,Bar
City Buzz Reloaded | Late Night Restaurant | Late Night Bar | Best Restaurant,3.9,(104),30.717009,76.752769,Restaurant,Bar
7 West Lounge Bar,4.0,(20),30.717143,76.752989,Restaurant,Bar
Bottoms Up,4.0,(83),30.713097,76.751858,Restaurant,Bar
Drunker's heaven,4.4,(14),30.707475,76.757704,Restaurant,Bar
Shots,4.5,(19),30.713209,76.751783,Restaurant,Bar
City Buzz Reloaded | Late Night Restaurant | Late Night Bar | Best Restaurant,3.9,(104),30.717009,76.752769,Restaurant,Bar
Wild West Pub and Bar,4.1,(331),30.724778,76.765238,Restaurant,Bar
7 West Lounge Bar,4.0,(20),30.717143,76.752989,Restaurant,Bar
Peddlers,4.1,"(2,094)",30.720885,76.758999,Restaurant,Bar
CELLAR,4.2,(861),30.722144,76.760892,Restaurant,Bar
Wild West Pub and Bar,4.1,(331),30.724778,76.765238,Restaurant,Bar
The Back Room,4.2,(300),30.721547,76.771312,Restaurant,Bar
The Chandigarh bar,5.0,(1),30.740488,76.747071,Restaurant,Bar
Peddlers,4.1,"(2,094)",30.720885,76.758999,Restaurant,Bar
CELLAR,4.2,(861),30.722144,76.760892,Restaurant,Bar
The Chandigarh bar,5.0,(1),30.740488,76.747071,Restaurant,Bar
Raju juse,N/A,N/A,30.742323,76.758953,Restaurant,Bar
CHD Juice Bar 37,4.4,(9),30.736184,76.75011,Restaurant,Bar
Bonkers - Juices & Shakes,4.9,(8),30.734404,76.753179,Restaurant,Bar
Chai Sutta bar 36 D,4.4,(597),30.733809,76.752986,Restaurant,Bar
juice corner,3.9,(7),30.687761,76.760357,Restaurant,Bar
Feeling Hungry,3.7,(97),30.68661,76.759526,Restaurant,Bar
Sufi beats,5.0,(3),30.690779,76.766924,Restaurant,Bar
Thaath62 Productions,N/A,N/A,21.068007,82.752529,Restaurant,Bar
YOUNG BLOOD,4.9,(8),31.026816,75.410647,Restaurant,Bar
Blue Nite Beer Bar & Restaurant,4.1,(591),30.695946,76.768323,Restaurant,Bar
Tavern,3.6,(37),30.700848,76.764645,Restaurant,Bar
Muskan Juice Bar,3.3,(12),30.701362,76.765148,Restaurant,Bar
chacha snacks bar,N/A,N/A,30.697894,76.762628,Restaurant,Bar
Tekha,N/A,N/A,30.695081,76.766113,Restaurant,Bar
Liquor wine and beer shop,4.5,(17),30.705114,76.762507,Restaurant,Bar
Drunker's heaven,4.4,(14),30.707475,76.757704,Restaurant,Bar
Blue Nite Beer Bar & Restaurant,4.1,(591),30.695946,76.768323,Restaurant,Bar
Don,4.7,(3),30.70668,76.757642,Restaurant,Bar
Bottoms Up,4.0,(83),30.713097,76.751858,Restaurant,Bar
City Buzz Reloaded | Late Night Restaurant | Late Night Bar | Best Restaurant,3.9,(104),30.717009,76.752769,Restaurant,Bar
7 West Lounge Bar,4.0,(20),30.717143,76.752989,Restaurant,Bar
Bottoms Up,4.0,(83),30.713097,76.751858,Restaurant,Bar
Drunker's heaven,4.4,(14),30.707475,76.757704,Restaurant,Bar
Shots,4.5,(19),30.713209,76.751783,Restaurant,Bar
Wild West Pub and Bar,4.1,(331),30.724778,76.765238,Restaurant,Bar
City Buzz Reloaded | Late Night Restaurant | Late Night Bar | Best Restaurant,3.9,(104),30.717009,76.752769,Restaurant,Bar
The Back Room,4.2,(300),30.721547,76.771312,Restaurant,Bar
7 West Lounge Bar,4.0,(20),30.717143,76.752989,Restaurant,Bar
Peddlers,4.1,"(2,094)",30.720885,76.758999,Restaurant,Bar
Wild West Pub and Bar,4.1,(331),30.724778,76.765238,Restaurant,Bar
35 Brewhouse,4.3,(72),30.726969,76.766958,Restaurant,Bar
Wine and beer shop,4.3,(40),30.726112,76.751283,Restaurant,Bar
Buzzczar,4.2,(191),30.725097,76.765771,Restaurant,Bar
Ravi,4.0,(1),30.733079,76.762756,Restaurant,Bar
Raju juse,N/A,N/A,30.742323,76.758953,Restaurant,Bar
Canteen 24/7 Snack bar,5.0,(1),30.734503,76.768475,Restaurant,Bar
Chai Sutta Bar,4.1,(68),30.735812,76.768866,Restaurant,Bar
CHD Juice Bar 37,4.4,(9),30.736184,76.75011,Restaurant,Bar
Bonkers - Juices & Shakes,4.9,(8),30.734404,76.753179,Restaurant,Bar
juice corner,3.9,(7),30.687761,76.760357,Restaurant,Bar
Feeling Hungry,3.7,(97),30.68661,76.759526,Restaurant,Bar
Sufi beats,5.0,(3),30.690779,76.766924,Restaurant,Bar
Car Wash,4.1,(133),30.683698,76.76056,Restaurant,Bar
Blue Nite Beer Bar & Restaurant,4.1,(591),30.695946,76.768323,Restaurant,Bar
Drunker's heaven,4.4,(14),30.707475,76.757704,Restaurant,Bar
Liquor wine and beer shop,4.5,(17),30.705114,76.762507,Restaurant,Bar
Beer Shop,3.9,(28),30.70652,76.757594,Restaurant,Bar
Don,4.7,(3),30.70668,76.757642,Restaurant,Bar
Liquor wine and beer shop,4.5,(17),30.705114,76.762507,Restaurant,Bar
Drunker's heaven,4.4,(14),30.707475,76.757704,Restaurant,Bar
Blue Nite Beer Bar & Restaurant,4.1,(591),30.695946,76.768323,Restaurant,Bar
Chai Kulcha Bar,4.1,(297),30.710853,76.772765,Restaurant,Bar
Don,4.7,(3),30.70668,76.757642,Restaurant,Bar
City Buzz Reloaded | Late Night Restaurant | Late Night Bar | Best Restaurant,3.9,(104),30.717009,76.752769,Restaurant,Bar
7 West Lounge Bar,4.0,(20),30.717143,76.752989,Restaurant,Bar
Bottoms Up,4.0,(83),30.713097,76.751858,Restaurant,Bar
Drunker's heaven,4.4,(14),30.707475,76.757704,Restaurant,Bar
Shots,4.5,(19),30.713209,76.751783,Restaurant,Bar
Wild West Pub and Bar,4.1,(331),30.724778,76.765238,Restaurant,Bar
City Buzz Reloaded | Late Night Restaurant | Late Night Bar | Best Restaurant,3.9,(104),30.717009,76.752769,Restaurant,Bar
The Back Room,4.2,(300),30.721547,76.771312,Restaurant,Bar
7 West Lounge Bar,4.0,(20),30.717143,76.752989,Restaurant,Bar
Peddlers,4.1,"(2,094)",30.720885,76.758999,Restaurant,Bar
Wild West Pub and Bar,4.1,(331),30.724778,76.765238,Restaurant,Bar
35 Brewhouse,4.3,(72),30.726969,76.766958,Restaurant,Bar
"Malt & Co, Restaurant and Microbrewery",4.1,(423),30.732078,76.777374,Restaurant,Bar
Wine and beer shop,4.3,(40),30.726112,76.751283,Restaurant,Bar
Buzzczar,4.2,(191),30.725097,76.765771,Restaurant,Bar
Raju juse,N/A,N/A,30.742323,76.758953,Restaurant,Bar
Bittu's Snacks & Foods,4.3,(3),30.737733,76.775444,Restaurant,Bar
Jugnu Snacks,4.4,(12),30.737407,76.775459,Restaurant,Bar
Canteen 24/7 Snack bar,5.0,(1),30.734503,76.768475,Restaurant,Bar
Chai Sutta Bar,4.1,(68),30.735812,76.768866,Restaurant,Bar
