Burger King,4.6,(150),30.678315,76.724094,Restaurant,Fast Food
"Burgrill, Sector 67 Mohali",4.2,(135),30.675855,76.73977,Restaurant,Fast Food
Scoobyard - Best fast Food Restaurant in Chandigarh,3.3,(4),30.694726,76.76969,Restaurant,Fast Food
Hungry Point,4.0,(4),30.680319,76.724763,Restaurant,Fast Food
"Sodhis Zaika, Best Fast Food, Street Food in Chandigarh",4.1,(721),30.700667,76.765781,Restaurant,Fast Food
Arora's Foods & Snacks,3.5,(155),30.697442,76.755351,Restaurant,Fast Food
Food Paradise,4.5,(8),30.697455,76.755338,Restaurant,Fast Food
Fast food restaurant,N/A,N/A,30.694403,76.737912,Restaurant,Fast Food
Hunger pangs,5.0,(1),30.693943,76.756802,Restaurant,Fast Food
Laajawab,3.5,(98),30.697514,76.755337,Restaurant,Fast Food
Burger King,4.5,"(1,560)",30.709629,76.721275,Restaurant,Fast Food
Burgrill,4.2,(481),30.710211,76.721808,Restaurant,Fast Food
Burger Point 3B2,3.8,(769),30.712196,76.71926,Restaurant,Fast Food
Scoobyard - Best fast Food Restaurant in Chandigarh,3.3,(4),30.694726,76.76969,Restaurant,Fast Food
New Charlie's Food,3.9,(429),30.703924,76.710175,Restaurant,Fast Food
Burger Point,3.8,(79),30.716223,76.744681,Restaurant,Fast Food
Nikhil 2 Food Point,5.0,(1),30.713795,76.739371,Restaurant,Fast Food
Town's King Fast Food,3.3,(76),30.714416,76.751756,Restaurant,Fast Food
Parminder Fast Food,N/A,N/A,30.716658,76.745955,Restaurant,Fast Food
Parmjeet Fast Food,N/A,N/A,30.716595,76.745965,Restaurant,Fast Food
Rakesh Fast Food,N/A,N/A,30.726021,76.755482,Restaurant,Fast Food
Parminder Fast Food,N/A,N/A,30.716658,76.745955,Restaurant,Fast Food
Parmjeet Fast Food,N/A,N/A,30.716595,76.745965,Restaurant,Fast Food
Varinder Singh,N/A,N/A,N/A,N/A,Restaurant,Fast Food
mohd kasim fast food,N/A,N/A,30.716794,76.745866,Restaurant,Fast Food
Roll xpress,4.1,(926),30.734153,76.753341,Restaurant,Fast Food
The Burger Company,4.6,(49),30.734111,76.753168,Restaurant,Fast Food
Rai Fast Food service,N/A,N/A,30.732194,76.7397,Restaurant,Fast Food
Hash Guys,4.0,(338),30.73372,76.753289,Restaurant,Fast Food
Teng Fast Food Corner,4.6,(8),30.734964,76.748732,Restaurant,Fast Food
Tamang Fast Food,4.2,(32),30.730367,76.766052,Restaurant,Fast Food
Roll xpress,4.1,(926),30.734153,76.753341,Restaurant,Fast Food
Eating house 23,4.0,(168),30.737893,76.766313,Restaurant,Fast Food
The Burger Company,4.6,(49),30.734111,76.753168,Restaurant,Fast Food
Bhagat Snacks & Food,4.2,(342),30.738593,76.732261,Restaurant,Fast Food
Burger King,4.6,(150),30.678315,76.724094,Restaurant,Fast Food
"Burgrill, Sector 67 Mohali",4.2,(135),30.675855,76.73977,Restaurant,Fast Food
Scoobyard - Best fast Food Restaurant in Chandigarh,3.3,(4),30.694726,76.76969,Restaurant,Fast Food
Hungry Point,4.0,(4),30.680319,76.724763,Restaurant,Fast Food
"Sodhis Zaika, Best Fast Food, Street Food in Chandigarh",4.1,(721),30.700667,76.765781,Restaurant,Fast Food
Scoobyard - Best fast Food Restaurant in Chandigarh,3.3,(4),30.694726,76.76969,Restaurant,Fast Food
"Sodhis Zaika, Best Fast Food, Street Food in Chandigarh",4.1,(721),30.700667,76.765781,Restaurant,Fast Food
Burger King,4.5,"(1,560)",30.709629,76.721275,Restaurant,Fast Food
Lucky Fast Food,4.1,(8),30.705459,76.758962,Restaurant,Fast Food
Bahadur Fast food,4.2,(5),30.705967,76.757507,Restaurant,Fast Food
Burger King,4.5,"(1,560)",30.709629,76.721275,Restaurant,Fast Food
Burgrill,4.2,(481),30.710211,76.721808,Restaurant,Fast Food
Burger Point 3B2,3.8,(769),30.712196,76.71926,Restaurant,Fast Food
Scoobyard - Best fast Food Restaurant in Chandigarh,3.3,(4),30.694726,76.76969,Restaurant,Fast Food
"Sodhis Zaika, Best Fast Food, Street Food in Chandigarh",4.1,(721),30.700667,76.765781,Restaurant,Fast Food
Burger Point,3.8,(79),30.716223,76.744681,Restaurant,Fast Food
IMRAN FAST FOOD,2.0,(3),30.708241,76.762589,Restaurant,Fast Food
Town's King Fast Food,3.3,(76),30.714416,76.751756,Restaurant,Fast Food
M. Five Foods,4.2,(20),30.709374,76.761339,Restaurant,Fast Food
Parminder Fast Food,N/A,N/A,30.716658,76.745955,Restaurant,Fast Food
Burger King,4.3,"(4,318)",30.721188,76.759522,Restaurant,Fast Food
McDonald's,4.3,"(7,305)",30.721192,76.759461,Restaurant,Fast Food
Burger Singh Sec 35 CHD,3.7,(188),30.720768,76.758799,Restaurant,Fast Food
ARVIND BOMBAY FAST FOOD,4.3,(17),30.725556,76.758858,Restaurant,Fast Food
BENGALI FOOD,3.8,(82),30.724616,76.760018,Restaurant,Fast Food
ARVIND BOMBAY FAST FOOD,4.3,(17),30.725556,76.758858,Restaurant,Fast Food
Roll xpress,4.1,(926),30.734153,76.753341,Restaurant,Fast Food
The Burger Company,4.6,(49),30.734111,76.753168,Restaurant,Fast Food
Teng Fast Food Corner,4.6,(8),30.734964,76.748732,Restaurant,Fast Food
GOPAL FAST FOOD,4.3,(4),30.729331,76.758147,Restaurant,Fast Food
McDonald's,4.3,"(5,390)",30.730128,76.773573,Restaurant,Fast Food
Tamang Fast Food,4.2,(32),30.730367,76.766052,Restaurant,Fast Food
Roll xpress,4.1,(926),30.734153,76.753341,Restaurant,Fast Food
Eating house 23,4.0,(168),30.737893,76.766313,Restaurant,Fast Food
The Burger Company,4.6,(49),30.734111,76.753168,Restaurant,Fast Food
Burger King,4.6,(150),30.678315,76.724094,Restaurant,Fast Food
McDonald's,3.6,(261),30.67963,76.721832,Restaurant,Fast Food
Scoobyard - Best fast Food Restaurant in Chandigarh,3.3,(4),30.694726,76.76969,Restaurant,Fast Food
Hungry Point,4.0,(4),30.680319,76.724763,Restaurant,Fast Food
"Sodhis Zaika, Best Fast Food, Street Food in Chandigarh",4.1,(721),30.700667,76.765781,Restaurant,Fast Food
Scoobyard - Best fast Food Restaurant in Chandigarh,3.3,(4),30.694726,76.76969,Restaurant,Fast Food
"Sodhis Zaika, Best Fast Food, Street Food in Chandigarh",4.1,(721),30.700667,76.765781,Restaurant,Fast Food
Fast Food,3.0,(1),30.69745,76.767087,Restaurant,Fast Food
Burger GPT,4.0,(228),30.700373,76.765974,Restaurant,Fast Food
"SUBWAY, SCO 88",3.9,(342),30.70077,76.764785,Restaurant,Fast Food
Burger King,4.5,"(1,560)",30.709629,76.721275,Restaurant,Fast Food
Burgrill,4.2,(481),30.710211,76.721808,Restaurant,Fast Food
Burger Point 3B2,3.8,(769),30.712196,76.71926,Restaurant,Fast Food
Scoobyard - Best fast Food Restaurant in Chandigarh,3.3,(4),30.694726,76.76969,Restaurant,Fast Food
"Sodhis Zaika, Best Fast Food, Street Food in Chandigarh",4.1,(721),30.700667,76.765781,Restaurant,Fast Food
Burger King,4.5,"(1,560)",30.709629,76.721275,Restaurant,Fast Food
Krishna Food,4.0,(609),30.721989,76.768867,Restaurant,Fast Food
Toshib Fast Food,4.0,"(2,229)",30.718093,76.766426,Restaurant,Fast Food
Burgrill,4.2,(481),30.710211,76.721808,Restaurant,Fast Food
Chaps-In Fast Food,4.2,(824),30.718065,76.766428,Restaurant,Fast Food
McDonald's,4.3,"(5,390)",30.730128,76.773573,Restaurant,Fast Food
Burger King,4.3,"(4,318)",30.721188,76.759522,Restaurant,Fast Food
Krishna Food,4.0,(609),30.721989,76.768867,Restaurant,Fast Food
Toshib Fast Food,4.0,"(2,229)",30.718093,76.766426,Restaurant,Fast Food
Burgrill,4.2,(481),30.710211,76.721808,Restaurant,Fast Food
Tamang Fast Food,4.2,(32),30.730367,76.766052,Restaurant,Fast Food
ARVIND BOMBAY FAST FOOD,4.3,(17),30.725556,76.758858,Restaurant,Fast Food
Roll xpress,4.1,(926),30.734153,76.753341,Restaurant,Fast Food
The Burger Company,4.6,(49),30.734111,76.753168,Restaurant,Fast Food
Hash Guys,4.0,(338),30.73372,76.753289,Restaurant,Fast Food
McDonald's,4.3,"(5,390)",30.730128,76.773573,Restaurant,Fast Food
Tummy Yummy Fast Food,3.1,(190),30.73979,76.780996,Restaurant,Fast Food
Tamang Fast Food,4.2,(32),30.730367,76.766052,Restaurant,Fast Food
Roll xpress,4.1,(926),30.734153,76.753341,Restaurant,Fast Food
Neelam Fast Food,3.6,(26),30.739742,76.781022,Restaurant,Fast Food
Best Fast Food In Chandigarh - Saanjha Chulha,3.1,(35),30.691908,76.760271,Restaurant,Fast Food
Shivani Sweet,5.0,(3),30.683108,76.76366,Restaurant,Fast Food
Feeling Hungry,3.7,(97),30.68661,76.759526,Restaurant,Fast Food
Fast Food Kiosks (Idle),4.0,(1),30.688726,76.757807,Restaurant,Fast Food
Scoobyard - Best fast Food Restaurant in Chandigarh,3.3,(4),30.694726,76.76969,Restaurant,Fast Food
"Sodhis Zaika, Best Fast Food, Street Food in Chandigarh",4.1,(721),30.700667,76.765781,Restaurant,Fast Food
Fast Food,3.0,(1),30.69745,76.767087,Restaurant,Fast Food
Burger GPT,4.0,(228),30.700373,76.765974,Restaurant,Fast Food
"SUBWAY, SCO 88",3.9,(342),30.70077,76.764785,Restaurant,Fast Food
Scoobyard - Best fast Food Restaurant in Chandigarh,3.3,(4),30.694726,76.76969,Restaurant,Fast Food
"Sodhis Zaika, Best Fast Food, Street Food in Chandigarh",4.1,(721),30.700667,76.765781,Restaurant,Fast Food
Lucky Fast Food,4.1,(8),30.705459,76.758962,Restaurant,Fast Food
Burger Hub,4.2,(971),30.709571,76.773864,Restaurant,Fast Food
Toshib Fast Food,4.0,"(2,229)",30.718093,76.766426,Restaurant,Fast Food
Toshib Fast Food,4.0,"(2,229)",30.718093,76.766426,Restaurant,Fast Food
Chaps-In Fast Food,4.2,(824),30.718065,76.766428,Restaurant,Fast Food
Chick blast,4.1,(78),30.709531,76.773558,Restaurant,Fast Food
BITS&BITES,4.3,(222),30.718146,76.765843,Restaurant,Fast Food
Tasty Food Corner,4.2,(5),30.709198,76.772914,Restaurant,Fast Food
McDonald's,4.3,"(5,390)",30.730128,76.773573,Restaurant,Fast Food
Burger King,4.3,"(4,318)",30.721188,76.759522,Restaurant,Fast Food
Krishna Food,4.0,(609),30.721989,76.768867,Restaurant,Fast Food
Toshib Fast Food,4.0,"(2,229)",30.718093,76.766426,Restaurant,Fast Food
Chaps-In Fast Food,4.2,(824),30.718065,76.766428,Restaurant,Fast Food
McDonald's,4.3,"(5,390)",30.730128,76.773573,Restaurant,Fast Food
Tamang Fast Food,4.2,(32),30.730367,76.766052,Restaurant,Fast Food
ARVIND BOMBAY FAST FOOD,4.3,(17),30.725556,76.758858,Restaurant,Fast Food
GOPAL FAST FOOD,4.3,(4),30.729331,76.758147,Restaurant,Fast Food
Mansa Fast Food Corner,5.0,(3),30.730378,76.765975,Restaurant,Fast Food
Eating house 23,4.0,(168),30.737893,76.766313,Restaurant,Fast Food
Doaba Sweets And Fast Food,4.1,"(1,806)",30.735701,76.768664,Restaurant,Fast Food
Garg Chaat,4.1,"(8,380)",30.737686,76.766475,Restaurant,Fast Food
The Fusion Kitchen,4.8,(32),30.74115,76.758154,Restaurant,Fast Food
Fast Food Ponit,N/A,N/A,30.735048,76.768772,Restaurant,Fast Food
