Mohali Rocks Restaurant & Party Hall,5.0,(184),30.682598,76.743445,Restaurant,Fine Dining
BBQ TONIGHT,5.0,(1),30.688325,76.7377,Restaurant,Fine Dining
The Chef Dude,4.3,(8),N/A,N/A,Restaurant,Fine Dining
Sagar Ratna,3.8,(916),30.687529,76.737859,Restaurant,Fine Dining
Kake Di Hatti Mohali,4.5,(386),30.685511,76.739446,Restaurant,Fine Dining
Ocean View Restaurant- A Venture of J.P. Hospitality and Services,4.5,(295),30.701787,76.727769,Restaurant,Fine Dining
Royalty a Family Restaurant veg. & non veg,4.4,(31),30.694868,76.73289,Restaurant,Fine Dining
BBQ TONIGHT,5.0,(1),30.688325,76.7377,Restaurant,Fine Dining
Miyaon Restaurant,3.2,(544),30.686175,76.727219,Restaurant,Fine Dining
The Chef Dude,4.3,(8),N/A,N/A,Restaurant,Fine Dining
Raj trader,4.0,(391),30.707638,76.755443,Restaurant,Fine Dining
PunChin,4.5,(364),30.719526,76.729693,Restaurant,Fine Dining
7 West world Cuisine,2.3,(3),30.721641,76.75024,Restaurant,Fine Dining
Spice Route Restaurant Mohali,3.9,(17),30.7291,76.721496,Restaurant,Fine Dining
Darbar Restaurant,4.4,(260),30.69249,76.711637,Restaurant,Fine Dining
theCafe@JW,4.4,(157),30.726723,76.766505,Restaurant,Fine Dining
PunChin,4.5,(364),30.719526,76.729693,Restaurant,Fine Dining
7 West world Cuisine,2.3,(3),30.721641,76.75024,Restaurant,Fine Dining
Spice Route Restaurant Mohali,3.9,(17),30.7291,76.721496,Restaurant,Fine Dining
TheChef43,3.5,(825),30.717202,76.744036,Restaurant,Fine Dining
Oven Roast & Grill,4.5,(673),30.720549,76.758557,Restaurant,Fine Dining
PunChin,4.5,(364),30.719526,76.729693,Restaurant,Fine Dining
7 West world Cuisine,2.3,(3),30.721641,76.75024,Restaurant,Fine Dining
theCafe@JW,4.4,(157),30.726723,76.766505,Restaurant,Fine Dining
Pashtun Restaurant,4.1,"(2,055)",30.724594,76.764952,Restaurant,Fine Dining
XO,4.3,(52),30.727209,76.767707,Restaurant,Fine Dining
Zaika 41,4.1,(363),30.734134,76.736884,Restaurant,Fine Dining
Temptation,4.3,(7),30.728649,76.758292,Restaurant,Fine Dining
Tale of spice,5.0,(7),30.744755,76.741588,Restaurant,Fine Dining
Mikanos cafe,4.0,(100),30.746075,76.743373,Restaurant,Fine Dining
Kumar Rasoi,3.9,"(2,468)",30.73837,76.748646,Restaurant,Fine Dining
Chhatwal's Haveli,4.1,(828),30.680004,76.745575,Restaurant,Fine Dining
Chhatwals Fish Corner Bar And Restaurant,3.9,(796),30.679329,76.746924,Restaurant,Fine Dining
BBQ TONIGHT,5.0,(1),30.688325,76.7377,Restaurant,Fine Dining
Blue Nite Beer Bar & Restaurant,4.1,(591),30.695946,76.768323,Restaurant,Fine Dining
The Chef Dude,4.3,(8),N/A,N/A,Restaurant,Fine Dining
Nizam Dhaba halal restaurant,4.2,"(1,476)",30.704917,76.758005,Restaurant,Fine Dining
Raj trader,4.0,(391),30.707638,76.755443,Restaurant,Fine Dining
PunChin,4.5,(364),30.719526,76.729693,Restaurant,Fine Dining
7 West world Cuisine,2.3,(3),30.721641,76.75024,Restaurant,Fine Dining
Chef Kapoor's,4.3,(103),30.718287,76.766362,Restaurant,Fine Dining
TheChef43,3.5,(825),30.717202,76.744036,Restaurant,Fine Dining
Spice Route Restaurant Mohali,3.9,(17),30.7291,76.721496,Restaurant,Fine Dining
PunChin,4.5,(364),30.719526,76.729693,Restaurant,Fine Dining
7 West world Cuisine,2.3,(3),30.721641,76.75024,Restaurant,Fine Dining
Pashtun Restaurant,4.1,"(2,055)",30.724594,76.764952,Restaurant,Fine Dining
theCafe@JW,4.4,(157),30.726723,76.766505,Restaurant,Fine Dining
Chef Kapoor's,4.3,(103),30.718287,76.766362,Restaurant,Fine Dining
7 West world Cuisine,2.3,(3),30.721641,76.75024,Restaurant,Fine Dining
theCafe@JW,4.4,(157),30.726723,76.766505,Restaurant,Fine Dining
Pashtun Restaurant,4.1,"(2,055)",30.724594,76.764952,Restaurant,Fine Dining
Orchid Lounge,4.3,(661),30.719437,76.768183,Restaurant,Fine Dining
XO,4.3,(52),30.727209,76.767707,Restaurant,Fine Dining
Kumar Rasoi,3.9,"(2,468)",30.73837,76.748646,Restaurant,Fine Dining
Slice of Chandigarh,4.8,(521),30.733909,76.753357,Restaurant,Fine Dining
Delhi chutney and co.,4.8,(4),30.734136,76.753332,Restaurant,Fine Dining
Castle Grill,4.3,"(2,141)",30.738196,76.748966,Restaurant,Fine Dining
SOYA HUB ( Pure - Veg ),3.9,(630),30.739668,76.748573,Restaurant,Fine Dining
Chhatwal's Haveli,4.1,(828),30.680004,76.745575,Restaurant,Fine Dining
Chhatwals Fish Corner Bar And Restaurant,3.9,(796),30.679329,76.746924,Restaurant,Fine Dining
Blue Nite Beer Bar & Restaurant,4.1,(591),30.695946,76.768323,Restaurant,Fine Dining
The Chef Dude,4.3,(8),N/A,N/A,Restaurant,Fine Dining
Karthik South Indian Restaurant,4.2,"(10,183)",30.69736,76.767125,Restaurant,Fine Dining
Blue Nite Beer Bar & Restaurant,4.1,(591),30.695946,76.768323,Restaurant,Fine Dining
Karthik South Indian Restaurant,4.2,"(10,183)",30.69736,76.767125,Restaurant,Fine Dining
Best Eating Point,4.1,(547),30.699557,76.766303,Restaurant,Fine Dining
Swarn Dhaba,4.0,(685),30.701131,76.764616,Restaurant,Fine Dining
"SUBWAY, SCO 88",3.9,(342),30.70077,76.764785,Restaurant,Fine Dining
Best Eating Point,4.1,(547),30.699557,76.766303,Restaurant,Fine Dining
Nizam Dhaba halal restaurant,4.2,"(1,476)",30.704917,76.758005,Restaurant,Fine Dining
Swarn Dhaba,4.0,(685),30.701131,76.764616,Restaurant,Fine Dining
Chandigarh nation,4.6,(18),30.705955,76.758718,Restaurant,Fine Dining
"SUBWAY, SCO 88",3.9,(342),30.70077,76.764785,Restaurant,Fine Dining
PunChin,4.5,(364),30.719526,76.729693,Restaurant,Fine Dining
Chef Kapoor's,4.3,(103),30.718287,76.766362,Restaurant,Fine Dining
Orchid Lounge,4.3,(661),30.719437,76.768183,Restaurant,Fine Dining
7 West world Cuisine,2.3,(3),30.721641,76.75024,Restaurant,Fine Dining
TheChef43,3.5,(825),30.717202,76.744036,Restaurant,Fine Dining
7 West world Cuisine,2.3,(3),30.721641,76.75024,Restaurant,Fine Dining
theCafe@JW,4.4,(157),30.726723,76.766505,Restaurant,Fine Dining
PunChin,4.5,(364),30.719526,76.729693,Restaurant,Fine Dining
Pashtun Restaurant,4.1,"(2,055)",30.724594,76.764952,Restaurant,Fine Dining
Chef Kapoor's,4.3,(103),30.718287,76.766362,Restaurant,Fine Dining
theCafe@JW,4.4,(157),30.726723,76.766505,Restaurant,Fine Dining
Pashtun Restaurant,4.1,"(2,055)",30.724594,76.764952,Restaurant,Fine Dining
PunChin,4.5,(364),30.719526,76.729693,Restaurant,Fine Dining
XO,4.3,(52),30.727209,76.767707,Restaurant,Fine Dining
Saffron,4.2,(104),30.727412,76.766229,Restaurant,Fine Dining
Cloud 9 ( Rooftop Restaurant),4.4,(781),30.740047,76.776306,Restaurant,Fine Dining
Winnis Kitchen,3.7,(401),30.735852,76.776995,Restaurant,Fine Dining
The Eating House,4.1,(246),30.730026,76.773607,Restaurant,Fine Dining
Grapewine,3.1,(13),30.730156,76.77354,Restaurant,Fine Dining
The Chef,3.8,(68),30.735544,76.778735,Restaurant,Fine Dining
Blue Nite Beer Bar & Restaurant,4.1,(591),30.695946,76.768323,Restaurant,Fine Dining
Karthik South Indian Restaurant,4.2,"(10,183)",30.69736,76.767125,Restaurant,Fine Dining
Ankrish Hospitality (Dine & Delight),3.9,(105),30.697102,76.767275,Restaurant,Fine Dining
Best Eating Point,4.1,(547),30.699557,76.766303,Restaurant,Fine Dining
Swarn Dhaba,4.0,(685),30.701131,76.764616,Restaurant,Fine Dining
The Dining Story - TDS,4.6,(55),30.698527,76.786262,Restaurant,Fine Dining
Blue Nite Beer Bar & Restaurant,4.1,(591),30.695946,76.768323,Restaurant,Fine Dining
Red flavour,4.5,(11),30.708793,76.774016,Restaurant,Fine Dining
SHANGZ Sector 44 Chandigarh,4.3,(67),30.715174,76.751296,Restaurant,Fine Dining
Karthik South Indian Restaurant,4.2,"(10,183)",30.69736,76.767125,Restaurant,Fine Dining
Chef Kapoor's,4.3,(103),30.718287,76.766362,Restaurant,Fine Dining
Orchid Lounge,4.3,(661),30.719437,76.768183,Restaurant,Fine Dining
PunChin,4.5,(364),30.719526,76.729693,Restaurant,Fine Dining
7 West world Cuisine,2.3,(3),30.721641,76.75024,Restaurant,Fine Dining
Piccante,4.5,(293),30.704522,76.800159,Restaurant,Fine Dining
7 West world Cuisine,2.3,(3),30.721641,76.75024,Restaurant,Fine Dining
theCafe@JW,4.4,(157),30.726723,76.766505,Restaurant,Fine Dining
Pashtun Restaurant,4.1,"(2,055)",30.724594,76.764952,Restaurant,Fine Dining
Chef Kapoor's,4.3,(103),30.718287,76.766362,Restaurant,Fine Dining
Orchid Lounge,4.3,(661),30.719437,76.768183,Restaurant,Fine Dining
theCafe@JW,4.4,(157),30.726723,76.766505,Restaurant,Fine Dining
Winnis Kitchen,3.7,(401),30.735852,76.776995,Restaurant,Fine Dining
Pashtun Restaurant,4.1,"(2,055)",30.724594,76.764952,Restaurant,Fine Dining
XO,4.3,(52),30.727209,76.767707,Restaurant,Fine Dining
Cloud 9 ( Rooftop Restaurant),4.4,(781),30.740047,76.776306,Restaurant,Fine Dining
Corby's Restaurant,4.5,(98),30.744631,76.783524,Restaurant,Fine Dining
Cloud 9 ( Rooftop Restaurant),4.4,(781),30.740047,76.776306,Restaurant,Fine Dining
Ghazal Restaurant,4.1,"(2,068)",30.738967,76.784953,Restaurant,Fine Dining
Black Lotus,4.2,(154),30.745489,76.785387,Restaurant,Fine Dining
Winnis Kitchen,3.7,(401),30.735852,76.776995,Restaurant,Fine Dining
