Chinu Punjabi Dhaba,4.0,(8),30.679384,76.746908,Restaurant,Food Truck
Food69,4.9,(26),30.715107,76.742633,Restaurant,Food Truck
Pav Bhaji Expresss,3.2,(36),30.718461,76.766096,Restaurant,Food Truck
Food69,4.9,(26),30.715107,76.742633,Restaurant,Food Truck
Pav Bhaji Expresss,3.2,(36),30.718461,76.766096,Restaurant,Food Truck
Green Dot Expeditions,4.9,(63),30.729904,76.766987,Restaurant,Food Truck
Green Dot Expeditions,4.9,(63),30.729904,76.766987,Restaurant,Food Truck
Chinu Punjabi Dhaba,4.0,(8),30.679384,76.746908,Restaurant,Food Truck
Food69,4.9,(26),30.715107,76.742633,Restaurant,Food Truck
Pav Bhaji Expresss,3.2,(36),30.718461,76.766096,Restaurant,Food Truck
KV Food Theka,4.1,(7),30.741218,76.769342,Restaurant,Food Truck
Green Dot Expeditions,4.9,(63),30.729904,76.766987,Restaurant,Food Truck
Chinu Punjabi Dhaba,4.0,(8),30.679384,76.746908,Restaurant,Food Truck
Food69,4.9,(26),30.715107,76.742633,Restaurant,Food Truck
Food69,4.9,(26),30.715107,76.742633,Restaurant,Food Truck
Pav Bhaji Expresss,3.2,(36),30.718461,76.766096,Restaurant,Food Truck
Pav Bhaji Expresss,3.2,(36),30.718461,76.766096,Restaurant,Food Truck
Green Dot Expeditions,4.9,(63),30.729904,76.766987,Restaurant,Food Truck
Food Van Manufacturer,4.8,(6),30.733795,76.779761,Restaurant,Food Truck
KV Food Theka,4.1,(7),30.741218,76.769342,Restaurant,Food Truck
Green Dot Expeditions,4.9,(63),30.729904,76.766987,Restaurant,Food Truck
Chinu Punjabi Dhaba,4.0,(8),30.679384,76.746908,Restaurant,Food Truck
Pav Bhaji Expresss,3.2,(36),30.718461,76.766096,Restaurant,Food Truck
Food Van Manufacturer,4.8,(6),30.733795,76.779761,Restaurant,Food Truck
Pav Bhaji Expresss,3.2,(36),30.718461,76.766096,Restaurant,Food Truck
Green Dot Expeditions,4.9,(63),30.729904,76.766987,Restaurant,Food Truck
Food Van Manufacturer,4.8,(6),30.733795,76.779761,Restaurant,Food Truck
KV Food Theka,4.1,(7),30.741218,76.769342,Restaurant,Food Truck
Green Dot Expeditions,4.9,(63),30.729904,76.766987,Restaurant,Food Truck
Food Van Manufacturer,4.8,(6),30.733795,76.779761,Restaurant,Food Truck
KV Food Theka,4.1,(7),30.741218,76.769342,Restaurant,Food Truck
Green Dot Expeditions,4.9,(63),30.729904,76.766987,Restaurant,Food Truck
