Baskin Robbins,4.2,(243),30.688184,76.737811,Restaurant,Ice Cream Parlor
Giani's ice cream mohali,4.0,(13),30.688264,76.737731,Restaurant,Ice Cream Parlor
Ice Pice,4.3,(58),30.685314,76.740247,Restaurant,Ice Cream Parlor
DREAM WAFFLE POINT,4.4,(18),30.688629,76.737525,Restaurant,Ice Cream Parlor
HF Super Ice Cream Parlour,4.5,(194),30.702169,76.727451,Restaurant,Ice Cream Parlor
Sundae Faulda,N/A,N/A,30.694763,76.740523,Restaurant,Ice Cream Parlor
Sarabjeet singh,5.0,(1),30.700615,76.755462,Restaurant,Ice Cream Parlor
my Business,N/A,N/A,30.693197,76.74028,Restaurant,Ice Cream Parlor
Vita Milk Bar,4.4,(91),30.696768,76.745337,Restaurant,Ice Cream Parlor
Singh Quality Foods Departmental Store,3.7,(3),30.694188,76.756943,Restaurant,Ice Cream Parlor
HF Super Ice Cream Parlour,4.5,(194),30.702169,76.727451,Restaurant,Ice Cream Parlor
Baba Ice Cream Parlour,5.0,(15),30.70293,76.727162,Restaurant,Ice Cream Parlor
Giani Ice cream,4.2,(5),30.702539,76.729281,Restaurant,Ice Cream Parlor
Krafty cones,5.0,(39),30.700518,76.765787,Restaurant,Ice Cream Parlor
Sundae Faulda,N/A,N/A,30.694763,76.740523,Restaurant,Ice Cream Parlor
HF Super Ice Cream Parlour,4.5,(194),30.702169,76.727451,Restaurant,Ice Cream Parlor
Baskin Robbins,4.2,(177),30.720771,76.758858,Restaurant,Ice Cream Parlor
3 not 3 ice cream cafe,4.8,(731),30.721925,76.760588,Restaurant,Ice Cream Parlor
Baba Ice Cream Parlour,5.0,(15),30.70293,76.727162,Restaurant,Ice Cream Parlor
nic ice cream,4.4,(14),30.722785,76.727659,Restaurant,Ice Cream Parlor
Baskin Robbins,4.2,(177),30.720771,76.758858,Restaurant,Ice Cream Parlor
3 not 3 ice cream cafe,4.8,(731),30.721925,76.760588,Restaurant,Ice Cream Parlor
nic ice cream,4.4,(14),30.722785,76.727659,Restaurant,Ice Cream Parlor
Kapoor dairy and ice cream,3.9,(15),30.733097,76.73746,Restaurant,Ice Cream Parlor
Cocoberry,4.3,(14),30.720929,76.759111,Restaurant,Ice Cream Parlor
Kapoor dairy and ice cream,3.9,(15),30.733097,76.73746,Restaurant,Ice Cream Parlor
Glace,5.0,(16),30.733725,76.753249,Restaurant,Ice Cream Parlor
PINTU KUMAR ICE CREAM SHOP,N/A,N/A,30.735172,76.739862,Restaurant,Ice Cream Parlor
Smiling Sugar,5.0,(29),30.726142,76.754737,Restaurant,Ice Cream Parlor
ELEVENSES (A Unit By Chef MG),5.0,(6),30.734946,76.746672,Restaurant,Ice Cream Parlor
Goel Juice & ice cream parlour,3.9,(58),30.743071,76.745597,Restaurant,Ice Cream Parlor
Baskin Robbins,4.4,(52),30.743537,76.744916,Restaurant,Ice Cream Parlor
Giani's Ice Cream,4.7,(44),30.743604,76.745029,Restaurant,Ice Cream Parlor
HF Super Ice Cream Parlour,5.0,(35),30.735808,76.735228,Restaurant,Ice Cream Parlor
Kapoor dairy and ice cream,3.9,(15),30.733097,76.73746,Restaurant,Ice Cream Parlor
Shivani Sweet,5.0,(3),30.683108,76.76366,Restaurant,Ice Cream Parlor
Lovely Dairy,4.0,(75),30.691875,76.744538,Restaurant,Ice Cream Parlor
Make N Bake,5.0,(9),30.683779,76.754851,Restaurant,Ice Cream Parlor
CakesbyShweta,5.0,(28),30.683127,76.751146,Restaurant,Ice Cream Parlor
Battar & Crumbs,N/A,N/A,30.689425,76.760884,Restaurant,Ice Cream Parlor
Sarabjeet singh,5.0,(1),30.700615,76.755462,Restaurant,Ice Cream Parlor
Vita Milk Bar,4.4,(91),30.696768,76.745337,Restaurant,Ice Cream Parlor
Singh Quality Foods Departmental Store,3.7,(3),30.694188,76.756943,Restaurant,Ice Cream Parlor
Lovely Dairy,4.0,(75),30.691875,76.744538,Restaurant,Ice Cream Parlor
Flavorish bakers by Ms.Chanmeet kaur,N/A,N/A,30.693082,76.756669,Restaurant,Ice Cream Parlor
Lotus Ice Cream,3.9,(14),30.709228,76.772929,Restaurant,Ice Cream Parlor
Baskin Robbins Sector 32 Chandigarh,3.6,(12),30.710724,76.772725,Restaurant,Ice Cream Parlor
Krafty cones,5.0,(39),30.700518,76.765787,Restaurant,Ice Cream Parlor
Sundae Faulda,N/A,N/A,30.694763,76.740523,Restaurant,Ice Cream Parlor
Gulshan Ice-cream Corner,4.7,(10),30.697256,76.767406,Restaurant,Ice Cream Parlor
Baskin Robbins,4.2,(177),30.720771,76.758858,Restaurant,Ice Cream Parlor
3 not 3 ice cream cafe,4.8,(731),30.721925,76.760588,Restaurant,Ice Cream Parlor
Lotus Ice Cream,3.9,(14),30.709228,76.772929,Restaurant,Ice Cream Parlor
Baskin Robbins Sector 32 Chandigarh,3.6,(12),30.710724,76.772725,Restaurant,Ice Cream Parlor
Cocoberry,4.3,(14),30.720929,76.759111,Restaurant,Ice Cream Parlor
Baskin Robbins,4.2,(177),30.720771,76.758858,Restaurant,Ice Cream Parlor
3 not 3 ice cream cafe,4.8,(731),30.721925,76.760588,Restaurant,Ice Cream Parlor
Cocoberry,4.3,(14),30.720929,76.759111,Restaurant,Ice Cream Parlor
Kapoor Ice cream,4.4,(287),30.719916,76.782736,Restaurant,Ice Cream Parlor
HF Super Ice Cream Parlour,4.5,(194),30.702169,76.727451,Restaurant,Ice Cream Parlor
Glace,5.0,(16),30.733725,76.753249,Restaurant,Ice Cream Parlor
Bakers Bite Cafe,4.5,(150),30.726054,76.758585,Restaurant,Ice Cream Parlor
Smiling Sugar,5.0,(29),30.726142,76.754737,Restaurant,Ice Cream Parlor
ELEVENSES (A Unit By Chef MG),5.0,(6),30.734946,76.746672,Restaurant,Ice Cream Parlor
Winni Cakes & More,4.1,(104),30.728958,76.758001,Restaurant,Ice Cream Parlor
Goel Juice & ice cream parlour,3.9,(58),30.743071,76.745597,Restaurant,Ice Cream Parlor
Baskin Robbins,4.4,(52),30.743537,76.744916,Restaurant,Ice Cream Parlor
Giani's Ice Cream,4.7,(44),30.743604,76.745029,Restaurant,Ice Cream Parlor
HF Super Ice Cream Parlour,5.0,(35),30.735808,76.735228,Restaurant,Ice Cream Parlor
Kapoor dairy and ice cream,3.9,(15),30.733097,76.73746,Restaurant,Ice Cream Parlor
Ice Pice,4.3,(58),30.685314,76.740247,Restaurant,Ice Cream Parlor
SHARMA ICE CREAM PARLOUR,5.0,(1),30.679409,76.746074,Restaurant,Ice Cream Parlor
Sundae Faulda,N/A,N/A,30.694763,76.740523,Restaurant,Ice Cream Parlor
Gulshan Ice-cream Corner,4.7,(10),30.697256,76.767406,Restaurant,Ice Cream Parlor
Parkash kariyana store and ice cream,N/A,N/A,30.682074,76.758548,Restaurant,Ice Cream Parlor
Baskin Robbins,4.2,(243),30.688184,76.737811,Restaurant,Ice Cream Parlor
Giani's ice cream mohali,4.0,(13),30.688264,76.737731,Restaurant,Ice Cream Parlor
HF Super Ice Cream Parlour,4.5,(194),30.702169,76.727451,Restaurant,Ice Cream Parlor
Kapoor Ice cream,4.4,(287),30.719916,76.782736,Restaurant,Ice Cream Parlor
Baskin Robbins,4.2,(177),30.720771,76.758858,Restaurant,Ice Cream Parlor
Krafty cones,5.0,(39),30.700518,76.765787,Restaurant,Ice Cream Parlor
Tejal ice-cream,5.0,(1),30.702115,76.764772,Restaurant,Ice Cream Parlor
Sarabjeet singh,5.0,(1),30.700615,76.755462,Restaurant,Ice Cream Parlor
ajeet ji,N/A,N/A,30.707468,76.757568,Restaurant,Ice Cream Parlor
Gulshan Ice-cream Corner,4.2,(57),30.708856,76.755213,Restaurant,Ice Cream Parlor
Gulshan Ice-cream Corner,4.2,(57),30.708856,76.755213,Restaurant,Ice Cream Parlor
Krishna Chaat Shop,4.3,"(1,342)",30.717965,76.766461,Restaurant,Ice Cream Parlor
Verka Milk Booth 34/1,4.3,(557),30.716811,76.762818,Restaurant,Ice Cream Parlor
Polka Pastry Shop,3.3,(91),30.717934,76.766755,Restaurant,Ice Cream Parlor
Classic 44 - The Premium Bakings,4.1,(392),30.718257,76.766198,Restaurant,Ice Cream Parlor
Baskin Robbins,4.2,(177),30.720771,76.758858,Restaurant,Ice Cream Parlor
3 not 3 ice cream cafe,4.8,(731),30.721925,76.760588,Restaurant,Ice Cream Parlor
Kapoor Ice cream,4.4,(287),30.719916,76.782736,Restaurant,Ice Cream Parlor
Cocoberry,4.3,(14),30.720929,76.759111,Restaurant,Ice Cream Parlor
Giani's Ice Cream (Aroma ) Chandigarh,4.1,(23),30.730218,76.773478,Restaurant,Ice Cream Parlor
Glace,5.0,(16),30.733725,76.753249,Restaurant,Ice Cream Parlor
The juice company's deal,3.0,(3),30.733969,76.770136,Restaurant,Ice Cream Parlor
SOFTY CORNER,4.3,(13),30.734264,76.770246,Restaurant,Ice Cream Parlor
Chaurasia Trader,3.6,(16),30.725041,76.765586,Restaurant,Ice Cream Parlor
Doaba Sweets And Fast Food,4.1,"(1,806)",30.735701,76.768664,Restaurant,Ice Cream Parlor
Goel Juice & ice cream parlour,3.9,(58),30.743071,76.745597,Restaurant,Ice Cream Parlor
Giani's Ice Cream (Aroma ) Chandigarh,4.1,(23),30.730218,76.773478,Restaurant,Ice Cream Parlor
Giani's Ice Cream,4.7,(44),30.743604,76.745029,Restaurant,Ice Cream Parlor
Baskin Robbins,4.4,(52),30.743537,76.744916,Restaurant,Ice Cream Parlor
Lotus ice cream,4.4,(11),30.733374,76.771156,Restaurant,Ice Cream Parlor
SHARMA ICE CREAM PARLOUR,5.0,(1),30.679409,76.746074,Restaurant,Ice Cream Parlor
Gulshan Ice-cream Corner,4.7,(10),30.697256,76.767406,Restaurant,Ice Cream Parlor
Parkash kariyana store and ice cream,N/A,N/A,30.682074,76.758548,Restaurant,Ice Cream Parlor
SHIV SHANKAR DAIRY & SWEETS,5.0,(3),30.678434,76.746264,Restaurant,Ice Cream Parlor
Singh Quality Foods Departmental Store,3.7,(3),30.694188,76.756943,Restaurant,Ice Cream Parlor
Baskin Robbins,4.2,(243),30.688184,76.737811,Restaurant,Ice Cream Parlor
Kapoor Ice cream,4.4,(287),30.719916,76.782736,Restaurant,Ice Cream Parlor
Giani's ice cream mohali,4.0,(13),30.688264,76.737731,Restaurant,Ice Cream Parlor
HF Super Ice Cream Parlour,4.5,(194),30.702169,76.727451,Restaurant,Ice Cream Parlor
Baskin Robbins,4.2,(177),30.720771,76.758858,Restaurant,Ice Cream Parlor
Baskin Robbins Sector 32 Chandigarh,3.6,(12),30.710724,76.772725,Restaurant,Ice Cream Parlor
Lotus Ice Cream,3.9,(14),30.709228,76.772929,Restaurant,Ice Cream Parlor
Kapoor Ice cream,4.4,(287),30.719916,76.782736,Restaurant,Ice Cream Parlor
Baskin Robbins,4.2,(177),30.720771,76.758858,Restaurant,Ice Cream Parlor
3 not 3 ice cream cafe,4.8,(731),30.721925,76.760588,Restaurant,Ice Cream Parlor
Baskin Robbins,4.2,(177),30.720771,76.758858,Restaurant,Ice Cream Parlor
Baskin Robbins Sector 32 Chandigarh,3.6,(12),30.710724,76.772725,Restaurant,Ice Cream Parlor
Kapoor Ice cream,4.4,(287),30.719916,76.782736,Restaurant,Ice Cream Parlor
Lotus Ice Cream,3.9,(14),30.709228,76.772929,Restaurant,Ice Cream Parlor
3 not 3 ice cream cafe,4.8,(731),30.721925,76.760588,Restaurant,Ice Cream Parlor
Baskin Robbins,4.2,(177),30.720771,76.758858,Restaurant,Ice Cream Parlor
3 not 3 ice cream cafe,4.8,(731),30.721925,76.760588,Restaurant,Ice Cream Parlor
Kapoor Ice cream,4.4,(287),30.719916,76.782736,Restaurant,Ice Cream Parlor
Giani's Ice Cream (Aroma ) Chandigarh,4.1,(23),30.730218,76.773478,Restaurant,Ice Cream Parlor
Cocoberry,4.3,(14),30.720929,76.759111,Restaurant,Ice Cream Parlor
Softy Corner,4.4,"(1,756)",30.740637,76.781563,Restaurant,Ice Cream Parlor
Kapoor Ice cream,4.4,(287),30.719916,76.782736,Restaurant,Ice Cream Parlor
Baskin Robbins,4.2,(177),30.720771,76.758858,Restaurant,Ice Cream Parlor
3 not 3 ice cream cafe,4.8,(731),30.721925,76.760588,Restaurant,Ice Cream Parlor
capital ice cream,4.0,(46),30.720601,76.782076,Restaurant,Ice Cream Parlor
Softy Corner,4.4,"(1,756)",30.740637,76.781563,Restaurant,Ice Cream Parlor
Giani's Ice Cream (Aroma ) Chandigarh,4.1,(23),30.730218,76.773478,Restaurant,Ice Cream Parlor
Lotus ice cream,4.4,(11),30.733374,76.771156,Restaurant,Ice Cream Parlor
Umeed society Ice Cream Parlour,3.8,(21),30.740209,76.781213,Restaurant,Ice Cream Parlor
HF Super Ice Cream Studio,4.8,(16),30.740504,76.781271,Restaurant,Ice Cream Parlor
