Pizza Hood,4.6,(324),30.687652,76.729717,Restaurant,Pizzeria
Alvin Pizza Cafe,4.2,(116),30.693368,76.733225,Restaurant,Pizzeria
Pizza Hood,4.6,(324),30.687652,76.729717,Restaurant,Pizzeria
Captain Sam's Pizza Phase 7,4.2,(84),30.701929,76.72766,Restaurant,Pizzeria
Dominic's Pizza 46,4.3,(81),30.70051,76.765795,Restaurant,Pizzeria
Pizza Freaker'z,4.1,(137),30.701314,76.76524,Restaurant,Pizzeria
Alvin Pizza Cafe,4.2,(116),30.693368,76.733225,Restaurant,Pizzeria
Pizza Galleria,3.8,(193),30.710961,76.753848,Restaurant,Pizzeria
special pizza,5.0,(24),30.708948,76.751515,Restaurant,Pizzeria
LaPinic,N/A,N/A,30.710944,76.753848,Restaurant,Pizzeria
La Pino'z Pizza Sector-44,4.0,(231),30.715128,76.751166,Restaurant,Pizzeria
Pizza Galleria,3.8,(193),30.710961,76.753848,Restaurant,Pizzeria
Chicago delights pizza- sector 35 chandigarh,3.9,(12),30.724128,76.759951,Restaurant,Pizzeria
Pizza Place,4.7,(512),30.700105,76.71456,Restaurant,Pizzeria
Fratelli's Pizzeria and Trattoria,4.6,(79),30.692023,76.711961,Restaurant,Pizzeria
"Domino's Pizza - Sector 35, Chandigarh",4.2,"(4,834)",30.719774,76.757239,Restaurant,Pizzeria
Chicago delights pizza- sector 35 chandigarh,3.9,(12),30.724128,76.759951,Restaurant,Pizzeria
Pizza Hut,4.4,(342),30.735697,76.735324,Restaurant,Pizzeria
Dominic Pizza 40c,2.7,(70),30.736778,76.735072,Restaurant,Pizzeria
Don Clooney Pizzeria & Cafe,3.7,(3),30.721916,76.766913,Restaurant,Pizzeria
pizza freaker'z,4.7,(36),30.733925,76.753484,Restaurant,Pizzeria
City pizzeria,4.8,(77),30.745211,76.743609,Restaurant,Pizzeria
Pizza Hut,4.4,(342),30.735697,76.735324,Restaurant,Pizzeria
Dominic Pizza 40c,2.7,(70),30.736778,76.735072,Restaurant,Pizzeria
Pizza 10,5.0,(315),30.745784,76.743552,Restaurant,Pizzeria
La Pino'z Pizza Sector-38,4.0,"(1,445)",30.74609,76.743359,Restaurant,Pizzeria
La Pino'z Pizza Sector-32,4.0,(570),30.710502,76.772392,Restaurant,Pizzeria
City Pizzeria,5.0,(12),30.708202,76.774265,Restaurant,Pizzeria
Pizza Galleria,3.8,(193),30.710961,76.753848,Restaurant,Pizzeria
special pizza,5.0,(24),30.708948,76.751515,Restaurant,Pizzeria
Dominic's Pizza 46,4.3,(81),30.70051,76.765795,Restaurant,Pizzeria
La Pino'z Pizza Sector-44,4.0,(231),30.715128,76.751166,Restaurant,Pizzeria
Pizza Galleria,3.8,(193),30.710961,76.753848,Restaurant,Pizzeria
Chicago delights pizza- sector 35 chandigarh,3.9,(12),30.724128,76.759951,Restaurant,Pizzeria
City pizzeria,4.8,(77),30.745211,76.743609,Restaurant,Pizzeria
Fratelli's Pizzeria and Trattoria,4.6,(79),30.692023,76.711961,Restaurant,Pizzeria
La Pino'z Pizza Sector-32,4.0,(570),30.710502,76.772392,Restaurant,Pizzeria
Chicago delights pizza- sector 35 chandigarh,3.9,(12),30.724128,76.759951,Restaurant,Pizzeria
Pizza Galleria,3.8,(193),30.710961,76.753848,Restaurant,Pizzeria
Don Clooney Pizzeria & Cafe,3.7,(3),30.721916,76.766913,Restaurant,Pizzeria
pizza freaker'z,4.7,(36),30.733925,76.753484,Restaurant,Pizzeria
pizza freaker'z,4.7,(36),30.733925,76.753484,Restaurant,Pizzeria
pizza freaker'z,4.7,(36),30.733925,76.753484,Restaurant,Pizzeria
Fun Feast,4.1,(723),30.737211,76.750019,Restaurant,Pizzeria
La Pino'z Pizza Sector-47,3.7,(74),30.693479,76.771271,Restaurant,Pizzeria
Domino's Pizza,4.0,"(1,047)",30.694566,76.770407,Restaurant,Pizzeria
Dominic's Pizza 46,4.3,(81),30.70051,76.765795,Restaurant,Pizzeria
Pizza Freaker'z,4.1,(137),30.701314,76.76524,Restaurant,Pizzeria
La Pino'z Pizza Sector-32,4.0,(570),30.710502,76.772392,Restaurant,Pizzeria
Pizza Galleria,3.8,(193),30.710961,76.753848,Restaurant,Pizzeria
Jamie's Pizzeria,4.1,(109),30.705493,76.801256,Restaurant,Pizzeria
Fratelli's Pizzeria and Trattoria,4.6,(79),30.692023,76.711961,Restaurant,Pizzeria
Dominic's Pizza 46,4.3,(81),30.70051,76.765795,Restaurant,Pizzeria
La Pino'z Pizza Sector-44,4.0,(231),30.715128,76.751166,Restaurant,Pizzeria
Pizza Galleria,3.8,(193),30.710961,76.753848,Restaurant,Pizzeria
Chicago delights pizza- sector 35 chandigarh,3.9,(12),30.724128,76.759951,Restaurant,Pizzeria
City pizzeria,4.8,(77),30.745211,76.743609,Restaurant,Pizzeria
La Pino'z Pizza Sector-32,4.0,(570),30.710502,76.772392,Restaurant,Pizzeria
La Pino'z Pizza Sector-32,4.0,(570),30.710502,76.772392,Restaurant,Pizzeria
Chicago delights pizza- sector 35 chandigarh,3.9,(12),30.724128,76.759951,Restaurant,Pizzeria
Pizza Galleria,3.8,(193),30.710961,76.753848,Restaurant,Pizzeria
Don Clooney Pizzeria & Cafe,3.7,(3),30.721916,76.766913,Restaurant,Pizzeria
Pizza Corner Chandigarh,4.5,(4),30.732646,76.777717,Restaurant,Pizzeria
pizza freaker'z,4.7,(36),30.733925,76.753484,Restaurant,Pizzeria
Pizza Buddy's,4.2,(136),30.730226,76.766093,Restaurant,Pizzeria
Slice of Chandigarh,4.8,(521),30.733909,76.753357,Restaurant,Pizzeria
Cafe Olio,4.2,(495),30.724886,76.765395,Restaurant,Pizzeria
City pizzeria,4.8,(77),30.745211,76.743609,Restaurant,Pizzeria
Pizza 10,5.0,(315),30.745784,76.743552,Restaurant,Pizzeria
La Pino'z Pizza Sector-38,4.0,"(1,445)",30.74609,76.743359,Restaurant,Pizzeria
Pizza Corner Chandigarh,4.5,(4),30.732646,76.777717,Restaurant,Pizzeria
pizza freaker'z,4.7,(36),30.733925,76.753484,Restaurant,Pizzeria
La Pino'z Pizza Sector-47,3.7,(74),30.693479,76.771271,Restaurant,Pizzeria
Domino's Pizza,4.0,"(1,047)",30.694566,76.770407,Restaurant,Pizzeria
Dominic's Pizza 46,4.3,(81),30.70051,76.765795,Restaurant,Pizzeria
La Pino'z Pizza Sector-47,3.7,(74),30.693479,76.771271,Restaurant,Pizzeria
Pizza Freaker'z,4.1,(137),30.701314,76.76524,Restaurant,Pizzeria
Domino's Pizza,4.0,"(1,047)",30.694566,76.770407,Restaurant,Pizzeria
La Pino'z Pizza Sector-32,4.0,(570),30.710502,76.772392,Restaurant,Pizzeria
City Pizzeria,5.0,(12),30.708202,76.774265,Restaurant,Pizzeria
Pizza Galleria,3.8,(193),30.710961,76.753848,Restaurant,Pizzeria
special pizza,5.0,(24),30.708948,76.751515,Restaurant,Pizzeria
Dominic's Pizza 46,4.3,(81),30.70051,76.765795,Restaurant,Pizzeria
La Pino'z Pizza Sector-32,4.0,(570),30.710502,76.772392,Restaurant,Pizzeria
City Pizzeria,5.0,(12),30.708202,76.774265,Restaurant,Pizzeria
Chicago delights pizza- sector 35 chandigarh,3.9,(12),30.724128,76.759951,Restaurant,Pizzeria
La Pino'z Pizza Sector-44,4.0,(231),30.715128,76.751166,Restaurant,Pizzeria
City pizzeria,4.8,(77),30.745211,76.743609,Restaurant,Pizzeria
Jamie's Pizzeria,4.1,(109),30.705493,76.801256,Restaurant,Pizzeria
Pizza Hut,4.9,(272),30.721091,76.759396,Restaurant,Pizzeria
Chicago delights pizza- sector 35 chandigarh,3.9,(12),30.724128,76.759951,Restaurant,Pizzeria
Don Clooney Pizzeria & Cafe,3.7,(3),30.721916,76.766913,Restaurant,Pizzeria
Pizza Corner Chandigarh,4.5,(4),30.732646,76.777717,Restaurant,Pizzeria
La Pino�z Pizza,3.7,(50),30.72361,76.767675,Restaurant,Pizzeria
pizza freaker'z,4.7,(36),30.733925,76.753484,Restaurant,Pizzeria
Pizza Corner Chandigarh,4.5,(4),30.732646,76.777717,Restaurant,Pizzeria
pizza freaker'z,4.7,(36),30.733925,76.753484,Restaurant,Pizzeria
Pizza Buddy's,4.2,(136),30.730226,76.766093,Restaurant,Pizzeria
rocksams pizza's,5.0,(1),N/A,N/A,Restaurant,Pizzeria
Fun Feast,4.1,(723),30.737211,76.750019,Restaurant,Pizzeria
