90ML is the Solution,4.4,(229),30.687582,76.737815,Restaurant,Pub
Beans n Brooks Cafe,4.3,(758),30.684244,76.741892,Restaurant,Pub
Block 20,N/A,N/A,30.693547,76.739082,Restaurant,Pub
Block 20,N/A,N/A,30.693547,76.739082,Restaurant,Pub
Drunker's heaven,4.4,(14),30.707475,76.757704,Restaurant,Pub
Wild West Pub and Bar,4.1,(331),30.724778,76.765238,Restaurant,Pub
Peddlers,4.1,"(2,094)",30.720885,76.758999,Restaurant,Pub
CELLAR,4.2,(861),30.722144,76.760892,Restaurant,Pub
Bottoms Up,4.0,(83),30.713097,76.751858,Restaurant,Pub
City Buzz Reloaded | Late Night Restaurant | Late Night Bar | Best Restaurant,3.9,(104),30.717009,76.752769,Restaurant,Pub
Wild West Pub and Bar,4.1,(331),30.724778,76.765238,Restaurant,Pub
Peddlers,4.1,"(2,094)",30.720885,76.758999,Restaurant,Pub
CELLAR,4.2,(861),30.722144,76.760892,Restaurant,Pub
Bottoms Up,4.0,(83),30.713097,76.751858,Restaurant,Pub
35 Brewhouse,4.3,(72),30.726969,76.766958,Restaurant,Pub
Wild West Pub and Bar,4.1,(331),30.724778,76.765238,Restaurant,Pub
Peddlers,4.1,"(2,094)",30.720885,76.758999,Restaurant,Pub
CELLAR,4.2,(861),30.722144,76.760892,Restaurant,Pub
35 Brewhouse,4.3,(72),30.726969,76.766958,Restaurant,Pub
The Chandigarh bar,5.0,(1),30.740488,76.747071,Restaurant,Pub
The Chandigarh bar,5.0,(1),30.740488,76.747071,Restaurant,Pub
90ML,5.0,(2),30.73185,76.738947,Restaurant,Pub
The Belgian waffle co.,4.3,(533),30.734127,76.753171,Restaurant,Pub
Bonkers - Juices & Shakes,4.9,(8),30.734404,76.753179,Restaurant,Pub
Verka booth,5.0,(4),30.742191,76.751474,Restaurant,Pub
Bottoms Up,4.0,(83),30.713097,76.751858,Restaurant,Pub
Blue Nite Beer Bar & Restaurant,4.1,(591),30.695946,76.768323,Restaurant,Pub
Drunker's heaven,4.4,(14),30.707475,76.757704,Restaurant,Pub
Shots,4.5,(19),30.713209,76.751783,Restaurant,Pub
Liquor store,3.8,(13),30.709103,76.774297,Restaurant,Pub
Wild West Pub and Bar,4.1,(331),30.724778,76.765238,Restaurant,Pub
Peddlers,4.1,"(2,094)",30.720885,76.758999,Restaurant,Pub
CELLAR,4.2,(861),30.722144,76.760892,Restaurant,Pub
Bottoms Up,4.0,(83),30.713097,76.751858,Restaurant,Pub
The Back Room,4.2,(300),30.721547,76.771312,Restaurant,Pub
Wild West Pub and Bar,4.1,(331),30.724778,76.765238,Restaurant,Pub
Peddlers,4.1,"(2,094)",30.720885,76.758999,Restaurant,Pub
CELLAR,4.2,(861),30.722144,76.760892,Restaurant,Pub
City Buzz Reloaded | Late Night Restaurant | Late Night Bar | Best Restaurant,3.9,(104),30.717009,76.752769,Restaurant,Pub
35 Brewhouse,4.3,(72),30.726969,76.766958,Restaurant,Pub
Wild West Pub and Bar,4.1,(331),30.724778,76.765238,Restaurant,Pub
Peddlers,4.1,"(2,094)",30.720885,76.758999,Restaurant,Pub
CELLAR,4.2,(861),30.722144,76.760892,Restaurant,Pub
35 Brewhouse,4.3,(72),30.726969,76.766958,Restaurant,Pub
The Back Room,4.2,(300),30.721547,76.771312,Restaurant,Pub
The Chandigarh bar,5.0,(1),30.740488,76.747071,Restaurant,Pub
The Belgian waffle co.,4.3,(533),30.734127,76.753171,Restaurant,Pub
Bonkers - Juices & Shakes,4.9,(8),30.734404,76.753179,Restaurant,Pub
Liquor store and tavern,4.0,(4),30.740591,76.747681,Restaurant,Pub
Verka booth,5.0,(4),30.742191,76.751474,Restaurant,Pub
Blue Nite Beer Bar & Restaurant,4.1,(591),30.695946,76.768323,Restaurant,Pub
Drunker's heaven,4.4,(14),30.707475,76.757704,Restaurant,Pub
Beer Shop,3.9,(28),30.70652,76.757594,Restaurant,Pub
Don,4.7,(3),30.70668,76.757642,Restaurant,Pub
Yours Collection,1.0,(1),30.705559,76.758526,Restaurant,Pub
Peddlers,4.1,"(2,094)",30.720885,76.758999,Restaurant,Pub
Wild West Pub and Bar,4.1,(331),30.724778,76.765238,Restaurant,Pub
Bottoms Up,4.0,(83),30.713097,76.751858,Restaurant,Pub
City Buzz Reloaded | Late Night Restaurant | Late Night Bar | Best Restaurant,3.9,(104),30.717009,76.752769,Restaurant,Pub
Orchid Lounge,4.3,(661),30.719437,76.768183,Restaurant,Pub
Wild West Pub and Bar,4.1,(331),30.724778,76.765238,Restaurant,Pub
Peddlers,4.1,"(2,094)",30.720885,76.758999,Restaurant,Pub
CELLAR,4.2,(861),30.722144,76.760892,Restaurant,Pub
35 Brewhouse,4.3,(72),30.726969,76.766958,Restaurant,Pub
City Buzz Reloaded | Late Night Restaurant | Late Night Bar | Best Restaurant,3.9,(104),30.717009,76.752769,Restaurant,Pub
Wild West Pub and Bar,4.1,(331),30.724778,76.765238,Restaurant,Pub
35 Brewhouse,4.3,(72),30.726969,76.766958,Restaurant,Pub
Peddlers,4.1,"(2,094)",30.720885,76.758999,Restaurant,Pub
CELLAR,4.2,(861),30.722144,76.760892,Restaurant,Pub
Gymkhana Pub & Bar,4.1,"(1,340)",30.741693,76.780418,Restaurant,Pub
Gymkhana Pub & Bar,4.1,"(1,340)",30.741693,76.780418,Restaurant,Pub
"Malt & Co, Restaurant and Microbrewery",4.1,(423),30.732078,76.777374,Restaurant,Pub
Hoppin resto bar,4.5,(8),30.733991,76.779627,Restaurant,Pub
PALMS Restro Bar,3.0,(2),30.733613,76.778736,Restaurant,Pub
The Chandigarh bar,5.0,(1),30.740488,76.747071,Restaurant,Pub
Blue Nite Beer Bar & Restaurant,4.1,(591),30.695946,76.768323,Restaurant,Pub
Drunker's heaven,4.4,(14),30.707475,76.757704,Restaurant,Pub
Gupta Tea Bar,4.9,(16),30.704624,76.779516,Restaurant,Pub
Uttam Snacks,4.9,(24),30.702167,76.781147,Restaurant,Pub
Yours Collection,1.0,(1),30.705559,76.758526,Restaurant,Pub
Bottoms Up,4.0,(83),30.713097,76.751858,Restaurant,Pub
Blue Nite Beer Bar & Restaurant,4.1,(591),30.695946,76.768323,Restaurant,Pub
Drunker's heaven,4.4,(14),30.707475,76.757704,Restaurant,Pub
Gupta Tea Bar,4.9,(16),30.704624,76.779516,Restaurant,Pub
Shots,4.5,(19),30.713209,76.751783,Restaurant,Pub
Wild West Pub and Bar,4.1,(331),30.724778,76.765238,Restaurant,Pub
Peddlers,4.1,"(2,094)",30.720885,76.758999,Restaurant,Pub
CELLAR,4.2,(861),30.722144,76.760892,Restaurant,Pub
Bottoms Up,4.0,(83),30.713097,76.751858,Restaurant,Pub
The Back Room,4.2,(300),30.721547,76.771312,Restaurant,Pub
Wild West Pub and Bar,4.1,(331),30.724778,76.765238,Restaurant,Pub
Peddlers,4.1,"(2,094)",30.720885,76.758999,Restaurant,Pub
CELLAR,4.2,(861),30.722144,76.760892,Restaurant,Pub
35 Brewhouse,4.3,(72),30.726969,76.766958,Restaurant,Pub
City Buzz Reloaded | Late Night Restaurant | Late Night Bar | Best Restaurant,3.9,(104),30.717009,76.752769,Restaurant,Pub
Wild West Pub and Bar,4.1,(331),30.724778,76.765238,Restaurant,Pub
Peddlers,4.1,"(2,094)",30.720885,76.758999,Restaurant,Pub
Gymkhana Pub & Bar,4.1,"(1,340)",30.741693,76.780418,Restaurant,Pub
CELLAR,4.2,(861),30.722144,76.760892,Restaurant,Pub
35 Brewhouse,4.3,(72),30.726969,76.766958,Restaurant,Pub
Gymkhana Pub & Bar,4.1,"(1,340)",30.741693,76.780418,Restaurant,Pub
"Malt & Co, Restaurant and Microbrewery",4.1,(423),30.732078,76.777374,Restaurant,Pub
Hoppin resto bar,4.5,(8),30.733991,76.779627,Restaurant,Pub
PALMS Restro Bar,3.0,(2),30.733613,76.778736,Restaurant,Pub
City Cabana,4.0,(871),N/A,N/A,Restaurant,Pub
