Ultimate Fitness Gym Phase 11 | Best Gym in Mohali,4.8,"(1,056)",30.683071,76.742813,Fitness & Wellness,Gym
The Pump House Gym,4.8,(173),30.687923,76.737537,Fitness & Wellness,Gym
Easy tone gym,4.8,(56),30.683119,76.74282,Fitness & Wellness,Gym
Focus 2 Fitness Gym,4.7,(226),30.686403,76.738526,Fitness & Wellness,Gym
Elevate Wellness Club,4.5,(243),30.683722,76.74212,Fitness & Wellness,Gym
Open Gym,4.5,(2),30.693363,76.75201,Fitness & Wellness,Gym
kr fitness,5.0,(15),30.695605,76.748982,Fitness & Wellness,Gym
Personal trainer for fitness and gym by Umesh,5.0,(2),30.699375,76.740094,Fitness & Wellness,Gym
HEALTHY KAYA WELNESS CENTER,3.0,(2),30.69296,76.752408,Fitness & Wellness,Gym
Meet Singh Fitness,5.0,(8),30.692061,76.748565,Fitness & Wellness,Gym
Pro Ultimate Gyms Sector 71 Mohali,4.9,(390),30.704512,76.708784,Fitness & Wellness,Gym
Anytime Fitness,4.7,(608),30.717181,76.753064,Fitness & Wellness,Gym
Recreation Gym,4.5,(133),30.699889,76.765339,Fitness & Wellness,Gym
Pro Ultimate Gyms - Sec 46 Chandigarh,4.5,(727),30.699875,76.765549,Fitness & Wellness,Gym
Ultimate Physique Fitness Gym,4.8,(143),30.69843,76.713463,Fitness & Wellness,Gym
Anytime Fitness,4.7,(608),30.717181,76.753064,Fitness & Wellness,Gym
"Pro Ultimate Gyms - Sector 44-C, Chandigarh",4.9,(61),30.712854,76.751928,Fitness & Wellness,Gym
Athelonics Hybrid Gym,4.5,(431),30.71826,76.754688,Fitness & Wellness,Gym
Reflex Gym,4.3,(67),30.711383,76.757399,Fitness & Wellness,Gym
The Barbell LiFe GYM & SpA CroSsFiTt,4.2,(83),30.71423,76.751539,Fitness & Wellness,Gym
Anytime Fitness,4.7,(608),30.717181,76.753064,Fitness & Wellness,Gym
Urban Gym,4.7,(103),30.72183,76.770036,Fitness & Wellness,Gym
Burn Gym Phase 5 Mohali,4.5,(890),30.716201,76.715926,Fitness & Wellness,Gym
Space Seven Fitness,4.6,(282),30.714077,76.708557,Fitness & Wellness,Gym
IRON HUB GYM,4.6,(280),30.730239,76.722807,Fitness & Wellness,Gym
Muscle Arena,4.5,(143),30.734018,76.752689,Fitness & Wellness,Gym
Suprama Fitness,4.6,(125),30.726651,76.757669,Fitness & Wellness,Gym
Powerup gym,N/A,N/A,30.726556,76.755963,Fitness & Wellness,Gym
Camphor fitness,5.0,(18),30.734286,76.740394,Fitness & Wellness,Gym
Aman Kaushik | The Personal Fitness Trainer,5.0,(49),30.734058,76.739136,Fitness & Wellness,Gym
Pro Ultimate Gyms Sector 38,4.8,(514),30.744436,76.743658,Fitness & Wellness,Gym
City Fitness Gym,4.7,(21),N/A,N/A,Fitness & Wellness,Gym
IRON HUB GYM,4.6,(280),30.730239,76.722807,Fitness & Wellness,Gym
Ozi Gym & Spa - Sec 22,4.2,(371),30.731003,76.765195,Fitness & Wellness,Gym
Powerzone Gym,4.7,(183),30.727799,76.768031,Fitness & Wellness,Gym
Fitness club,4.9,(20),30.68667,76.746368,Fitness & Wellness,Gym
MOHALI FITNESS CENTER,4.5,(8),30.684213,76.749037,Fitness & Wellness,Gym
Open Gym,4.5,(2),30.693363,76.75201,Fitness & Wellness,Gym
Open Air Gym,4.5,(4),30.687611,76.75533,Fitness & Wellness,Gym
Rana's Fitness Centre,4.0,(4),30.682294,76.743614,Fitness & Wellness,Gym
Open Gym,4.5,(2),30.693363,76.75201,Fitness & Wellness,Gym
kr fitness,5.0,(15),30.695605,76.748982,Fitness & Wellness,Gym
HEALTHY KAYA WELNESS CENTER,3.0,(2),30.69296,76.752408,Fitness & Wellness,Gym
Meet Singh Fitness,5.0,(8),30.692061,76.748565,Fitness & Wellness,Gym
Online Nutritionist and Fitness Trainer in India,4.9,(62),30.698887,76.755258,Fitness & Wellness,Gym
Anytime Fitness,4.7,(608),30.717181,76.753064,Fitness & Wellness,Gym
Octane Fitness Sector 32,4.8,(380),30.708996,76.774072,Fitness & Wellness,Gym
Recreation Gym,4.5,(133),30.699889,76.765339,Fitness & Wellness,Gym
Pro Ultimate Gyms - Sec 46 Chandigarh,4.5,(727),30.699875,76.765549,Fitness & Wellness,Gym
Ultimate Physique Fitness Gym,4.8,(143),30.69843,76.713463,Fitness & Wellness,Gym
Anytime Fitness,4.7,(608),30.717181,76.753064,Fitness & Wellness,Gym
"Pro Ultimate Gyms - Sector 44-C, Chandigarh",4.9,(61),30.712854,76.751928,Fitness & Wellness,Gym
Athelonics Hybrid Gym,4.5,(431),30.71826,76.754688,Fitness & Wellness,Gym
Reflex Gym,4.3,(67),30.711383,76.757399,Fitness & Wellness,Gym
The Barbell LiFe GYM & SpA CroSsFiTt,4.2,(83),30.71423,76.751539,Fitness & Wellness,Gym
Anytime Fitness,4.7,(608),30.717181,76.753064,Fitness & Wellness,Gym
Urban Gym,4.7,(103),30.72183,76.770036,Fitness & Wellness,Gym
Burn Gym Phase 5 Mohali,4.5,(890),30.716201,76.715926,Fitness & Wellness,Gym
Fire Gym,4.9,(250),30.726072,76.776955,Fitness & Wellness,Gym
Gym13 Sector 22,4.4,(136),30.731795,76.776388,Fitness & Wellness,Gym
Muscle Arena,4.5,(143),30.734018,76.752689,Fitness & Wellness,Gym
Suprama Fitness,4.6,(125),30.726651,76.757669,Fitness & Wellness,Gym
Powerup gym,N/A,N/A,30.726556,76.755963,Fitness & Wellness,Gym
Weight loss expert,5.0,(6),30.732422,76.75845,Fitness & Wellness,Gym
MIND BODY & GAME Academy,N/A,N/A,30.726049,76.749611,Fitness & Wellness,Gym
Pro Ultimate Gyms Sector 38,4.8,(514),30.744436,76.743658,Fitness & Wellness,Gym
City Fitness Gym,4.7,(21),N/A,N/A,Fitness & Wellness,Gym
Gym13 Sector 22,4.4,(136),30.731795,76.776388,Fitness & Wellness,Gym
IRON HUB GYM,4.6,(280),30.730239,76.722807,Fitness & Wellness,Gym
Ozi Gym & Spa - Sec 22,4.2,(371),30.731003,76.765195,Fitness & Wellness,Gym
Open Gym,4.5,(2),30.693363,76.75201,Fitness & Wellness,Gym
Open Air Gym,4.5,(4),30.687611,76.75533,Fitness & Wellness,Gym
HEALTHY KAYA WELNESS CENTER,3.0,(2),30.69296,76.752408,Fitness & Wellness,Gym
The Mohali Club || Wyndham Chandigarh Mohali,4.5,"(2,834)",30.685012,76.750139,Fitness & Wellness,Gym
Mohali Golf Range,4.2,"(1,020)",30.682438,76.753398,Fitness & Wellness,Gym
Fitness 7 Gym Chain | Best gym in Sector 68 Mohali,4.7,(132),30.685225,76.721355,Fitness & Wellness,Gym
Octane Fitness Sector 32,4.8,(380),30.708996,76.774072,Fitness & Wellness,Gym
Burn Gym Phase 9 Mohali,4.6,(659),30.69031,76.732967,Fitness & Wellness,Gym
Recreation Gym,4.5,(133),30.699889,76.765339,Fitness & Wellness,Gym
Octane Fitness Sector 68 Mohali,4.6,(430),30.684511,76.722169,Fitness & Wellness,Gym
Pro Ultimate Gyms - Sec 46 Chandigarh,4.5,(727),30.699875,76.765549,Fitness & Wellness,Gym
Recreation Gym,4.5,(133),30.699889,76.765339,Fitness & Wellness,Gym
Super Fitness Center,4.6,(47),30.706178,76.757634,Fitness & Wellness,Gym
Beast Power Gym,4.6,(142),30.70749,76.763163,Fitness & Wellness,Gym
Friends Fitness Gym,4.2,(73),30.70552,76.7576,Fitness & Wellness,Gym
Anytime Fitness,4.7,(608),30.717181,76.753064,Fitness & Wellness,Gym
Octane Fitness Sector 32,4.8,(380),30.708996,76.774072,Fitness & Wellness,Gym
Urban Gym,4.7,(103),30.72183,76.770036,Fitness & Wellness,Gym
Fire Gym,4.9,(250),30.726072,76.776955,Fitness & Wellness,Gym
"Pro Ultimate Gyms - Sector 32, Chandigarh",5.0,(313),30.707477,76.775471,Fitness & Wellness,Gym
Anytime Fitness,4.7,(608),30.717181,76.753064,Fitness & Wellness,Gym
Urban Gym,4.7,(103),30.72183,76.770036,Fitness & Wellness,Gym
"Legacee Gyms , Sector 34-A , Chandigarh",4.9,(62),30.724182,76.769257,Fitness & Wellness,Gym
Powerzone Gym,4.7,(183),30.727799,76.768031,Fitness & Wellness,Gym
Elite Edge Gym and Spa,4.6,(126),30.723376,76.767646,Fitness & Wellness,Gym
Urban Gym,4.7,(103),30.72183,76.770036,Fitness & Wellness,Gym
Fire Gym,4.9,(250),30.726072,76.776955,Fitness & Wellness,Gym
City Fitness Gym,4.7,(21),N/A,N/A,Fitness & Wellness,Gym
Gym13 Sector 22,4.4,(136),30.731795,76.776388,Fitness & Wellness,Gym
IRON HUB GYM,4.6,(280),30.730239,76.722807,Fitness & Wellness,Gym
Muscle Arena,4.5,(143),30.734018,76.752689,Fitness & Wellness,Gym
Body Builder,5.0,(1),30.735085,76.767976,Fitness & Wellness,Gym
Yogabhyasa Studio || Taekwondo & General / Advance Yogasana Classes,5.0,(185),30.740217,76.757777,Fitness & Wellness,Gym
Sports Coaching centre for Squash and Swimming,N/A,N/A,30.739651,76.766781,Fitness & Wellness,Gym
Oxyzone yoga centre,2.0,(2),30.736725,76.758222,Fitness & Wellness,Gym
Gsky fitness,4.9,(63),30.697627,76.782994,Fitness & Wellness,Gym
Iron Zone Fitness Hub,4.7,(60),30.69622,76.76803,Fitness & Wellness,Gym
Fitness club,4.9,(20),30.68667,76.746368,Fitness & Wellness,Gym
MOHALI FITNESS CENTER,4.5,(8),30.684213,76.749037,Fitness & Wellness,Gym
Open Gym,4.5,(2),30.693363,76.75201,Fitness & Wellness,Gym
Pro Ultimate Gyms - Sec 46 Chandigarh,4.5,(727),30.699875,76.765549,Fitness & Wellness,Gym
Recreation Gym,4.5,(133),30.699889,76.765339,Fitness & Wellness,Gym
Iron Zone Fitness Hub,4.7,(60),30.69622,76.76803,Fitness & Wellness,Gym
Fitness Zone Gym,3.3,(7),30.697461,76.767086,Fitness & Wellness,Gym
Fitness Alpha gym,4.9,(55),30.694868,76.770199,Fitness & Wellness,Gym
Anytime Fitness,4.7,(608),30.717181,76.753064,Fitness & Wellness,Gym
Octane Fitness Sector 32,4.8,(380),30.708996,76.774072,Fitness & Wellness,Gym
Recreation Gym,4.5,(133),30.699889,76.765339,Fitness & Wellness,Gym
Pro Ultimate Gyms - Sec 46 Chandigarh,4.5,(727),30.699875,76.765549,Fitness & Wellness,Gym
"Pro Ultimate Gyms - Sector 32, Chandigarh",5.0,(313),30.707477,76.775471,Fitness & Wellness,Gym
Octane Fitness Sector 32,4.8,(380),30.708996,76.774072,Fitness & Wellness,Gym
Akhada Health and Fitness Club,4.9,(487),30.713533,76.768673,Fitness & Wellness,Gym
Neha Fitness Academy,5.0,(56),30.712735,76.773696,Fitness & Wellness,Gym
Reflex Gym,4.3,(67),30.711383,76.757399,Fitness & Wellness,Gym
Elite Edge Gym and Spa,4.9,(40),30.708055,76.774403,Fitness & Wellness,Gym
Anytime Fitness,4.7,(608),30.717181,76.753064,Fitness & Wellness,Gym
Urban Gym,4.7,(103),30.72183,76.770036,Fitness & Wellness,Gym
Fire Gym,4.9,(250),30.726072,76.776955,Fitness & Wellness,Gym
Gym13 Sector 22,4.4,(136),30.731795,76.776388,Fitness & Wellness,Gym
Octane Fitness Sector 32,4.8,(380),30.708996,76.774072,Fitness & Wellness,Gym
Gym13 Sector 22,4.4,(136),30.731795,76.776388,Fitness & Wellness,Gym
Ozi Gym & Spa - Sec 22,4.2,(371),30.731003,76.765195,Fitness & Wellness,Gym
Pumping Weapons Gym BEST GYM IN SECTOR 22,4.9,(339),30.729294,76.772211,Fitness & Wellness,Gym
Pro Ultimate Gyms - Aroma 22 Chandigarh,4.9,(401),30.730188,76.773569,Fitness & Wellness,Gym
NEO SPARTAN FITNESS,4.8,(128),30.728402,76.767448,Fitness & Wellness,Gym
Pro Ultimate Gyms Sector 38,4.8,(514),30.744436,76.743658,Fitness & Wellness,Gym
BodyZone Sector 9-C | Best Gym in Chandigarh,4.7,(480),30.741321,76.790886,Fitness & Wellness,Gym
City Fitness Gym,4.7,(21),N/A,N/A,Fitness & Wellness,Gym
Gym13 Sector 22,4.4,(136),30.731795,76.776388,Fitness & Wellness,Gym
Ozi Gym & Spa - Sec 22,4.2,(371),30.731003,76.765195,Fitness & Wellness,Gym
Fitness 7 Gym Chain | Best gym in Sector 68 Mohali,4.7,(132),30.685225,76.721355,Fitness & Wellness,Gym
Sona Gym & Spa ( Ladies Gym ),4.9,(208),30.695354,76.71811,Fitness & Wellness,Gym
Pro Ultimate Gyms - Bestech,4.7,(456),30.676495,76.738498,Fitness & Wellness,Gym
Pro Ultimate Gyms,4.6,(662),30.679605,76.724918,Fitness & Wellness,Gym
Powerhouse Gym Mohali | Best Gym in Mohali,4.7,(111),30.67622,76.724359,Fitness & Wellness,Gym
kr fitness,5.0,(15),30.695605,76.748982,Fitness & Wellness,Gym
Meet Singh Fitness,5.0,(8),30.692061,76.748565,Fitness & Wellness,Gym
Online Nutritionist and Fitness Trainer in India,4.9,(62),30.698887,76.755258,Fitness & Wellness,Gym
HEALTHY KAYA WELNESS CENTER,3.0,(2),30.69296,76.752408,Fitness & Wellness,Gym
Open Gym,4.5,(2),30.693363,76.75201,Fitness & Wellness,Gym
Super Fitness Center,4.6,(47),30.706178,76.757634,Fitness & Wellness,Gym
Friends Fitness Gym,4.2,(73),30.70552,76.7576,Fitness & Wellness,Gym
PH WELLNESS & FITTNESS CENTRE,4.9,(29),30.709932,76.75139,Fitness & Wellness,Gym
Personal trainer for fitness and gym by Umesh,5.0,(2),30.699375,76.740094,Fitness & Wellness,Gym
Fitness sportss 369,5.0,(4),30.704519,76.755981,Fitness & Wellness,Gym
Anytime Fitness,4.7,(608),30.717181,76.753064,Fitness & Wellness,Gym
Pro Ultimate Gyms Sector 71 Mohali,4.9,(390),30.704512,76.708784,Fitness & Wellness,Gym
Urban Gym,4.7,(103),30.72183,76.770036,Fitness & Wellness,Gym
Burn Gym Phase 5 Mohali,4.5,(890),30.716201,76.715926,Fitness & Wellness,Gym
Fusion Bodyfit Station,4.8,(168),30.703524,76.710103,Fitness & Wellness,Gym
Anytime Fitness,4.7,(608),30.717181,76.753064,Fitness & Wellness,Gym
Infinity Fitness Studio & Gym,4.8,(82),30.722799,76.744788,Fitness & Wellness,Gym
Suprama Fitness,4.6,(125),30.726651,76.757669,Fitness & Wellness,Gym
Athelonics Hybrid Gym,4.5,(431),30.71826,76.754688,Fitness & Wellness,Gym
Happy Dhankhar Fitness Club,4.9,(58),30.720964,76.742531,Fitness & Wellness,Gym
Urban Gym,4.7,(103),30.72183,76.770036,Fitness & Wellness,Gym
Body Scapes,4.6,(542),30.722808,76.768058,Fitness & Wellness,Gym
Elite Edge Gym and Spa,4.6,(126),30.723376,76.767646,Fitness & Wellness,Gym
Ozi Gym & Spa - Sec 22,4.2,(371),30.731003,76.765195,Fitness & Wellness,Gym
PRO ULTIMATE GYMS PHASE 2,4.9,(152),30.721753,76.729619,Fitness & Wellness,Gym
Pro Ultimate Gyms Sector 38,4.8,(514),30.744436,76.743658,Fitness & Wellness,Gym
Meharban's Fitness Centre,4.7,(146),30.739849,76.748077,Fitness & Wellness,Gym
Muscle Arena,4.5,(143),30.734018,76.752689,Fitness & Wellness,Gym
Ozi Gym And Spa - Sec 37,4.2,(506),30.740366,76.747879,Fitness & Wellness,Gym
BMS NUTRITION CENTRE,4.9,(74),30.743324,76.744796,Fitness & Wellness,Gym
Fitness 7 Gym Chain | Best gym in Sector 68 Mohali,4.7,(132),30.685225,76.721355,Fitness & Wellness,Gym
Sona Gym & Spa ( Ladies Gym ),4.9,(208),30.695354,76.71811,Fitness & Wellness,Gym
Pro Ultimate Gyms - Bestech,4.7,(456),30.676495,76.738498,Fitness & Wellness,Gym
Pro Ultimate Gyms,4.6,(662),30.679605,76.724918,Fitness & Wellness,Gym
Powerhouse Gym Mohali | Best Gym in Mohali,4.7,(111),30.67622,76.724359,Fitness & Wellness,Gym
kr fitness,5.0,(15),30.695605,76.748982,Fitness & Wellness,Gym
Meet Singh Fitness,5.0,(8),30.692061,76.748565,Fitness & Wellness,Gym
Online Nutritionist and Fitness Trainer in India,4.9,(62),30.698887,76.755258,Fitness & Wellness,Gym
HEALTHY KAYA WELNESS CENTER,3.0,(2),30.69296,76.752408,Fitness & Wellness,Gym
Open Gym,4.5,(2),30.693363,76.75201,Fitness & Wellness,Gym
Anytime Fitness,4.7,(608),30.717181,76.753064,Fitness & Wellness,Gym
Sona Gym & Spa ( Ladies Gym ),4.9,(208),30.695354,76.71811,Fitness & Wellness,Gym
"Pro Ultimate Gyms - Sector 32, Chandigarh",5.0,(313),30.707477,76.775471,Fitness & Wellness,Gym
Pro Ultimate Gyms - Sec 46 Chandigarh,4.5,(727),30.699875,76.765549,Fitness & Wellness,Gym
Burn Gym Phase 5 Mohali,4.5,(890),30.716201,76.715926,Fitness & Wellness,Gym
Anytime Fitness,4.7,(608),30.717181,76.753064,Fitness & Wellness,Gym
Athelonics Hybrid Gym,4.5,(431),30.71826,76.754688,Fitness & Wellness,Gym
"Pro Ultimate Gyms - Sector 44-C, Chandigarh",4.9,(61),30.712854,76.751928,Fitness & Wellness,Gym
Reflex Gym,4.3,(67),30.711383,76.757399,Fitness & Wellness,Gym
The Barbell LiFe GYM & SpA CroSsFiTt,4.2,(83),30.71423,76.751539,Fitness & Wellness,Gym
Anytime Fitness,4.7,(608),30.717181,76.753064,Fitness & Wellness,Gym
Urban Gym,4.7,(103),30.72183,76.770036,Fitness & Wellness,Gym
Burn Gym Phase 5 Mohali,4.5,(890),30.716201,76.715926,Fitness & Wellness,Gym
Body Scapes,4.6,(542),30.722808,76.768058,Fitness & Wellness,Gym
Tank's Gym,4.6,(410),30.716323,76.71659,Fitness & Wellness,Gym
Muscle Arena,4.5,(143),30.734018,76.752689,Fitness & Wellness,Gym
Suprama Fitness,4.6,(125),30.726651,76.757669,Fitness & Wellness,Gym
Weight loss expert,5.0,(6),30.732422,76.75845,Fitness & Wellness,Gym
Powerup gym,N/A,N/A,30.726556,76.755963,Fitness & Wellness,Gym
Champs Sports - Sports shop Chandigarh | Sports Goods dealers & Gym Equipment Shoes in Chandigarh,4.7,(267),30.726524,76.757999,Fitness & Wellness,Gym
Pro Ultimate Gyms Sector 38,4.8,(514),30.744436,76.743658,Fitness & Wellness,Gym
Ozi Gym & Spa - Sec 22,4.2,(371),30.731003,76.765195,Fitness & Wellness,Gym
Gym13 Sector 22,4.4,(136),30.731795,76.776388,Fitness & Wellness,Gym
Oxizone Fitness & Spa,4.4,(570),30.746271,76.743118,Fitness & Wellness,Gym
Powerzone Gym,4.7,(183),30.727799,76.768031,Fitness & Wellness,Gym
Boxing Center Commando Complex,4.4,(56),30.682938,76.750358,Fitness & Wellness,Gym
Open Air Gym,4.5,(4),30.687611,76.75533,Fitness & Wellness,Gym
The Mohali Club || Wyndham Chandigarh Mohali,4.5,"(2,834)",30.685012,76.750139,Fitness & Wellness,Gym
HEALTHY KAYA WELNESS CENTER,3.0,(2),30.69296,76.752408,Fitness & Wellness,Gym
Open Gym,4.5,(2),30.693363,76.75201,Fitness & Wellness,Gym
Fitness 7 Gym Chain | Best gym in Sector 68 Mohali,4.7,(132),30.685225,76.721355,Fitness & Wellness,Gym
Sona Gym & Spa ( Ladies Gym ),4.9,(208),30.695354,76.71811,Fitness & Wellness,Gym
"Pro Ultimate Gyms - Sector 32, Chandigarh",5.0,(313),30.707477,76.775471,Fitness & Wellness,Gym
Pro Ultimate Gyms - Sec 46 Chandigarh,4.5,(727),30.699875,76.765549,Fitness & Wellness,Gym
Burn Gym Phase 9 Mohali,4.6,(659),30.69031,76.732967,Fitness & Wellness,Gym
Pro Ultimate Gyms - Sec 46 Chandigarh,4.5,(727),30.699875,76.765549,Fitness & Wellness,Gym
Super Fitness Center,4.6,(47),30.706178,76.757634,Fitness & Wellness,Gym
Recreation Gym,4.5,(133),30.699889,76.765339,Fitness & Wellness,Gym
Beast Power Gym,4.6,(142),30.70749,76.763163,Fitness & Wellness,Gym
POWER LIFT GYM,4.7,(59),30.706344,76.763785,Fitness & Wellness,Gym
Anytime Fitness,4.7,(608),30.717181,76.753064,Fitness & Wellness,Gym
Urban Gym,4.7,(103),30.72183,76.770036,Fitness & Wellness,Gym
Fire Gym,4.9,(250),30.726072,76.776955,Fitness & Wellness,Gym
"Pro Ultimate Gyms - Sector 32, Chandigarh",5.0,(313),30.707477,76.775471,Fitness & Wellness,Gym
Body Scapes,4.6,(542),30.722808,76.768058,Fitness & Wellness,Gym
Anytime Fitness,4.7,(608),30.717181,76.753064,Fitness & Wellness,Gym
Urban Gym,4.7,(103),30.72183,76.770036,Fitness & Wellness,Gym
Body Scapes,4.6,(542),30.722808,76.768058,Fitness & Wellness,Gym
Elite Edge Gym and Spa,4.6,(126),30.723376,76.767646,Fitness & Wellness,Gym
Powerzone Gym,4.7,(183),30.727799,76.768031,Fitness & Wellness,Gym
Urban Gym,4.7,(103),30.72183,76.770036,Fitness & Wellness,Gym
Fire Gym,4.9,(250),30.726072,76.776955,Fitness & Wellness,Gym
Anytime Fitness,4.4,(723),30.74116,76.781124,Fitness & Wellness,Gym
Body Scapes,4.6,(542),30.722808,76.768058,Fitness & Wellness,Gym
Elite Edge Gym and Spa,4.6,(126),30.723376,76.767646,Fitness & Wellness,Gym
Muscle Arena,4.5,(143),30.734018,76.752689,Fitness & Wellness,Gym
Yogabhyasa Studio || Taekwondo & General / Advance Yogasana Classes,5.0,(185),30.740217,76.757777,Fitness & Wellness,Gym
Body Builder,5.0,(1),30.735085,76.767976,Fitness & Wellness,Gym
Sports Coaching centre for Squash and Swimming,N/A,N/A,30.739651,76.766781,Fitness & Wellness,Gym
Oxyzone yoga centre,2.0,(2),30.736725,76.758222,Fitness & Wellness,Gym
Fitness Alpha gym,4.9,(55),30.694868,76.770199,Fitness & Wellness,Gym
Iron Zone Fitness Hub,4.7,(60),30.69622,76.76803,Fitness & Wellness,Gym
Gsky fitness,4.9,(63),30.697627,76.782994,Fitness & Wellness,Gym
Fitness club,4.9,(20),30.68667,76.746368,Fitness & Wellness,Gym
kr fitness,5.0,(15),30.695605,76.748982,Fitness & Wellness,Gym
Pro Ultimate Gyms - Sec 46 Chandigarh,4.5,(727),30.699875,76.765549,Fitness & Wellness,Gym
Fitness Alpha gym,4.9,(55),30.694868,76.770199,Fitness & Wellness,Gym
Recreation Gym,4.5,(133),30.699889,76.765339,Fitness & Wellness,Gym
Iron Zone Fitness Hub,4.7,(60),30.69622,76.76803,Fitness & Wellness,Gym
RM Studio,5.0,(20),30.694901,76.770174,Fitness & Wellness,Gym
Anytime Fitness,4.7,(608),30.717181,76.753064,Fitness & Wellness,Gym
"Pro Ultimate Gyms - Sector 32, Chandigarh",5.0,(313),30.707477,76.775471,Fitness & Wellness,Gym
Pro Ultimate Gyms - Sec 46 Chandigarh,4.5,(727),30.699875,76.765549,Fitness & Wellness,Gym
Fitness Alpha gym,4.9,(55),30.694868,76.770199,Fitness & Wellness,Gym
Super Fitness Center,4.6,(47),30.706178,76.757634,Fitness & Wellness,Gym
Akhada Health and Fitness Club,4.9,(487),30.713533,76.768673,Fitness & Wellness,Gym
Octane Fitness Sector 32,4.8,(380),30.708996,76.774072,Fitness & Wellness,Gym
Reflex Gym,4.3,(67),30.711383,76.757399,Fitness & Wellness,Gym
Elite Edge Gym and Spa,4.9,(40),30.708055,76.774403,Fitness & Wellness,Gym
Neha Fitness Academy,5.0,(56),30.712735,76.773696,Fitness & Wellness,Gym
Anytime Fitness,4.7,(608),30.717181,76.753064,Fitness & Wellness,Gym
Urban Gym,4.7,(103),30.72183,76.770036,Fitness & Wellness,Gym
Fire Gym,4.9,(250),30.726072,76.776955,Fitness & Wellness,Gym
Body Scapes,4.6,(542),30.722808,76.768058,Fitness & Wellness,Gym
Elite Edge Gym and Spa,4.6,(126),30.723376,76.767646,Fitness & Wellness,Gym
Gym13 Sector 22,4.4,(136),30.731795,76.776388,Fitness & Wellness,Gym
Powerzone Gym,4.7,(183),30.727799,76.768031,Fitness & Wellness,Gym
Ozi Gym & Spa - Sec 22,4.2,(371),30.731003,76.765195,Fitness & Wellness,Gym
NEO SPARTAN FITNESS,4.8,(128),30.728402,76.767448,Fitness & Wellness,Gym
Suprama Fitness,4.6,(125),30.726651,76.757669,Fitness & Wellness,Gym
Fit Factory (Swimming Pool),3.9,(15),30.739981,76.776522,Fitness & Wellness,Gym
Yogabhyasa Studio || Taekwondo & General / Advance Yogasana Classes,5.0,(185),30.740217,76.757777,Fitness & Wellness,Gym
Body Builder,5.0,(1),30.735085,76.767976,Fitness & Wellness,Gym
Gum / Fitness Certification Training,5.0,(1),30.733566,76.775965,Fitness & Wellness,Gym
sudharmastudio,4.7,(35),30.743519,76.771661,Fitness & Wellness,Gym
