Oriental Hall kk,4.0,(1),30.678478,76.746239,Transportation,Airport
Free Car Parking Opossite To Ram Mandir Adjactent To Ground,4.7,(3),30.695752,76.765275,Transportation,Airport
Parking Lot,3.9,(7),N/A,N/A,Transportation,Airport
Best Taxi Service in Chandigarh | Mohali | Zirakpur,5.0,(2),30.700452,76.764385,Transportation,Airport
Chandigarh Taxi Service - Best Taxi service in Mohali | Manali Taxi service | Cab service in Mohali | Airport Taxi service,5.0,(3),30.681864,76.744322,Transportation,Airport
Parking Lot,3.9,(7),N/A,N/A,Transportation,Airport
RAWAT - Taxi Service Chandigarh : One Way To Delhi Airport,5.0,(40),30.700018,76.75326,Transportation,Airport
North Safar,4.9,(8),30.693985,76.747413,Transportation,Airport
Bawa Taxi service,4.7,(12),30.692445,76.743844,Transportation,Airport
RAWAT - Taxi Service Chandigarh : One Way To Delhi Airport,5.0,(40),30.700018,76.75326,Transportation,Airport
King Travel Chandighar,N/A,N/A,30.710007,76.749746,Transportation,Airport
Soma Tour and Travel,4.7,(19),30.706055,76.753198,Transportation,Airport
Northern Travels - Chandigarh Taxi services,4.7,(24),30.707475,76.757704,Transportation,Airport
M.k Travel Chandigarh,N/A,N/A,30.704067,76.757372,Transportation,Airport
ISBT Sector 43,4.4,"(1,314)",30.716731,76.742992,Transportation,Airport
ISBT Sector-43,4.3,"(1,887)",30.717167,76.743415,Transportation,Airport
Sector 43/44,N/A,N/A,30.716456,76.752457,Transportation,Airport
Bus Stand Sector 43,4.3,"(1,982)",30.716119,76.743098,Transportation,Airport
Local Bus Stand Sec 43,4.2,(110),30.717316,76.743575,Transportation,Airport
Indira Gandhi Institute of Aeronautics,4.6,(120),30.7201,76.757717,Transportation,Airport
Customs office Airport Chandigarh,5.0,(2),30.728361,76.745115,Transportation,Airport
Booking Squad,4.7,(29),30.720415,76.757325,Transportation,Airport
Destination IQ,4.7,(166),30.720155,76.757762,Transportation,Airport
ISBT Sector 43,4.4,"(1,314)",30.716731,76.742992,Transportation,Airport
Indira Gandhi Institute of Aeronautics,4.6,(120),30.7201,76.757717,Transportation,Airport
Global Airways,4.6,(25),30.729168,76.75783,Transportation,Airport
Viktaxi | Chandigarh Railway Station Taxi | Chandigarh Airport Taxi,5.0,(32),30.725534,76.759063,Transportation,Airport
Skylines Aviation & Hospitality Management,5.0,(3),30.719591,76.764023,Transportation,Airport
Orbit Aviation Pvt Ltd,2.1,(536),30.721452,76.729989,Transportation,Airport
13 #taxi service,4.0,(4),30.744929,76.743092,Transportation,Airport
Leisureflies Travels Pvt Ltd,4.9,(113),30.742734,76.745078,Transportation,Airport
Mr Singh Cab,4.7,(113),N/A,N/A,Transportation,Airport
Sector 41/37,3.8,(5),30.734454,76.744986,Transportation,Airport
Desi Taxi Service Chandigarh,5.0,(1),30.740821,76.744473,Transportation,Airport
Oriental Hall kk,4.0,(1),30.678478,76.746239,Transportation,Airport
Free Car Parking Opossite To Ram Mandir Adjactent To Ground,4.7,(3),30.695752,76.765275,Transportation,Airport
Parking Lot,3.9,(7),N/A,N/A,Transportation,Airport
Best Taxi Service in Chandigarh | Mohali | Zirakpur,5.0,(2),30.700452,76.764385,Transportation,Airport
Chandigarh Taxi Service - Best Taxi service in Mohali | Manali Taxi service | Cab service in Mohali | Airport Taxi service,5.0,(3),30.681864,76.744322,Transportation,Airport
Parking Lot,3.9,(7),N/A,N/A,Transportation,Airport
Best Taxi Service in Chandigarh | Mohali | Zirakpur,5.0,(2),30.700452,76.764385,Transportation,Airport
MakeMyTrip India Private Limited,3.9,(9),30.687917,76.737649,Transportation,Airport
Free Parking Lot,5.0,(1),30.693448,76.770426,Transportation,Airport
Forever Travels- Best travel agency in Tricity | Airline Travel Agency,4.8,(140),30.686255,76.738714,Transportation,Airport
Chandigarh To Delhi Cabs,5.0,(60),30.712422,76.736617,Transportation,Airport
Best Taxi Service in Chandigarh | Mohali | Zirakpur,5.0,(2),30.700452,76.764385,Transportation,Airport
Free Parking Lot,5.0,(1),30.693448,76.770426,Transportation,Airport
ISBT Sector 43,4.4,"(1,314)",30.716731,76.742992,Transportation,Airport
RAWAT - Taxi Service Chandigarh : One Way To Delhi Airport,5.0,(40),30.700018,76.75326,Transportation,Airport
Sky Flyers Air Hostess Training Institute in Chandigarh,4.7,(55),30.724469,76.768679,Transportation,Airport
Indira Gandhi Institute of Aeronautics,4.6,(120),30.7201,76.757717,Transportation,Airport
OSCAR AHA - Air Hostess Academy,4.4,(135),30.722258,76.769251,Transportation,Airport
Viktaxi | Chandigarh Railway Station Taxi | Chandigarh Airport Taxi,5.0,(32),30.725534,76.759063,Transportation,Airport
Skylines Aviation & Hospitality Management,5.0,(3),30.719591,76.764023,Transportation,Airport
Indira Gandhi Institute of Aeronautics,4.6,(120),30.7201,76.757717,Transportation,Airport
Viktaxi | Chandigarh Railway Station Taxi | Chandigarh Airport Taxi,5.0,(32),30.725534,76.759063,Transportation,Airport
Skylines Aviation & Hospitality Management,5.0,(3),30.719591,76.764023,Transportation,Airport
Customs office Airport Chandigarh,5.0,(2),30.728361,76.745115,Transportation,Airport
Booking Squad,4.7,(29),30.720415,76.757325,Transportation,Airport
"Shaheed Bhagat Singh International Airport, Chandigarh",4.3,"(19,906)",30.667955,76.786031,Transportation,Airport
Chandigarh International Airport (IXC),4.0,(24),30.66887,76.786602,Transportation,Airport
Chandigarh airport,4.3,(425),30.667688,76.785845,Transportation,Airport
Chandigarh Airport Departure Terminal (IXC),4.3,(668),30.667628,76.785911,Transportation,Airport
New Airport,4.0,(17),N/A,N/A,Transportation,Airport
Leisureflies Travels Pvt Ltd,4.9,(113),30.742734,76.745078,Transportation,Airport
Mr Singh Cab,4.7,(113),N/A,N/A,Transportation,Airport
Sai Tour & Travels,4.6,(615),30.744597,76.761113,Transportation,Airport
Sector 41/37,3.8,(5),30.734454,76.744986,Transportation,Airport
Desi Taxi Service Chandigarh,5.0,(1),30.740821,76.744473,Transportation,Airport
Oriental Hall kk,4.0,(1),30.678478,76.746239,Transportation,Airport
Free Car Parking Opossite To Ram Mandir Adjactent To Ground,4.7,(3),30.695752,76.765275,Transportation,Airport
Parking Lot,3.9,(7),N/A,N/A,Transportation,Airport
Best Taxi Service in Chandigarh | Mohali | Zirakpur,5.0,(2),30.700452,76.764385,Transportation,Airport
Chandigarh Taxi Service - Best Taxi service in Mohali | Manali Taxi service | Cab service in Mohali | Airport Taxi service,5.0,(3),30.681864,76.744322,Transportation,Airport
Parking Lot,3.9,(7),N/A,N/A,Transportation,Airport
Best Taxi Service in Chandigarh | Mohali | Zirakpur,5.0,(2),30.700452,76.764385,Transportation,Airport
Free Parking Lot,5.0,(1),30.693448,76.770426,Transportation,Airport
Kalibari Railway Overbridge,N/A,N/A,30.694039,76.780041,Transportation,Airport
car parking,2.3,(3),30.689966,76.761184,Transportation,Airport
Best Taxi Service in Chandigarh | Mohali | Zirakpur,5.0,(2),30.700452,76.764385,Transportation,Airport
Free Parking Lot,5.0,(1),30.693448,76.770426,Transportation,Airport
Kalibari Railway Overbridge,N/A,N/A,30.694039,76.780041,Transportation,Airport
ISBT Sector 43,4.4,"(1,314)",30.716731,76.742992,Transportation,Airport
RAWAT - Taxi Service Chandigarh : One Way To Delhi Airport,5.0,(40),30.700018,76.75326,Transportation,Airport
Sky Flyers Air Hostess Training Institute in Chandigarh,4.7,(55),30.724469,76.768679,Transportation,Airport
Indira Gandhi Institute of Aeronautics,4.6,(120),30.7201,76.757717,Transportation,Airport
OSCAR AHA - Air Hostess Academy,4.4,(135),30.722258,76.769251,Transportation,Airport
Viktaxi | Chandigarh Railway Station Taxi | Chandigarh Airport Taxi,5.0,(32),30.725534,76.759063,Transportation,Airport
Skylines Aviation & Hospitality Management,5.0,(3),30.719591,76.764023,Transportation,Airport
Sky Flyers Air Hostess Training Institute in Chandigarh,4.7,(55),30.724469,76.768679,Transportation,Airport
Indira Gandhi Institute of Aeronautics,4.6,(120),30.7201,76.757717,Transportation,Airport
OSCAR AHA - Air Hostess Academy,4.4,(135),30.722258,76.769251,Transportation,Airport
Viktaxi | Chandigarh Railway Station Taxi | Chandigarh Airport Taxi,5.0,(32),30.725534,76.759063,Transportation,Airport
Skylines Aviation & Hospitality Management,5.0,(3),30.719591,76.764023,Transportation,Airport
"Shaheed Bhagat Singh International Airport, Chandigarh",4.3,"(19,906)",30.667955,76.786031,Transportation,Airport
Chandigarh International Airport (IXC),4.0,(24),30.66887,76.786602,Transportation,Airport
Chandigarh airport,4.3,(425),30.667688,76.785845,Transportation,Airport
Chandigarh Airport Departure Terminal (IXC),4.3,(668),30.667628,76.785911,Transportation,Airport
New Airport,4.0,(17),N/A,N/A,Transportation,Airport
Global Airways,4.6,(25),30.729168,76.75783,Transportation,Airport
Plaza Premium Lounge,3.7,(21),30.733314,76.779417,Transportation,Airport
Sector 22/17,4.1,(19),30.735249,76.778027,Transportation,Airport
Customs office Airport Chandigarh,5.0,(2),30.728361,76.745115,Transportation,Airport
Pegasus Cabs,4.9,(286),30.750542,76.774262,Transportation,Airport
Anu Home,N/A,N/A,30.692289,76.771776,Transportation,Airport
Free Parking Lot,5.0,(1),30.693448,76.770426,Transportation,Airport
car parking,2.3,(3),30.689966,76.761184,Transportation,Airport
Bus Depot,N/A,N/A,30.684116,76.756336,Transportation,Airport
Air Force Quaters,4.0,(4),30.693718,76.769423,Transportation,Airport
3 BRD (Base Repair Depot),4.4,(5),30.692186,76.781946,Transportation,Airport
Best Taxi Service in Chandigarh | Mohali | Zirakpur,5.0,(2),30.700452,76.764385,Transportation,Airport
Free Parking Lot,5.0,(1),30.693448,76.770426,Transportation,Airport
Kalibari Railway Overbridge,N/A,N/A,30.694039,76.780041,Transportation,Airport
car parking,2.3,(3),30.689966,76.761184,Transportation,Airport
Best Taxi Service in Chandigarh | Mohali | Zirakpur,5.0,(2),30.700452,76.764385,Transportation,Airport
Free Parking Lot,5.0,(1),30.693448,76.770426,Transportation,Airport
Kalibari Railway Overbridge,N/A,N/A,30.694039,76.780041,Transportation,Airport
RAWAT - Taxi Service Chandigarh : One Way To Delhi Airport,5.0,(40),30.700018,76.75326,Transportation,Airport
Sector 43/44,N/A,N/A,30.716456,76.752457,Transportation,Airport
Sky Flyers Air Hostess Training Institute in Chandigarh,4.7,(55),30.724469,76.768679,Transportation,Airport
Indira Gandhi Institute of Aeronautics,4.6,(120),30.7201,76.757717,Transportation,Airport
OSCAR AHA - Air Hostess Academy,4.4,(135),30.722258,76.769251,Transportation,Airport
Viktaxi | Chandigarh Railway Station Taxi | Chandigarh Airport Taxi,5.0,(32),30.725534,76.759063,Transportation,Airport
Skylines Aviation & Hospitality Management,5.0,(3),30.719591,76.764023,Transportation,Airport
"Shaheed Bhagat Singh International Airport, Chandigarh",4.3,"(19,906)",30.667955,76.786031,Transportation,Airport
Chandigarh International Airport (IXC),4.0,(24),30.66887,76.786602,Transportation,Airport
Chandigarh airport,4.3,(425),30.667688,76.785845,Transportation,Airport
Chandigarh Airport Departure Terminal (IXC),4.3,(668),30.667628,76.785911,Transportation,Airport
New Airport,4.0,(17),N/A,N/A,Transportation,Airport
Sky Flyers Air Hostess Training Institute in Chandigarh,4.7,(55),30.724469,76.768679,Transportation,Airport
Global Airways,4.6,(25),30.729168,76.75783,Transportation,Airport
Viktaxi | Chandigarh Railway Station Taxi | Chandigarh Airport Taxi,5.0,(32),30.725534,76.759063,Transportation,Airport
Sector 22/23,4.9,(9),30.736718,76.769219,Transportation,Airport
Sector 35/36,4.7,(3),30.729566,76.757839,Transportation,Airport
Sector 22/23,4.9,(9),30.736718,76.769219,Transportation,Airport
Sai Tour & Travels,4.6,(615),30.744597,76.761113,Transportation,Airport
Hedge Money Private Limited,4.5,(8),30.737068,76.775869,Transportation,Airport
"Taxi point | outstation cab in Chandigarh| Taxi in Chandigarh |One way taxi Chandigarh Delhi, Amritsar, Manali",4.8,(150),30.740867,76.768711,Transportation,Airport
Haridwar tour and travels,2.9,(46),30.736017,76.776635,Transportation,Airport
