Sector 64 Market/Phase 10,N/A,N/A,30.687765,76.738422,Transportation,Bus Stop
Sector 67 Market,N/A,N/A,30.681226,76.728911,Transportation,Bus Stop
Sector 64/63,N/A,N/A,30.688715,76.736875,Transportation,Bus Stop
Choke Pull Bus Stop,N/A,N/A,30.686585,76.732944,Transportation,Bus Stop
Forest complex,N/A,N/A,30.691455,76.726763,Transportation,Bus Stop
Mohali Bus Stand,N/A,N/A,30.696343,76.727763,Transportation,Bus Stop
Bus Stop,N/A,N/A,30.698018,76.731113,Transportation,Bus Stop
Sector - 49A,N/A,N/A,30.697828,76.751719,Transportation,Bus Stop
Inter State Bus Terminus,N/A,N/A,30.696545,76.726831,Transportation,Bus Stop
Forest complex,N/A,N/A,30.691455,76.726763,Transportation,Bus Stop
Bus Stop - Sector 52B,N/A,N/A,30.71099,76.737313,Transportation,Bus Stop
Phase-7,N/A,N/A,30.703958,76.726884,Transportation,Bus Stop
Sector - 45(Burail),N/A,N/A,30.705785,76.757525,Transportation,Bus Stop
Bus Stop - Sector 51B,N/A,N/A,30.707748,76.741736,Transportation,Bus Stop
Sector 44/45,N/A,N/A,30.708795,76.754449,Transportation,Bus Stop
Bus Stop - Sector 52B,N/A,N/A,30.71099,76.737313,Transportation,Bus Stop
Bus Stop - Sector 51B,N/A,N/A,30.707748,76.741736,Transportation,Bus Stop
Phase 3A Sector 53 Bus Stop,N/A,N/A,30.7146,76.726753,Transportation,Bus Stop
Bus Stop - Sector 53,N/A,N/A,30.717211,76.734299,Transportation,Bus Stop
Sector 44 Market,N/A,N/A,30.713187,76.752345,Transportation,Bus Stop
Sector - 42C,N/A,N/A,N/A,N/A,Transportation,Bus Stop
Bus Stop - Sector 53,N/A,N/A,30.717211,76.734299,Transportation,Bus Stop
Sector 43/44,N/A,N/A,30.716456,76.752457,Transportation,Bus Stop
Sector 35 Market,N/A,N/A,30.726133,76.759084,Transportation,Bus Stop
Phase 2,N/A,N/A,30.723915,76.728323,Transportation,Bus Stop
Sector 41B,N/A,N/A,30.737272,76.741375,Transportation,Bus Stop
Sector - 42C,N/A,N/A,N/A,N/A,Transportation,Bus Stop
Sector 40 Market Bus Stop,N/A,N/A,30.73745,76.734117,Transportation,Bus Stop
Sector 42A Bus Stop,N/A,N/A,30.729632,76.748657,Transportation,Bus Stop
Bus Stop - Sector 40B,N/A,N/A,30.73745,76.73455,Transportation,Bus Stop
Sector 40/39,N/A,N/A,30.739726,76.730984,Transportation,Bus Stop
Sector 41B,N/A,N/A,30.737272,76.741375,Transportation,Bus Stop
Sector 38/37,N/A,N/A,30.739026,76.743816,Transportation,Bus Stop
Sector 40 Market Bus Stop,N/A,N/A,30.73745,76.734117,Transportation,Bus Stop
Bus Stop - Sector 24C,N/A,N/A,30.744077,76.754585,Transportation,Bus Stop
Sector - 48B(Opposite),N/A,N/A,30.686574,76.762656,Transportation,Bus Stop
Sector 64 Market/Phase 10,N/A,N/A,30.687765,76.738422,Transportation,Bus Stop
Sector 64/63,N/A,N/A,30.688715,76.736875,Transportation,Bus Stop
Choke Pull Bus Stop,N/A,N/A,30.686585,76.732944,Transportation,Bus Stop
Bus Stop - Phase 9,N/A,N/A,30.692504,76.734806,Transportation,Bus Stop
Sector 46 Bus Stop,N/A,N/A,30.702196,76.762964,Transportation,Bus Stop
Sector - 49A,N/A,N/A,30.697828,76.751719,Transportation,Bus Stop
Bus Stop - Phase 9,N/A,N/A,30.692504,76.734806,Transportation,Bus Stop
Sector - 49A,N/A,N/A,30.693843,76.752732,Transportation,Bus Stop
Sector 62/63 (U.T. Border),N/A,N/A,30.698463,76.738208,Transportation,Bus Stop
Bus Stop - Sector 52B,N/A,N/A,30.71099,76.737313,Transportation,Bus Stop
Sector 44 Bus Stop,N/A,N/A,30.7098,76.765239,Transportation,Bus Stop
Sector - 45(Burail),N/A,N/A,30.705785,76.757525,Transportation,Bus Stop
Sector - 46B,N/A,N/A,30.704853,76.762486,Transportation,Bus Stop
Sector 46 Bus Stop,N/A,N/A,30.702196,76.762964,Transportation,Bus Stop
Bus Stop - Sector 52B,N/A,N/A,30.71099,76.737313,Transportation,Bus Stop
Sector 44 Bus Stop,N/A,N/A,30.7098,76.765239,Transportation,Bus Stop
Bus Stop - Sector 51B,N/A,N/A,30.707748,76.741736,Transportation,Bus Stop
Bus Stop - Sector 53,N/A,N/A,30.717211,76.734299,Transportation,Bus Stop
Sector 44 Market,N/A,N/A,30.713187,76.752345,Transportation,Bus Stop
Sector - 42C,N/A,N/A,N/A,N/A,Transportation,Bus Stop
Sector 35 Market,N/A,N/A,30.726133,76.759084,Transportation,Bus Stop
Bus Stop - Sector 53,N/A,N/A,30.717211,76.734299,Transportation,Bus Stop
Sector 43/44,N/A,N/A,30.716456,76.752457,Transportation,Bus Stop
Sector 35/34 Light Point,N/A,N/A,30.722373,76.763289,Transportation,Bus Stop
Sector 41B,N/A,N/A,30.737272,76.741375,Transportation,Bus Stop
Sector - 42C,N/A,N/A,N/A,N/A,Transportation,Bus Stop
Sector 40 Market Bus Stop,N/A,N/A,30.73745,76.734117,Transportation,Bus Stop
Sector 35 Market,N/A,N/A,30.726133,76.759084,Transportation,Bus Stop
Sector 42A Bus Stop,N/A,N/A,30.729632,76.748657,Transportation,Bus Stop
Sector 41B,N/A,N/A,30.737272,76.741375,Transportation,Bus Stop
Sector 38/37,N/A,N/A,30.739026,76.743816,Transportation,Bus Stop
Sector 40 Market Bus Stop,N/A,N/A,30.73745,76.734117,Transportation,Bus Stop
Bus Stop - Sector 24C,N/A,N/A,30.744077,76.754585,Transportation,Bus Stop
Bus Stop - Sector 40B,N/A,N/A,30.73745,76.73455,Transportation,Bus Stop
Sector - 48B(Opposite),N/A,N/A,30.686574,76.762656,Transportation,Bus Stop
Sector 64 Market/Phase 10,N/A,N/A,30.687765,76.738422,Transportation,Bus Stop
Sector - 49A,N/A,N/A,30.693843,76.752732,Transportation,Bus Stop
Sector 48,N/A,N/A,30.682639,76.755846,Transportation,Bus Stop
Bus Stop - Sector 65,N/A,N/A,30.682476,76.743462,Transportation,Bus Stop
Sector 46 Bus Stop,N/A,N/A,30.702196,76.762964,Transportation,Bus Stop
Sector - 49A,N/A,N/A,30.697828,76.751719,Transportation,Bus Stop
Sector - 47B,N/A,N/A,N/A,N/A,Transportation,Bus Stop
Sector - 49A,N/A,N/A,30.693843,76.752732,Transportation,Bus Stop
Sector - 46C,N/A,N/A,N/A,N/A,Transportation,Bus Stop
Sector 44 Bus Stop,N/A,N/A,30.7098,76.765239,Transportation,Bus Stop
Sector - 45(Burail),N/A,N/A,30.705785,76.757525,Transportation,Bus Stop
Sector - 46B,N/A,N/A,30.704853,76.762486,Transportation,Bus Stop
Sector 46 Bus Stop,N/A,N/A,30.702196,76.762964,Transportation,Bus Stop
Bus Stop - Sector 51B,N/A,N/A,30.707748,76.741736,Transportation,Bus Stop
Sector 44 Bus Stop,N/A,N/A,30.7098,76.765239,Transportation,Bus Stop
Bus Stop - Sector 51B,N/A,N/A,30.707748,76.741736,Transportation,Bus Stop
Sector 44 Market,N/A,N/A,30.713187,76.752345,Transportation,Bus Stop
Sector 43/44,N/A,N/A,30.716456,76.752457,Transportation,Bus Stop
Sector 44/45,N/A,N/A,30.708795,76.754449,Transportation,Bus Stop
Sector 35/34,N/A,N/A,N/A,N/A,Transportation,Bus Stop
Sector - 42C,N/A,N/A,N/A,N/A,Transportation,Bus Stop
Sector 35 Market,N/A,N/A,30.726133,76.759084,Transportation,Bus Stop
Sector 34/35,N/A,N/A,N/A,N/A,Transportation,Bus Stop
Sector 43/44,N/A,N/A,30.716456,76.752457,Transportation,Bus Stop
Sector 35/34,N/A,N/A,N/A,N/A,Transportation,Bus Stop
Sector 23/22,N/A,N/A,30.735806,76.767321,Transportation,Bus Stop
Sector 22,N/A,N/A,30.730236,76.767062,Transportation,Bus Stop
Sector 41B,N/A,N/A,30.737272,76.741375,Transportation,Bus Stop
Sector - 42C,N/A,N/A,N/A,N/A,Transportation,Bus Stop
Sector 23/22,N/A,N/A,30.735806,76.767321,Transportation,Bus Stop
Sector 41B,N/A,N/A,30.737272,76.741375,Transportation,Bus Stop
Sector 23/16,N/A,N/A,30.743639,76.771031,Transportation,Bus Stop
Sector 38/37,N/A,N/A,30.739026,76.743816,Transportation,Bus Stop
Sector 22/23,N/A,N/A,30.736718,76.769219,Transportation,Bus Stop
Sector - 48B(Opposite),N/A,N/A,30.686574,76.762656,Transportation,Bus Stop
Sector - 49A,N/A,N/A,30.693843,76.752732,Transportation,Bus Stop
Sector 48,N/A,N/A,30.682639,76.755846,Transportation,Bus Stop
Bus Depot,N/A,N/A,30.684116,76.756336,Transportation,Bus Stop
Sector 48/49 (U.T. Border),N/A,N/A,N/A,N/A,Transportation,Bus Stop
Sector 46 Bus Stop,N/A,N/A,30.702196,76.762964,Transportation,Bus Stop
Sector - 49A,N/A,N/A,30.697828,76.751719,Transportation,Bus Stop
Sector - 47B,N/A,N/A,N/A,N/A,Transportation,Bus Stop
Sector - 49A,N/A,N/A,30.693843,76.752732,Transportation,Bus Stop
Sector - 46C,N/A,N/A,N/A,N/A,Transportation,Bus Stop
Sector 44 Bus Stop,N/A,N/A,30.7098,76.765239,Transportation,Bus Stop
Sector - 45(Burail),N/A,N/A,30.705785,76.757525,Transportation,Bus Stop
Sector - 46B,N/A,N/A,30.704853,76.762486,Transportation,Bus Stop
Sector 46 Bus Stop,N/A,N/A,30.702196,76.762964,Transportation,Bus Stop
Sector 44/45,N/A,N/A,30.708795,76.754449,Transportation,Bus Stop
Sector 44 Bus Stop,N/A,N/A,30.7098,76.765239,Transportation,Bus Stop
Sector 20/33,N/A,N/A,30.719634,76.774377,Transportation,Bus Stop
Sector 33/20,N/A,N/A,30.716317,76.776946,Transportation,Bus Stop
Sector 44 Market,N/A,N/A,30.713187,76.752345,Transportation,Bus Stop
Sector 43/44,N/A,N/A,30.716456,76.752457,Transportation,Bus Stop
Sector 35/34,N/A,N/A,N/A,N/A,Transportation,Bus Stop
Sector 20/33,N/A,N/A,30.719634,76.774377,Transportation,Bus Stop
Sector 33/20,N/A,N/A,30.716317,76.776946,Transportation,Bus Stop
Sector 34/35,N/A,N/A,N/A,N/A,Transportation,Bus Stop
Sector 43/44,N/A,N/A,30.716456,76.752457,Transportation,Bus Stop
Sector 35/34,N/A,N/A,N/A,N/A,Transportation,Bus Stop
Sector 23/22,N/A,N/A,30.735806,76.767321,Transportation,Bus Stop
Sector 22,N/A,N/A,30.730236,76.767062,Transportation,Bus Stop
Sector 22/35,N/A,N/A,30.729381,76.766094,Transportation,Bus Stop
Sector 22/23,N/A,N/A,30.736718,76.769219,Transportation,Bus Stop
Sector 23/22,N/A,N/A,30.735806,76.767321,Transportation,Bus Stop
Sector 23/16,N/A,N/A,30.743639,76.771031,Transportation,Bus Stop
Sector 22/23,N/A,N/A,30.736718,76.769219,Transportation,Bus Stop
Bus Stop - Sector 24C,N/A,N/A,30.744077,76.754585,Transportation,Bus Stop
Sector 22/17,N/A,N/A,30.735249,76.778027,Transportation,Bus Stop
