Phase-11 (Mohali),N/A,N/A,30.677279,76.748269,Transportation,Railway Station
Phase 11,N/A,N/A,30.680943,76.753979,Transportation,Railway Station
Tubewell Park,N/A,N/A,30.675799,76.743029,Transportation,Railway Station
Sector 48,N/A,N/A,30.682639,76.755846,Transportation,Railway Station
Dhillon Service station,N/A,N/A,30.685106,76.760723,Transportation,Railway Station
Sector - 45,N/A,N/A,30.708555,76.756482,Transportation,Railway Station
Dhillon Service station,N/A,N/A,30.685106,76.760723,Transportation,Railway Station
Sector 68/67,N/A,N/A,30.687284,76.731975,Transportation,Railway Station
Sector 51/50,N/A,N/A,N/A,N/A,Transportation,Railway Station
City Park,N/A,N/A,30.687488,76.730614,Transportation,Railway Station
Sector - 45,N/A,N/A,30.708555,76.756482,Transportation,Railway Station
Bus Station 43 Chandigarh,4.3,"(2,387)",30.716564,76.743267,Transportation,Railway Station
Sector 45/44 Towards ISBT 43,N/A,N/A,30.710432,76.757532,Transportation,Railway Station
General Bus Stand,3.9,(25),30.716356,76.743876,Transportation,Railway Station
Sector 43/44,N/A,N/A,30.716456,76.752457,Transportation,Railway Station
Viktaxi | Chandigarh Railway Station Taxi | Chandigarh Airport Taxi,5.0,(32),30.725534,76.759063,Transportation,Railway Station
Sector - 45,N/A,N/A,30.708555,76.756482,Transportation,Railway Station
Bus Station 43 Chandigarh,4.3,"(2,387)",30.716564,76.743267,Transportation,Railway Station
Sector 45/44 Towards ISBT 43,N/A,N/A,30.710432,76.757532,Transportation,Railway Station
General Bus Stand,3.9,(25),30.716356,76.743876,Transportation,Railway Station
Bus Station 43 Chandigarh,N/A,N/A,30.716564,76.743267,Transportation,Railway Station
General Bus Stand,N/A,N/A,30.716356,76.743876,Transportation,Railway Station
Sector 43/44,N/A,N/A,30.716456,76.752457,Transportation,Railway Station
ISBT Sector-43,N/A,N/A,30.717167,76.743415,Transportation,Railway Station
Cloak Room,N/A,N/A,30.71683,76.744197,Transportation,Railway Station
Cell Station Air Ticket,N/A,N/A,30.738101,76.766271,Transportation,Railway Station
Viktaxi | Chandigarh Railway Station Taxi | Chandigarh Airport Taxi,N/A,N/A,30.725534,76.759063,Transportation,Railway Station
Sector-41B (Buterla),N/A,N/A,30.731905,76.738111,Transportation,Railway Station
Railway Ticket Booking,N/A,N/A,30.731935,76.734633,Transportation,Railway Station
Sector 23/22,N/A,N/A,30.735806,76.767321,Transportation,Railway Station
Cell Station Air Ticket,N/A,N/A,30.738101,76.766271,Transportation,Railway Station
Sector-41B (Buterla),N/A,N/A,30.731905,76.738111,Transportation,Railway Station
Railway Ticket Booking,N/A,N/A,30.731935,76.734633,Transportation,Railway Station
Sector 23/22,N/A,N/A,30.735806,76.767321,Transportation,Railway Station
Sector 35/22,N/A,N/A,N/A,N/A,Transportation,Railway Station
Phase-11 (Mohali),N/A,N/A,30.677279,76.748269,Transportation,Railway Station
Phase 11,N/A,N/A,30.680943,76.753979,Transportation,Railway Station
Tubewell Park,N/A,N/A,30.675799,76.743029,Transportation,Railway Station
Sector 48,N/A,N/A,30.682639,76.755846,Transportation,Railway Station
Dhillon Service station,N/A,N/A,30.685106,76.760723,Transportation,Railway Station
Sector - 45,N/A,N/A,30.708555,76.756482,Transportation,Railway Station
Sector 45/44 Towards ISBT 43,N/A,N/A,30.710432,76.757532,Transportation,Railway Station
Sector 51/50,N/A,N/A,N/A,N/A,Transportation,Railway Station
Sector 45-C Police Post Burail,N/A,N/A,30.704535,76.757577,Transportation,Railway Station
Amalia Pump CNG Filling Centre,4.0,"(2,718)",30.709726,76.748739,Transportation,Railway Station
Viktaxi | Chandigarh Railway Station Taxi | Chandigarh Airport Taxi,5.0,(32),30.725534,76.759063,Transportation,Railway Station
Sector - 45,N/A,N/A,30.708555,76.756482,Transportation,Railway Station
Bus Station 43 Chandigarh,4.3,"(2,387)",30.716564,76.743267,Transportation,Railway Station
Sector 45/44 Towards ISBT 43,N/A,N/A,30.710432,76.757532,Transportation,Railway Station
General Bus Stand,3.9,(25),30.716356,76.743876,Transportation,Railway Station
Viktaxi | Chandigarh Railway Station Taxi | Chandigarh Airport Taxi,N/A,N/A,30.725534,76.759063,Transportation,Railway Station
General Bus Stand,N/A,N/A,30.716356,76.743876,Transportation,Railway Station
Sector 43/44,N/A,N/A,30.716456,76.752457,Transportation,Railway Station
Cloak Room,N/A,N/A,30.71683,76.744197,Transportation,Railway Station
AC Dormitory Rest House,N/A,N/A,30.716863,76.744216,Transportation,Railway Station
Cell Station Air Ticket,N/A,N/A,30.738101,76.766271,Transportation,Railway Station
Viktaxi | Chandigarh Railway Station Taxi | Chandigarh Airport Taxi,N/A,N/A,30.725534,76.759063,Transportation,Railway Station
Sector-41B (Buterla),N/A,N/A,30.731905,76.738111,Transportation,Railway Station
Railway Ticket Booking,N/A,N/A,30.731935,76.734633,Transportation,Railway Station
Indian Railway Catering and Tourism Corporation Ltd,N/A,N/A,30.723304,76.768915,Transportation,Railway Station
Northern Riders,N/A,N/A,30.744381,76.744292,Transportation,Railway Station
Sector 41/37,N/A,N/A,30.734454,76.744986,Transportation,Railway Station
Sood Dharamshala,N/A,N/A,30.733058,76.763796,Transportation,Railway Station
Wings Travels,N/A,N/A,30.74095,76.74461,Transportation,Railway Station
Outstation Cabs Chandigarh,N/A,N/A,30.737366,76.763548,Transportation,Railway Station
Sector 48,N/A,N/A,30.682639,76.755846,Transportation,Railway Station
Dhillon Service station,N/A,N/A,30.685106,76.760723,Transportation,Railway Station
Sector 48A,N/A,N/A,30.687013,76.758199,Transportation,Railway Station
Friends Auto Car Workshop,N/A,N/A,30.685189,76.760835,Transportation,Railway Station
Sector - 47B,3.9,(7),N/A,N/A,Transportation,Railway Station
Sector 47 Market,3.0,(6),30.695798,76.769413,Transportation,Railway Station
Sector - 45,N/A,N/A,30.708555,76.756482,Transportation,Railway Station
Sector 45/44 Towards ISBT 43,N/A,N/A,30.710432,76.757532,Transportation,Railway Station
Sector 45-C Police Post Burail,N/A,N/A,30.704535,76.757577,Transportation,Railway Station
Hotel Grace,3.1,(11),30.708065,76.757639,Transportation,Railway Station
Hotel City Palace,3.5,(590),30.706413,76.764039,Transportation,Railway Station
Viktaxi | Chandigarh Railway Station Taxi | Chandigarh Airport Taxi,5.0,(32),30.725534,76.759063,Transportation,Railway Station
Sector - 45,N/A,N/A,30.708555,76.756482,Transportation,Railway Station
Bus Station 43 Chandigarh,4.3,"(2,387)",30.716564,76.743267,Transportation,Railway Station
Sector 45/44 Towards ISBT 43,N/A,N/A,30.710432,76.757532,Transportation,Railway Station
General Bus Stand,3.9,(25),30.716356,76.743876,Transportation,Railway Station
Viktaxi | Chandigarh Railway Station Taxi | Chandigarh Airport Taxi,5.0,(32),30.725534,76.759063,Transportation,Railway Station
Indian Railway Catering and Tourism Corporation Ltd,3.8,(12),30.723304,76.768915,Transportation,Railway Station
Sector 43/44,N/A,N/A,30.716456,76.752457,Transportation,Railway Station
Sector 34/35,4.0,(5),N/A,N/A,Transportation,Railway Station
Sector 44A,4.7,(3),30.716063,76.752181,Transportation,Railway Station
Railway station chd pkl,N/A,N/A,30.733314,76.779417,Transportation,Railway Station
Railway Reservation Centre Sector 17,N/A,N/A,30.735581,76.779521,Transportation,Railway Station
Sector 21A/ 21,N/A,N/A,30.732751,76.778679,Transportation,Railway Station
Cell Station Air Ticket,N/A,N/A,30.738101,76.766271,Transportation,Railway Station
Viktaxi | Chandigarh Railway Station Taxi | Chandigarh Airport Taxi,N/A,N/A,30.725534,76.759063,Transportation,Railway Station
Railway station chd pkl,N/A,N/A,30.733314,76.779417,Transportation,Railway Station
Railway Reservation Centre Sector 17,N/A,N/A,30.735581,76.779521,Transportation,Railway Station
Sector 23/16,N/A,N/A,30.743639,76.771031,Transportation,Railway Station
Sector 21A/ 21,N/A,N/A,30.732751,76.778679,Transportation,Railway Station
Cell Station Air Ticket,N/A,N/A,30.738101,76.766271,Transportation,Railway Station
Dhillon Service station,4.1,(45),30.685106,76.760723,Transportation,Railway Station
Sector 48A,N/A,N/A,30.687013,76.758199,Transportation,Railway Station
Friends Auto Car Workshop,4.0,(1),30.685189,76.760835,Transportation,Railway Station
Sector - 47B,3.9,(7),N/A,N/A,Transportation,Railway Station
Sector 32/31,N/A,N/A,30.702771,76.773577,Transportation,Railway Station
Sector 47 Market,3.0,(6),30.695798,76.769413,Transportation,Railway Station
Sector - 45,N/A,N/A,30.708555,76.756482,Transportation,Railway Station
Sector 45/44 Towards ISBT 43,N/A,N/A,30.710432,76.757532,Transportation,Railway Station
Sector 32/31,N/A,N/A,30.702771,76.773577,Transportation,Railway Station
Two-wheeler parking of SD College,5.0,(1),30.704541,76.772845,Transportation,Railway Station
Sector - 33C,4.0,(10),30.710981,76.772285,Transportation,Railway Station
Sector - 45,N/A,N/A,30.708555,76.756482,Transportation,Railway Station
Sector 45/44 Towards ISBT 43,N/A,N/A,30.710432,76.757532,Transportation,Railway Station
Sector - 33C,N/A,N/A,30.710981,76.772285,Transportation,Railway Station
Hotel Grace,N/A,N/A,30.708065,76.757639,Transportation,Railway Station
Itsy Hotels Southend,N/A,N/A,30.719893,76.757994,Transportation,Railway Station
Railway station chd pkl,3.7,(3),30.733314,76.779417,Transportation,Railway Station
Sector 21A/ 21,3.9,(9),30.732751,76.778679,Transportation,Railway Station
Viktaxi | Chandigarh Railway Station Taxi | Chandigarh Airport Taxi,5.0,(32),30.725534,76.759063,Transportation,Railway Station
Sector 45/44 Towards ISBT 43,N/A,N/A,30.710432,76.757532,Transportation,Railway Station
Sector 17/18,3.3,(3),30.734448,76.781184,Transportation,Railway Station
Viktaxi | Chandigarh Railway Station Taxi | Chandigarh Airport Taxi,5.0,(32),30.725534,76.759063,Transportation,Railway Station
Sector 23/22,4.6,(5),30.735806,76.767321,Transportation,Railway Station
Sector 35/22,N/A,N/A,N/A,N/A,Transportation,Railway Station
Sector 34/35,4.0,(5),N/A,N/A,Transportation,Railway Station
Sector 36/35,3.3,(6),30.729998,76.758103,Transportation,Railway Station
Sector 23/16,5.0,(2),30.743639,76.771031,Transportation,Railway Station
Cell Station Air Ticket,4.5,(2),30.738101,76.766271,Transportation,Railway Station
Sector 23/22,4.6,(5),30.735806,76.767321,Transportation,Railway Station
Sood Dharamshala,4.0,"(4,091)",30.733058,76.763796,Transportation,Railway Station
Student Hostel Sanatan Dharam Sanskrit Mahavidyalya,4.8,(9),30.737323,76.767275,Transportation,Railway Station
