Waraich Taxi Stand,4.8,(90),30.687509,76.737874,Transportation,Taxi Stand
Sunil Tour & Travels,4.7,(69),30.692485,76.743972,Transportation,Taxi Stand
Samar Holidays Taxi Hire Service Chandigarh,5.0,(25),30.692461,76.743871,Transportation,Taxi Stand
NEW BAIDWAN TAXI SERVICE SECTOR -69,4.8,(24),30.690739,76.723556,Transportation,Taxi Stand
Karan Taxi Stand,4.9,(111),30.697666,76.721169,Transportation,Taxi Stand
Waraich Taxi Stand,4.8,(90),30.687509,76.737874,Transportation,Taxi Stand
mohali taxi service,4.8,(23),N/A,N/A,Transportation,Taxi Stand
Sunil Tour & Travels,4.7,(69),30.692485,76.743972,Transportation,Taxi Stand
RAWAT - Taxi Service Chandigarh : One Way To Delhi Airport,5.0,(40),30.700018,76.75326,Transportation,Taxi Stand
White Taxi India Cab Service Chandigarh,5.0,(53),30.695614,76.725486,Transportation,Taxi Stand
Fast Cab Taxi service Chandigarh,4.9,(38),30.707638,76.755443,Transportation,Taxi Stand
Sharma Tours And Travel - Taxi Service,4.9,(132),30.711484,76.757359,Transportation,Taxi Stand
mohali taxi service,4.8,(23),N/A,N/A,Transportation,Taxi Stand
Mantra Tour & Travels: Taxi Service in Chandigarh,4.9,(357),30.710862,76.735621,Transportation,Taxi Stand
RAWAT - Taxi Service Chandigarh : One Way To Delhi Airport,5.0,(40),30.700018,76.75326,Transportation,Taxi Stand
H & B Cab,4.9,(333),30.716747,76.75864,Transportation,Taxi Stand
taxi service kiran travels,4.4,(39),30.715142,76.742866,Transportation,Taxi Stand
Chandigarh To Delhi Cabs,5.0,(60),30.712422,76.736617,Transportation,Taxi Stand
Fast Cab Taxi service Chandigarh,4.9,(38),30.707638,76.755443,Transportation,Taxi Stand
Sharma Tours And Travel - Taxi Service,4.9,(132),30.711484,76.757359,Transportation,Taxi Stand
H & B Cab,4.9,(333),30.716747,76.75864,Transportation,Taxi Stand
Om Sai Travels - Cab Service In Chandigarh,4.8,(40),30.728012,76.749827,Transportation,Taxi Stand
Tinka Taxi Stand,4.6,(31),30.724214,76.726424,Transportation,Taxi Stand
BEST TAXI SERVICE IN CHANDIGARH SHIMLA MANALI TOUR PACKAGES OUT STATION TAXI SERVICE - CHANDIGARH CAR RENTAL,4.9,(131),30.730932,76.735403,Transportation,Taxi Stand
Viktaxi | Chandigarh Railway Station Taxi | Chandigarh Airport Taxi,5.0,(32),30.725534,76.759063,Transportation,Taxi Stand
BEST TAXI SERVICE IN CHANDIGARH SHIMLA MANALI TOUR PACKAGES OUT STATION TAXI SERVICE - CHANDIGARH CAR RENTAL,4.9,(131),30.730932,76.735403,Transportation,Taxi Stand
Saini Taxi Services,4.8,(70),30.731559,76.738831,Transportation,Taxi Stand
CAB SERVICE IN CHANDIGARH,4.7,(72),30.733453,76.736222,Transportation,Taxi Stand
Mr Singh Cab,4.7,(113),N/A,N/A,Transportation,Taxi Stand
Om Sai Travels - Cab Service In Chandigarh,4.8,(40),30.728012,76.749827,Transportation,Taxi Stand
CAB SERVICE IN CHANDIGARH,4.7,(72),30.733453,76.736222,Transportation,Taxi Stand
Mr Singh Cab,4.7,(113),N/A,N/A,Transportation,Taxi Stand
Balaji Taxi services,4.9,(39),30.733321,76.738396,Transportation,Taxi Stand
Saini Taxi Services,4.8,(70),30.731559,76.738831,Transportation,Taxi Stand
Shiv Shakti Tour & Travels - Outstation Taxi Service - Corporate Taxi Service In Chandigarh,5.0,(111),30.734453,76.735552,Transportation,Taxi Stand
Waraich Taxi Stand,4.8,(90),30.687509,76.737874,Transportation,Taxi Stand
VISHAL TAXI SERVICE | One Way Taxi Service | Best Taxi Service in Chandigarh/Mohali/Panchkula.,4.9,(70),30.692562,76.765838,Transportation,Taxi Stand
Sunil Tour & Travels,4.7,(69),30.692485,76.743972,Transportation,Taxi Stand
Samar Holidays Taxi Hire Service Chandigarh,5.0,(25),30.692461,76.743871,Transportation,Taxi Stand
B.A Taxi Service,5.0,(79),30.680192,76.746765,Transportation,Taxi Stand
VISHAL TAXI SERVICE | One Way Taxi Service | Best Taxi Service in Chandigarh/Mohali/Panchkula.,4.9,(70),30.692562,76.765838,Transportation,Taxi Stand
Waraich Taxi Stand,4.8,(90),30.687509,76.737874,Transportation,Taxi Stand
Sunil Tour & Travels,4.7,(69),30.692485,76.743972,Transportation,Taxi Stand
RAWAT - Taxi Service Chandigarh : One Way To Delhi Airport,5.0,(40),30.700018,76.75326,Transportation,Taxi Stand
Samar Holidays Taxi Hire Service Chandigarh,5.0,(25),30.692461,76.743871,Transportation,Taxi Stand
Fast Cab Taxi service Chandigarh,4.9,(38),30.707638,76.755443,Transportation,Taxi Stand
Satish Taxi,5.0,(26),30.708024,76.765031,Transportation,Taxi Stand
Sharma Tours And Travel - Taxi Service,4.9,(132),30.711484,76.757359,Transportation,Taxi Stand
Mantra Tour & Travels: Taxi Service in Chandigarh,4.9,(357),30.710862,76.735621,Transportation,Taxi Stand
RAWAT - Taxi Service Chandigarh : One Way To Delhi Airport,5.0,(40),30.700018,76.75326,Transportation,Taxi Stand
H & B Cab,4.9,(333),30.716747,76.75864,Transportation,Taxi Stand
taxi service kiran travels,4.4,(39),30.715142,76.742866,Transportation,Taxi Stand
Chandigarh To Delhi Cabs,5.0,(60),30.712422,76.736617,Transportation,Taxi Stand
Fast Cab Taxi service Chandigarh,4.9,(38),30.707638,76.755443,Transportation,Taxi Stand
Satish Taxi,5.0,(26),30.708024,76.765031,Transportation,Taxi Stand
H & B Cab,4.9,(333),30.716747,76.75864,Transportation,Taxi Stand
Om Sai Travels - Cab Service In Chandigarh,4.8,(40),30.728012,76.749827,Transportation,Taxi Stand
BEST TAXI SERVICE IN CHANDIGARH SHIMLA MANALI TOUR PACKAGES OUT STATION TAXI SERVICE - CHANDIGARH CAR RENTAL,4.9,(131),30.730932,76.735403,Transportation,Taxi Stand
MOHAN TRAVELS - Best Taxi Service Chandigarh,4.9,(49),30.722929,76.76243,Transportation,Taxi Stand
Guru Teg Bahadur Taxi Stand | Luxury Fortuner Car for Wedding in Chandigarh,4.9,(46),30.7176,76.767097,Transportation,Taxi Stand
BEST TAXI SERVICE IN CHANDIGARH SHIMLA MANALI TOUR PACKAGES OUT STATION TAXI SERVICE - CHANDIGARH CAR RENTAL,4.9,(131),30.730932,76.735403,Transportation,Taxi Stand
Saini Taxi Services,4.8,(70),30.731559,76.738831,Transportation,Taxi Stand
CAB SERVICE IN CHANDIGARH,4.7,(72),30.733453,76.736222,Transportation,Taxi Stand
Mr Singh Cab,4.7,(113),N/A,N/A,Transportation,Taxi Stand
Om Sai Travels - Cab Service In Chandigarh,4.8,(40),30.728012,76.749827,Transportation,Taxi Stand
Mr Singh Cab,4.7,(113),N/A,N/A,Transportation,Taxi Stand
BABA TRAVELS CHANDIGARH,4.8,(32),30.745543,76.743937,Transportation,Taxi Stand
Taxi Service In Chandigarh -Tempo Traveller For Tour -ABROL MOTOR,4.9,(19),30.735982,76.744376,Transportation,Taxi Stand
Dashmesh Taxi Stand,3.1,(7),30.738796,76.748664,Transportation,Taxi Stand
Narinder Taxi Stand,4.3,(3),30.734355,76.753116,Transportation,Taxi Stand
VISHAL TAXI SERVICE | One Way Taxi Service | Best Taxi Service in Chandigarh/Mohali/Panchkula.,4.9,(70),30.692562,76.765838,Transportation,Taxi Stand
Waraich Taxi Stand,4.8,(90),30.687509,76.737874,Transportation,Taxi Stand
Sunil Tour & Travels,4.7,(69),30.692485,76.743972,Transportation,Taxi Stand
Samar Holidays Taxi Hire Service Chandigarh,5.0,(25),30.692461,76.743871,Transportation,Taxi Stand
B.A Taxi Service,5.0,(79),30.680192,76.746765,Transportation,Taxi Stand
VISHAL TAXI SERVICE | One Way Taxi Service | Best Taxi Service in Chandigarh/Mohali/Panchkula.,4.9,(70),30.692562,76.765838,Transportation,Taxi Stand
Waraich Taxi Stand,4.8,(90),30.687509,76.737874,Transportation,Taxi Stand
Sunil Tour & Travels,4.7,(69),30.692485,76.743972,Transportation,Taxi Stand
RAWAT - Taxi Service Chandigarh : One Way To Delhi Airport,5.0,(40),30.700018,76.75326,Transportation,Taxi Stand
Samar Holidays Taxi Hire Service Chandigarh,5.0,(25),30.692461,76.743871,Transportation,Taxi Stand
Fast Cab Taxi service Chandigarh,4.9,(38),30.707638,76.755443,Transportation,Taxi Stand
Satish Taxi,5.0,(26),30.708024,76.765031,Transportation,Taxi Stand
Sharma Tours And Travel - Taxi Service,4.9,(132),30.711484,76.757359,Transportation,Taxi Stand
RAWAT - Taxi Service Chandigarh : One Way To Delhi Airport,5.0,(40),30.700018,76.75326,Transportation,Taxi Stand
Northern Travels - Chandigarh Taxi services,4.7,(24),30.707475,76.757704,Transportation,Taxi Stand
Guru Teg Bahadur Taxi Stand | Luxury Fortuner Car for Wedding in Chandigarh,4.9,(46),30.7176,76.767097,Transportation,Taxi Stand
H & B Cab,4.9,(333),30.716747,76.75864,Transportation,Taxi Stand
taxi service kiran travels,4.4,(39),30.715142,76.742866,Transportation,Taxi Stand
Fast Cab Taxi service Chandigarh,4.9,(38),30.707638,76.755443,Transportation,Taxi Stand
Satish Taxi,5.0,(26),30.708024,76.765031,Transportation,Taxi Stand
Guru Teg Bahadur Taxi Stand | Luxury Fortuner Car for Wedding in Chandigarh,4.9,(46),30.7176,76.767097,Transportation,Taxi Stand
H & B Cab,4.9,(333),30.716747,76.75864,Transportation,Taxi Stand
Om Sai Travels - Cab Service In Chandigarh,4.8,(40),30.728012,76.749827,Transportation,Taxi Stand
MOHAN TRAVELS - Best Taxi Service Chandigarh,4.9,(49),30.722929,76.76243,Transportation,Taxi Stand
Aroma Taxi Stand,3.8,(89),30.729147,76.771926,Transportation,Taxi Stand
Saini Taxi Services,4.8,(70),30.731559,76.738831,Transportation,Taxi Stand
Mr Singh Cab,4.7,(113),N/A,N/A,Transportation,Taxi Stand
Om Sai Travels - Cab Service In Chandigarh,4.8,(40),30.728012,76.749827,Transportation,Taxi Stand
Balaji Taxi services,4.9,(39),30.733321,76.738396,Transportation,Taxi Stand
Bajwa Taxi Services,4.9,(150),30.732257,76.739286,Transportation,Taxi Stand
Mr Singh Cab,4.7,(113),N/A,N/A,Transportation,Taxi Stand
"Taxi point | outstation cab in Chandigarh| Taxi in Chandigarh |One way taxi Chandigarh Delhi, Amritsar, Manali",4.8,(150),30.740867,76.768711,Transportation,Taxi Stand
Saini Taxi Services,4.8,(70),30.731559,76.738831,Transportation,Taxi Stand
Balaji Taxi services,4.9,(39),30.733321,76.738396,Transportation,Taxi Stand
CAB SERVICE IN CHANDIGARH,4.7,(72),30.733453,76.736222,Transportation,Taxi Stand
VISHAL TAXI SERVICE | One Way Taxi Service | Best Taxi Service in Chandigarh/Mohali/Panchkula.,4.9,(70),30.692562,76.765838,Transportation,Taxi Stand
Waraich Taxi Stand,4.8,(90),30.687509,76.737874,Transportation,Taxi Stand
B.A Taxi Service,5.0,(79),30.680192,76.746765,Transportation,Taxi Stand
Guru Ji Travels,5.0,(26),30.692579,76.765501,Transportation,Taxi Stand
Sunil Tour & Travels,4.7,(69),30.692485,76.743972,Transportation,Taxi Stand
VISHAL TAXI SERVICE | One Way Taxi Service | Best Taxi Service in Chandigarh/Mohali/Panchkula.,4.9,(70),30.692562,76.765838,Transportation,Taxi Stand
RAWAT - Taxi Service Chandigarh : One Way To Delhi Airport,5.0,(40),30.700018,76.75326,Transportation,Taxi Stand
Waraich Taxi Stand,4.8,(90),30.687509,76.737874,Transportation,Taxi Stand
Prisha Car Rental,5.0,(25),30.69606,76.764355,Transportation,Taxi Stand
Tour and Travel In Chandigarh | Taxi Service in Chandigarh | Chandigarh to Delhi Taxi Services,5.0,(26),30.700506,76.761271,Transportation,Taxi Stand
Fast Cab Taxi service Chandigarh,4.9,(38),30.707638,76.755443,Transportation,Taxi Stand
Satish Taxi,5.0,(26),30.708024,76.765031,Transportation,Taxi Stand
Sharma Tours And Travel - Taxi Service,4.9,(132),30.711484,76.757359,Transportation,Taxi Stand
RAWAT - Taxi Service Chandigarh : One Way To Delhi Airport,5.0,(40),30.700018,76.75326,Transportation,Taxi Stand
Northern Travels - Chandigarh Taxi services,4.7,(24),30.707475,76.757704,Transportation,Taxi Stand
Guru Teg Bahadur Taxi Stand | Luxury Fortuner Car for Wedding in Chandigarh,4.9,(46),30.7176,76.767097,Transportation,Taxi Stand
H & B Cab,4.9,(333),30.716747,76.75864,Transportation,Taxi Stand
Fast Cab Taxi service Chandigarh,4.9,(38),30.707638,76.755443,Transportation,Taxi Stand
Satish Taxi,5.0,(26),30.708024,76.765031,Transportation,Taxi Stand
Sharma Tours And Travel - Taxi Service,4.9,(132),30.711484,76.757359,Transportation,Taxi Stand
Guru Teg Bahadur Taxi Stand | Luxury Fortuner Car for Wedding in Chandigarh,4.9,(46),30.7176,76.767097,Transportation,Taxi Stand
H & B Cab,4.9,(333),30.716747,76.75864,Transportation,Taxi Stand
Om Sai Travels - Cab Service In Chandigarh,4.8,(40),30.728012,76.749827,Transportation,Taxi Stand
Aroma Taxi Stand,3.8,(89),30.729147,76.771926,Transportation,Taxi Stand
MOHAN TRAVELS - Best Taxi Service Chandigarh,4.9,(49),30.722929,76.76243,Transportation,Taxi Stand
Mr Singh Cab,4.7,(113),N/A,N/A,Transportation,Taxi Stand
Aroma Taxi Stand,3.8,(89),30.729147,76.771926,Transportation,Taxi Stand
Om Sai Travels - Cab Service In Chandigarh,4.8,(40),30.728012,76.749827,Transportation,Taxi Stand
Ankit Tour & Travel - Taxi Service in Chandigarh,4.9,(111),30.736747,76.773328,Transportation,Taxi Stand
RK Taxi Service,4.9,(220),30.735539,76.778464,Transportation,Taxi Stand
Mr Singh Cab,4.7,(113),N/A,N/A,Transportation,Taxi Stand
"Taxi point | outstation cab in Chandigarh| Taxi in Chandigarh |One way taxi Chandigarh Delhi, Amritsar, Manali",4.8,(150),30.740867,76.768711,Transportation,Taxi Stand
Ankit Tour & Travel - Taxi Service in Chandigarh,4.9,(111),30.736747,76.773328,Transportation,Taxi Stand
RK Taxi Service,4.9,(220),30.735539,76.778464,Transportation,Taxi Stand
"Chandigarh taxi service , taxi service in chandigarh Guru Travels",5.0,(19),30.732814,76.776211,Transportation,Taxi Stand
