Leisure Valley Park Mohali,4.6,(971),30.699905,76.736661,Entertainment,Amusement Park
Sector-48A Park,4.3,(545),30.689783,76.759544,Entertainment,Amusement Park
City Park,4.3,"(4,298)",30.687488,76.730614,Entertainment,Amusement Park
Botanical Garden,4.5,(17),30.696358,76.732389,Entertainment,Amusement Park
Aqua Designing,3.7,(34),30.711358,76.760708,Entertainment,Amusement Park
Leisure Valley Park Mohali,4.6,(971),30.699905,76.736661,Entertainment,Amusement Park
Park 9,4.4,(84),30.709576,76.744879,Entertainment,Amusement Park
Sec 61 Park,4.3,"(1,010)",30.707722,76.730511,Entertainment,Amusement Park
Botanical Garden,4.5,(17),30.696358,76.732389,Entertainment,Amusement Park
Water Sculpture Park,5.0,(2),30.72116,76.765199,Entertainment,Amusement Park
Aqua Designing,3.7,(34),30.711358,76.760708,Entertainment,Amusement Park
Park 9,4.4,(84),30.709576,76.744879,Entertainment,Amusement Park
Green Park,4.4,(204),N/A,N/A,Entertainment,Amusement Park
Garden Of Palms,4.2,(247),30.725782,76.737136,Entertainment,Amusement Park
New Lake,4.0,(293),30.727078,76.738123,Entertainment,Amusement Park
Green Park,4.4,(204),N/A,N/A,Entertainment,Amusement Park
Mystery Rooms Chandigarh - OFFICIAL Escape Rooms,4.5,"(1,079)",30.720089,76.757785,Entertainment,Amusement Park
New Lake,4.0,(293),30.727078,76.738123,Entertainment,Amusement Park
Dahlia Garden kids area,4.0,(6),30.730313,76.754739,Entertainment,Amusement Park
Green Park,4.4,(204),N/A,N/A,Entertainment,Amusement Park
Leisure Valley Park Mohali,4.6,(971),30.699905,76.736661,Entertainment,Amusement Park
Sector-48A Park,4.3,(545),30.689783,76.759544,Entertainment,Amusement Park
Park,3.7,(3),30.697578,76.770867,Entertainment,Amusement Park
Aqua Designing,3.7,(34),30.711358,76.760708,Entertainment,Amusement Park
Leisure Valley Park Mohali,4.6,(971),30.699905,76.736661,Entertainment,Amusement Park
Park 9,4.4,(84),30.709576,76.744879,Entertainment,Amusement Park
Park,3.7,(3),30.697578,76.770867,Entertainment,Amusement Park
Water Sculpture Park,5.0,(2),30.72116,76.765199,Entertainment,Amusement Park
Aqua Designing,3.7,(34),30.711358,76.760708,Entertainment,Amusement Park
Park 9,4.4,(84),30.709576,76.744879,Entertainment,Amusement Park
Green Park,4.4,(204),N/A,N/A,Entertainment,Amusement Park
Jurassic World Carnival,4.1,(8),30.719131,76.769339,Entertainment,Amusement Park
Water Sculpture Park,5.0,(2),30.72116,76.765199,Entertainment,Amusement Park
Aqua Designing,3.7,(34),30.711358,76.760708,Entertainment,Amusement Park
New Lake,4.0,(293),30.727078,76.738123,Entertainment,Amusement Park
Children Playing Park,5.0,(1),30.732295,76.760185,Entertainment,Amusement Park
Dahlia Garden kids area,4.0,(6),30.730313,76.754739,Entertainment,Amusement Park
Children Playing Park,5.0,(1),30.732295,76.760185,Entertainment,Amusement Park
Dahlia Garden kids area,4.0,(6),30.730313,76.754739,Entertainment,Amusement Park
Green Park,4.4,(204),N/A,N/A,Entertainment,Amusement Park
Kids playing area,4.0,(3),30.733003,76.759667,Entertainment,Amusement Park
Park 4,4.1,(11),30.741135,76.758523,Entertainment,Amusement Park
Kids playing area,4.0,(3),30.733003,76.759667,Entertainment,Amusement Park
Sector-48A Park,4.3,(545),30.689783,76.759544,Entertainment,Amusement Park
Park,3.7,(3),30.697578,76.770867,Entertainment,Amusement Park
Sector-48A Park,4.3,(545),30.689783,76.759544,Entertainment,Amusement Park
Park,3.7,(3),30.697578,76.770867,Entertainment,Amusement Park
Aqua Designing,3.7,(34),30.711358,76.760708,Entertainment,Amusement Park
Aqua Designing,3.7,(34),30.711358,76.760708,Entertainment,Amusement Park
Jurassic World Carnival,4.1,(8),30.719131,76.769339,Entertainment,Amusement Park
Water Sculpture Park,5.0,(2),30.72116,76.765199,Entertainment,Amusement Park
dolphin park,4.3,(328),30.728434,76.768834,Entertainment,Amusement Park
Jurassic World Carnival,4.1,(8),30.719131,76.769339,Entertainment,Amusement Park
Mystery Rooms Chandigarh - OFFICIAL Escape Rooms,4.5,"(1,079)",30.720089,76.757785,Entertainment,Amusement Park
Children Playing Park,5.0,(1),30.732295,76.760185,Entertainment,Amusement Park
Dahlia Garden kids area,4.0,(6),30.730313,76.754739,Entertainment,Amusement Park
dolphin park,4.3,(328),30.728434,76.768834,Entertainment,Amusement Park
Kids playing area,4.0,(3),30.733003,76.759667,Entertainment,Amusement Park
Park 4,4.1,(11),30.741135,76.758523,Entertainment,Amusement Park
Kids playing area,4.0,(3),30.733003,76.759667,Entertainment,Amusement Park
Sector-48A Park,4.3,(545),30.689783,76.759544,Entertainment,Amusement Park
Park,3.7,(3),30.697578,76.770867,Entertainment,Amusement Park
Aqua Designing,3.7,(34),30.711358,76.760708,Entertainment,Amusement Park
Aqua Designing,3.7,(34),30.711358,76.760708,Entertainment,Amusement Park
Jurassic World Carnival,4.1,(8),30.719131,76.769339,Entertainment,Amusement Park
Water Sculpture Park,5.0,(2),30.72116,76.765199,Entertainment,Amusement Park
Aqua Designing,3.7,(34),30.711358,76.760708,Entertainment,Amusement Park
Surya Fun City Ltd,3.0,(3),30.732131,76.776845,Entertainment,Amusement Park
Children Playing Park,5.0,(1),30.732295,76.760185,Entertainment,Amusement Park
Dahlia Garden kids area,4.0,(6),30.730313,76.754739,Entertainment,Amusement Park
Children Playing Park,5.0,(1),30.732295,76.760185,Entertainment,Amusement Park
dolphin park,4.3,(328),30.728434,76.768834,Entertainment,Amusement Park
Kids playing area,4.0,(3),30.733003,76.759667,Entertainment,Amusement Park
Park 4,4.1,(11),30.741135,76.758523,Entertainment,Amusement Park
Surya Fun City Ltd,3.0,(3),30.732131,76.776845,Entertainment,Amusement Park
Children Playing Park,5.0,(1),30.732295,76.760185,Entertainment,Amusement Park
Dahlia Garden kids area,4.0,(6),30.730313,76.754739,Entertainment,Amusement Park
dolphin park,4.3,(328),30.728434,76.768834,Entertainment,Amusement Park
