Viijay Kuumar Stand up Comedian Anchor,5.0,(73),30.741576,76.758743,Entertainment,Comedy Club
VShiine Event,4.8,(12),30.741559,76.758753,Entertainment,Comedy Club
The Mad House,5.0,(65),N/A,N/A,Entertainment,Comedy Club
Viijay Kuumar Stand up Comedian Anchor,5.0,(73),30.741576,76.758743,Entertainment,Comedy Club
VShiine Event,4.8,(12),30.741559,76.758753,Entertainment,Comedy Club
Viijay Kuumar Stand up Comedian Anchor,5.0,(73),30.741576,76.758743,Entertainment,Comedy Club
VShiine Event,4.8,(12),30.741559,76.758753,Entertainment,Comedy Club
The Mad House,5.0,(65),N/A,N/A,Entertainment,Comedy Club
The Mad House,5.0,(65),N/A,N/A,Entertainment,Comedy Club
PLATINUM ARTS ENTERTAINMENT,4.8,(35),30.740727,76.780101,Entertainment,Comedy Club
Viijay Kuumar Stand up Comedian Anchor,5.0,(73),30.741576,76.758743,Entertainment,Comedy Club
PLATINUM ARTS ENTERTAINMENT,4.8,(35),30.740727,76.780101,Entertainment,Comedy Club
Viijay Kuumar Stand up Comedian Anchor,5.0,(73),30.741576,76.758743,Entertainment,Comedy Club
The Mad House,5.0,(65),N/A,N/A,Entertainment,Comedy Club
The Mad House,5.0,(65),N/A,N/A,Entertainment,Comedy Club
The Mad House,5.0,(65),N/A,N/A,Entertainment,Comedy Club
Viijay Kuumar Stand up Comedian Anchor,5.0,(73),30.741576,76.758743,Entertainment,Comedy Club
VShiine Event,4.8,(12),30.741559,76.758753,Entertainment,Comedy Club
