Shri Parshuram Bhawan,4.3,(747),30.735659,76.751976,Entertainment,Concert Hall
Shri Parshuram Bhawan,4.3,(747),30.735659,76.751976,Entertainment,Concert Hall
Shri Parshuram Bhawan,4.3,(747),30.735659,76.751976,Entertainment,Concert Hall
Shri Parshuram Bhawan,4.3,(747),30.735659,76.751976,Entertainment,Concert Hall
Shri Parshuram Bhawan,4.3,(747),30.735659,76.751976,Entertainment,Concert Hall
Shri Parshuram Bhawan,4.3,(747),30.735659,76.751976,Entertainment,Concert Hall
Shri Parshuram Bhawan,4.3,(747),30.735659,76.751976,Entertainment,Concert Hall
Shri Parshuram Bhawan,4.3,(747),30.735659,76.751976,Entertainment,Concert Hall
Punjab Arts Council,4.4,(405),N/A,N/A,Entertainment,Concert Hall
