Bawa Studio,N/A,N/A,30.683604,76.760512,Entertainment,Movie Theater
Open Air theatre,4.6,(7),30.686118,76.753538,Entertainment,Movie Theater
Open theatre,N/A,N/A,30.687711,76.740138,Entertainment,Movie Theater
Saya Films,4.6,(230),30.683127,76.753223,Entertainment,Movie Theater
Arisen Motion Pictures Pvt Ltd,4.7,(30),30.693767,76.748561,Entertainment,Movie Theater
Taranveer Singh Films ( Director ),4.0,(23),30.701806,76.745731,Entertainment,Movie Theater
Arisen Motion Pictures Pvt Ltd,4.7,(30),30.693767,76.748561,Entertainment,Movie Theater
I.S. Bindra Punjab Cricket Association Stadium,4.4,"(13,150)",30.690891,76.73753,Entertainment,Movie Theater
sector 63,N/A,N/A,30.692413,76.74387,Entertainment,Movie Theater
Assistant director,N/A,N/A,30.696712,76.752482,Entertainment,Movie Theater
9G - The World Of Cinema Publicity,5.0,(1),N/A,N/A,Entertainment,Movie Theater
Ajay Gift House,5.0,(1),30.704968,76.764086,Entertainment,Movie Theater
IMPRESSION FILMS,4.5,(2),30.703331,76.764348,Entertainment,Movie Theater
Taranveer Singh Films ( Director ),4.0,(23),30.701806,76.745731,Entertainment,Movie Theater
Pollywood Directory,N/A,N/A,30.706154,76.740189,Entertainment,Movie Theater
Piccadily Cinema (Piccadily Square Mall),4.2,"(18,192)",30.723604,76.767732,Entertainment,Movie Theater
Bassi theatre,3.6,(282),30.722949,76.728614,Entertainment,Movie Theater
9G - The World Of Cinema Publicity,5.0,(1),N/A,N/A,Entertainment,Movie Theater
9G - The World Of Cinema Publicity,5.0,(1),N/A,N/A,Entertainment,Movie Theater
"Domino's Pizza - Sector 35, Chandigarh",4.2,"(4,834)",30.719774,76.757239,Entertainment,Movie Theater
Aman Digital Studio,N/A,N/A,30.732551,76.739416,Entertainment,Movie Theater
Batra theatre,3.0,(65),30.740515,76.756164,Entertainment,Movie Theater
Vertex Films Production,N/A,N/A,30.739118,76.749844,Entertainment,Movie Theater
Virsa Kidds Production House,N/A,N/A,31.026816,75.410647,Entertainment,Movie Theater
Vinkal Studios,N/A,N/A,30.740485,76.739624,Entertainment,Movie Theater
"VIDEO EDITING, MUSIC VIDEO & FILMS",5.0,(7),30.733527,76.744568,Entertainment,Movie Theater
Bawa Studio,N/A,N/A,30.683604,76.760512,Entertainment,Movie Theater
Open Air theatre,4.6,(7),30.686118,76.753538,Entertainment,Movie Theater
Open theatre,N/A,N/A,30.687711,76.740138,Entertainment,Movie Theater
Saya Films,4.6,(230),30.683127,76.753223,Entertainment,Movie Theater
Arisen Motion Pictures Pvt Ltd,4.7,(30),30.693767,76.748561,Entertainment,Movie Theater
Taranveer Singh Films ( Director ),4.0,(23),30.701806,76.745731,Entertainment,Movie Theater
Arisen Motion Pictures Pvt Ltd,4.7,(30),30.693767,76.748561,Entertainment,Movie Theater
sector 63,N/A,N/A,30.692413,76.74387,Entertainment,Movie Theater
Assistant director,N/A,N/A,30.696712,76.752482,Entertainment,Movie Theater
9G - The World Of Cinema Publicity,5.0,(1),N/A,N/A,Entertainment,Movie Theater
Ajay Gift House,5.0,(1),30.704968,76.764086,Entertainment,Movie Theater
IMPRESSION FILMS,4.5,(2),30.703331,76.764348,Entertainment,Movie Theater
Taranveer Singh Films ( Director ),4.0,(23),30.701806,76.745731,Entertainment,Movie Theater
Pollywood Directory,N/A,N/A,30.706154,76.740189,Entertainment,Movie Theater
Piccadily Cinema (Piccadily Square Mall),4.2,"(18,192)",30.723604,76.767732,Entertainment,Movie Theater
9G - The World Of Cinema Publicity,5.0,(1),N/A,N/A,Entertainment,Movie Theater
Piccadily Cinema (Piccadily Square Mall),4.2,"(18,192)",30.723604,76.767732,Entertainment,Movie Theater
Aman Digital Studio,N/A,N/A,30.732551,76.739416,Entertainment,Movie Theater
kiran theatre,3.8,(401),30.733662,76.771259,Entertainment,Movie Theater
9G - The World Of Cinema Publicity,5.0,(1),N/A,N/A,Entertainment,Movie Theater
"VIDEO EDITING, MUSIC VIDEO & FILMS",5.0,(7),30.733527,76.744568,Entertainment,Movie Theater
Sector 35,N/A,N/A,30.726523,76.758858,Entertainment,Movie Theater
Janta Glass House,4.6,(5),30.725165,76.759262,Entertainment,Movie Theater
Sector 36,N/A,N/A,30.73335,76.753274,Entertainment,Movie Theater
Batra theatre,3.0,(65),30.740515,76.756164,Entertainment,Movie Theater
Vertex Films Production,N/A,N/A,30.739118,76.749844,Entertainment,Movie Theater
Virsa Kidds Production House,N/A,N/A,31.026816,75.410647,Entertainment,Movie Theater
"VIDEO EDITING, MUSIC VIDEO & FILMS",5.0,(7),30.733527,76.744568,Entertainment,Movie Theater
Gujarat Bhavan plot no 17sec 24c Chandigarh,4.0,(287),30.740976,76.757397,Entertainment,Movie Theater
Bawa Studio,N/A,N/A,30.683604,76.760512,Entertainment,Movie Theater
Open Air theatre,4.6,(7),30.686118,76.753538,Entertainment,Movie Theater
Open theatre,N/A,N/A,30.687711,76.740138,Entertainment,Movie Theater
Saya Films,4.6,(230),30.683127,76.753223,Entertainment,Movie Theater
Arisen Motion Pictures Pvt Ltd,4.7,(30),30.693767,76.748561,Entertainment,Movie Theater
Nirman theatre,3.8,(90),N/A,N/A,Entertainment,Movie Theater
Open Air theatre,4.6,(7),30.686118,76.753538,Entertainment,Movie Theater
Open theatre,N/A,N/A,30.687711,76.740138,Entertainment,Movie Theater
Ajay Gift House,5.0,(1),30.704968,76.764086,Entertainment,Movie Theater
Ajay Gift House,5.0,(1),30.704968,76.764086,Entertainment,Movie Theater
IMPRESSION FILMS,4.5,(2),30.703331,76.764348,Entertainment,Movie Theater
Team Ahitaan Film,N/A,N/A,30.706437,76.764047,Entertainment,Movie Theater
Sector 33C,N/A,N/A,30.710903,76.768998,Entertainment,Movie Theater
Burail,N/A,N/A,30.707967,76.761064,Entertainment,Movie Theater
9G - The World Of Cinema Publicity,5.0,(1),N/A,N/A,Entertainment,Movie Theater
Sector 34 Exhibtion Ground,4.1,"(3,883)",30.719055,76.769359,Entertainment,Movie Theater
Sector 33C,N/A,N/A,30.710903,76.768998,Entertainment,Movie Theater
Sub. City Center,N/A,N/A,30.719215,76.766608,Entertainment,Movie Theater
Burail,N/A,N/A,30.707967,76.761064,Entertainment,Movie Theater
Piccadily Cinema (Piccadily Square Mall),4.2,"(18,192)",30.723604,76.767732,Entertainment,Movie Theater
9G - The World Of Cinema Publicity,5.0,(1),N/A,N/A,Entertainment,Movie Theater
Vivido Projection Screens,4.8,(27),30.727357,76.768296,Entertainment,Movie Theater
Curtain House,3.9,(107),30.733941,76.770187,Entertainment,Movie Theater
Sector 35,N/A,N/A,30.726523,76.758858,Entertainment,Movie Theater
Janta Glass House,4.6,(5),30.725165,76.759262,Entertainment,Movie Theater
Sector 22D,N/A,N/A,30.733332,76.767556,Entertainment,Movie Theater
Batra theatre,3.0,(65),30.740515,76.756164,Entertainment,Movie Theater
Virsa Kidds Production House,N/A,N/A,31.026816,75.410647,Entertainment,Movie Theater
Curtain House,3.9,(107),30.733941,76.770187,Entertainment,Movie Theater
Gujarat Bhavan plot no 17sec 24c Chandigarh,4.0,(287),30.740976,76.757397,Entertainment,Movie Theater
Sector 24,N/A,N/A,30.744653,76.761064,Entertainment,Movie Theater
Bawa Studio,N/A,N/A,30.683604,76.760512,Entertainment,Movie Theater
Yaar Billa (Film Director and Cinematographer),4.8,(57),30.694067,76.77084,Entertainment,Movie Theater
Prem Glass House & Photo Framing,N/A,N/A,30.699582,76.766343,Entertainment,Movie Theater
Yaar Billa (Film Director and Cinematographer),4.8,(57),30.694067,76.77084,Entertainment,Movie Theater
Nirman theatre,3.8,(90),N/A,N/A,Entertainment,Movie Theater
Ajay Gift House,5.0,(1),30.704968,76.764086,Entertainment,Movie Theater
Nirman theatre,3.8,(90),N/A,N/A,Entertainment,Movie Theater
9G - The World Of Cinema Publicity,5.0,(1),N/A,N/A,Entertainment,Movie Theater
Piccadily Cinema (Piccadily Square Mall),4.2,"(18,192)",30.723604,76.767732,Entertainment,Movie Theater
kiran theatre,3.8,(401),30.733662,76.771259,Entertainment,Movie Theater
9G - The World Of Cinema Publicity,5.0,(1),N/A,N/A,Entertainment,Movie Theater
kiran theatre,3.8,(401),30.733662,76.771259,Entertainment,Movie Theater
Vivido Projection Screens,4.8,(27),30.727357,76.768296,Entertainment,Movie Theater
Shashi Films Private Limited,3.9,(10),30.728621,76.776396,Entertainment,Movie Theater
firstfilmstudio,5.0,(44),30.729247,76.772047,Entertainment,Movie Theater
Fun Republic,N/A,N/A,30.729167,76.771968,Entertainment,Movie Theater
Cin�polis Jagat,4.2,"(9,685)",30.742993,76.785199,Entertainment,Movie Theater
Neelam Cinema,3.5,"(3,535)",30.739671,76.780755,Entertainment,Movie Theater
Piccadily Cinema (Piccadily Square Mall),4.2,"(18,192)",30.723604,76.767732,Entertainment,Movie Theater
Bassi theatre,3.6,(282),30.722949,76.728614,Entertainment,Movie Theater
Krishna Hembrom,N/A,N/A,30.741716,76.774825,Entertainment,Movie Theater
