Burail fort 3,N/A,N/A,30.70782,76.76101,Entertainment,Museum
Marketside Library Park,4.0,(61),30.704362,76.727073,Entertainment,Museum
Burail fort 3,N/A,N/A,30.70782,76.76101,Entertainment,Museum
Aquarium tunnel chandigarh,3.0,(37),30.720055,76.765606,Entertainment,Museum
Welcome Tourist,5.0,(2),30.719058,76.748704,Entertainment,Museum
Marketside Library Park,4.0,(61),30.704362,76.727073,Entertainment,Museum
Heritage Preservation Atelier Pvt. Ltd,4.8,(4),21.068007,82.752529,Entertainment,Museum
Welcome Tourist,5.0,(2),30.719058,76.748704,Entertainment,Museum
Heritage Preservation Atelier Pvt. Ltd,4.8,(4),21.068007,82.752529,Entertainment,Museum
tours,5.0,(1),30.732551,76.739415,Entertainment,Museum
KALA SAGAR,4.3,(51),30.729533,76.751142,Entertainment,Museum
Bharatiya Janata Party Punjab State,4.1,(134),30.742097,76.755245,Entertainment,Museum
Burail fort 3,N/A,N/A,30.70782,76.76101,Entertainment,Museum
Terraced Garden,4.5,"(6,010)",30.714418,76.771636,Entertainment,Museum
Burail fort 3,N/A,N/A,30.70782,76.76101,Entertainment,Museum
Aquarium tunnel chandigarh,3.0,(37),30.720055,76.765606,Entertainment,Museum
Welcome Tourist,5.0,(2),30.719058,76.748704,Entertainment,Museum
Heritage Preservation Atelier Pvt. Ltd,4.8,(4),21.068007,82.752529,Entertainment,Museum
Pushpa Gujral Science City Head Office,3.9,(40),30.72271,76.770166,Entertainment,Museum
tours,5.0,(1),30.732551,76.739415,Entertainment,Museum
KALA SAGAR,4.3,(51),30.729533,76.751142,Entertainment,Museum
Topiary Park,4.2,"(1,638)",30.726859,76.761245,Entertainment,Museum
Aquarium tunnel chandigarh,3.0,(37),30.720055,76.765606,Entertainment,Museum
Welcome Tourist,5.0,(2),30.719058,76.748704,Entertainment,Museum
KALA SAGAR,4.3,(51),30.729533,76.751142,Entertainment,Museum
Topiary Park,4.2,"(1,638)",30.726859,76.761245,Entertainment,Museum
Hibiscus Garden,4.4,(387),30.735637,76.759268,Entertainment,Museum
Garden of Fragrance,4.6,"(6,055)",30.73267,76.757211,Entertainment,Museum
Hibiscus Garden,4.4,(387),30.735637,76.759268,Entertainment,Museum
Bharatiya Janata Party Punjab State,4.1,(134),30.742097,76.755245,Entertainment,Museum
Burail fort 3,N/A,N/A,30.70782,76.76101,Entertainment,Museum
Chandigarh Pride Monument,4.5,(2),30.702031,76.778412,Entertainment,Museum
Burail fort 3,N/A,N/A,30.70782,76.76101,Entertainment,Museum
Burail fort 3,N/A,N/A,30.70782,76.76101,Entertainment,Museum
Topiary Park,4.2,"(1,638)",30.726859,76.761245,Entertainment,Museum
Aquarium tunnel chandigarh,3.0,(37),30.720055,76.765606,Entertainment,Museum
Heritage Preservation Atelier Pvt. Ltd,4.8,(4),21.068007,82.752529,Entertainment,Museum
Pushpa Gujral Science City Head Office,3.9,(40),30.72271,76.770166,Entertainment,Museum
Treebo Trend Saffron,3.7,(130),30.728023,76.770238,Entertainment,Museum
KALA SAGAR,4.3,(51),30.729533,76.751142,Entertainment,Museum
Topiary Park,4.2,"(1,638)",30.726859,76.761245,Entertainment,Museum
Hibiscus Garden,4.4,(387),30.735637,76.759268,Entertainment,Museum
Garden of Fragrance,4.6,"(6,055)",30.73267,76.757211,Entertainment,Museum
Hibiscus Garden,4.4,(387),30.735637,76.759268,Entertainment,Museum
Bharatiya Janata Party Punjab State,4.1,(134),30.742097,76.755245,Entertainment,Museum
Burail fort 3,N/A,N/A,30.70782,76.76101,Entertainment,Museum
Chandigarh Pride Monument,4.5,(2),30.702031,76.778412,Entertainment,Museum
Japanese Garden,4.2,"(11,500)",30.704525,76.784251,Entertainment,Museum
Burail fort 3,N/A,N/A,30.70782,76.76101,Entertainment,Museum
Burail fort 3,N/A,N/A,30.70782,76.76101,Entertainment,Museum
Terraced Garden,4.5,"(6,010)",30.714418,76.771636,Entertainment,Museum
KALA SAGAR,4.3,(51),30.729533,76.751142,Entertainment,Museum
Topiary Park,4.2,"(1,638)",30.726859,76.761245,Entertainment,Museum
Aquarium tunnel chandigarh,3.0,(37),30.720055,76.765606,Entertainment,Museum
Welcome Tourist,5.0,(2),30.719058,76.748704,Entertainment,Museum
Garden of Fragrance,4.6,"(6,055)",30.73267,76.757211,Entertainment,Museum
Topiary Park,4.2,"(1,638)",30.726859,76.761245,Entertainment,Museum
Hibiscus Garden,4.4,(387),30.735637,76.759268,Entertainment,Museum
Garden of Fragrance,4.6,"(6,055)",30.73267,76.757211,Entertainment,Museum
Fish World,4.9,(12),30.729053,76.766175,Entertainment,Museum
Treebo Trend Saffron,3.7,(130),30.728023,76.770238,Entertainment,Museum
Natural History Museum,4.5,(658),30.748094,76.785884,Entertainment,Museum
Chandigarh Architecture Museum,4.5,(253),30.748183,76.7869,Entertainment,Museum
Gandhi Museum,4.4,(110),30.748062,76.775912,Entertainment,Museum
International Dolls Museum,4.2,"(2,012)",30.741178,76.770981,Entertainment,Museum
National Gallery of Portraits : Sector 17,4.1,(15),30.740355,76.784918,Entertainment,Museum
