Sports Complex GMADA,4.2,(142),30.683526,76.745126,Entertainment,Sports Complex
GoSports Powered by Spinway Dubai,4.0,(37),30.686006,76.739279,Entertainment,Sports Complex
Chandigarh Sports Complex Sector 50,4.3,(206),30.701092,76.747145,Entertainment,Sports Complex
I.S. Bindra Punjab Cricket Association Stadium,4.4,"(13,150)",30.690891,76.73753,Entertainment,Sports Complex
Global Athlete Solutions - Athlete & Sports Physiotherapist in Chandigarh,4.9,(55),30.69866,76.75401,Entertainment,Sports Complex
Chandigarh Sports Complex Sector 50,4.3,(206),30.701092,76.747145,Entertainment,Sports Complex
Chaudhary Bhopal Singh Stadium,3.9,(318),30.705398,76.761385,Entertainment,Sports Complex
basketball court,4.3,(47),N/A,N/A,Entertainment,Sports Complex
Nakshatra Sports,4.5,(57),30.714824,76.751179,Entertainment,Sports Complex
Sports Complex YPS Mohali,N/A,N/A,30.704252,76.73704,Entertainment,Sports Complex
Sports Complex,4.4,(261),30.721642,76.75024,Entertainment,Sports Complex
Sports Complex,4.6,(234),30.718077,76.763522,Entertainment,Sports Complex
Chandigarh Sports Complex Sector 50,4.3,(206),30.701092,76.747145,Entertainment,Sports Complex
Squash Centre,4.9,(7),30.72595,76.749652,Entertainment,Sports Complex
Sports academy,3.5,(2),30.724372,76.742309,Entertainment,Sports Complex
Sports Complex,4.4,(261),30.721642,76.75024,Entertainment,Sports Complex
Sports Complex,4.5,(501),30.727199,76.747043,Entertainment,Sports Complex
Squash Centre,4.9,(7),30.72595,76.749652,Entertainment,Sports Complex
Sports Complex,4.6,(234),30.718077,76.763522,Entertainment,Sports Complex
Sector-56 New Sport Complex,4.5,(86),30.736107,76.722237,Entertainment,Sports Complex
Sports Complex,4.5,(501),30.727199,76.747043,Entertainment,Sports Complex
Sports Complex,4.4,(261),30.721642,76.75024,Entertainment,Sports Complex
Squash Centre,4.9,(7),30.72595,76.749652,Entertainment,Sports Complex
Sector-56 New Sport Complex,4.5,(86),30.736107,76.722237,Entertainment,Sports Complex
Sports Complex,4.2,(30),30.736497,76.721782,Entertainment,Sports Complex
Chandigarh 38 Cue Club,5.0,(14),30.743323,76.744339,Entertainment,Sports Complex
Stepping stone shooting range,4.9,(17),30.738342,76.745516,Entertainment,Sports Complex
Yogabhyasa Studio || Taekwondo & General / Advance Yogasana Classes,5.0,(185),30.740217,76.757777,Entertainment,Sports Complex
Sambhav Yog,5.0,(25),30.744177,76.750059,Entertainment,Sports Complex
Satvic yoga classes,5.0,(31),30.738478,76.738155,Entertainment,Sports Complex
Sports Complex GMADA,4.2,(142),30.683526,76.745126,Entertainment,Sports Complex
Chandigarh Sports Complex Sector 50,4.3,(206),30.701092,76.747145,Entertainment,Sports Complex
Global Athlete Solutions - Athlete & Sports Physiotherapist in Chandigarh,4.9,(55),30.69866,76.75401,Entertainment,Sports Complex
Chandigarh Sports Complex Sector 50,4.3,(206),30.701092,76.747145,Entertainment,Sports Complex
Sector 46 Sports Stadium,4.3,"(1,335)",30.703532,76.769359,Entertainment,Sports Complex
Chandigarh Administration Sports Complex,4.5,(20),30.703378,76.76946,Entertainment,Sports Complex
Chaudhary Bhopal Singh Stadium,3.9,(318),30.705398,76.761385,Entertainment,Sports Complex
basketball court,4.3,(47),N/A,N/A,Entertainment,Sports Complex
Sports Complex,4.4,(261),30.721642,76.75024,Entertainment,Sports Complex
Sports Complex,4.6,(234),30.718077,76.763522,Entertainment,Sports Complex
Chandigarh Sports Complex Sector 50,4.3,(206),30.701092,76.747145,Entertainment,Sports Complex
Sector 46 Sports Stadium,4.3,"(1,335)",30.703532,76.769359,Entertainment,Sports Complex
Chandigarh Administration Sports Complex,4.5,(20),30.703378,76.76946,Entertainment,Sports Complex
Sports Complex,4.4,(261),30.721642,76.75024,Entertainment,Sports Complex
Sports Complex,4.5,(501),30.727199,76.747043,Entertainment,Sports Complex
Sports Complex,4.6,(234),30.718077,76.763522,Entertainment,Sports Complex
Squash Centre,4.9,(7),30.72595,76.749652,Entertainment,Sports Complex
Sector-56 New Sport Complex,4.5,(86),30.736107,76.722237,Entertainment,Sports Complex
Sports Complex,4.5,(501),30.727199,76.747043,Entertainment,Sports Complex
Sports Complex,4.4,(261),30.721642,76.75024,Entertainment,Sports Complex
Squash Centre,4.9,(7),30.72595,76.749652,Entertainment,Sports Complex
Sports Complex,4.6,(234),30.718077,76.763522,Entertainment,Sports Complex
Table Tennis Hall,4.4,(182),30.736234,76.761833,Entertainment,Sports Complex
Table Tennis Hall,4.4,(182),30.736234,76.761833,Entertainment,Sports Complex
"Govt. Swimming Pool, Sector 23",3.9,(287),30.736525,76.762269,Entertainment,Sports Complex
Chandigarh 38 Cue Club,5.0,(14),30.743323,76.744339,Entertainment,Sports Complex
Stepping stone shooting range,4.9,(17),30.738342,76.745516,Entertainment,Sports Complex
Yogabhyasa Studio || Taekwondo & General / Advance Yogasana Classes,5.0,(185),30.740217,76.757777,Entertainment,Sports Complex
Snooker and pool,5.0,(3),30.682016,76.753072,Entertainment,Sports Complex
Mohali Golf Range,4.2,"(1,020)",30.682438,76.753398,Entertainment,Sports Complex
Aneeta Yoga,N/A,N/A,30.693403,76.750259,Entertainment,Sports Complex
Boxing Center Commando Complex,4.4,(56),30.682938,76.750358,Entertainment,Sports Complex
Chandigarh Sports Complex Sector 50,4.3,(206),30.701092,76.747145,Entertainment,Sports Complex
Sector 46 Sports Stadium,4.3,"(1,335)",30.703532,76.769359,Entertainment,Sports Complex
Chandigarh Administration Sports Complex,4.5,(20),30.703378,76.76946,Entertainment,Sports Complex
Chaudhary Bhopal Singh Stadium,3.9,(318),30.705398,76.761385,Entertainment,Sports Complex
Pro Athlete Fitness Gym,4.6,(17),30.705175,76.758971,Entertainment,Sports Complex
Chandigarh Sports Complex Sector 50,4.3,(206),30.701092,76.747145,Entertainment,Sports Complex
Sector 46 Sports Stadium,4.3,"(1,335)",30.703532,76.769359,Entertainment,Sports Complex
Chandigarh Administration Sports Complex,4.5,(20),30.703378,76.76946,Entertainment,Sports Complex
Sports Complex,4.6,(234),30.718077,76.763522,Entertainment,Sports Complex
Sports Complex,4.4,(261),30.721642,76.75024,Entertainment,Sports Complex
Sports Complex,4.6,(234),30.718077,76.763522,Entertainment,Sports Complex
Nakshatra Sports,4.5,(57),30.714824,76.751179,Entertainment,Sports Complex
Team wind chasers skating academy (Sec 44),4.9,(189),30.712233,76.750651,Entertainment,Sports Complex
Sports Complex,4.4,(261),30.721642,76.75024,Entertainment,Sports Complex
Sports Complex,4.5,(501),30.727199,76.747043,Entertainment,Sports Complex
Sports Complex,4.6,(234),30.718077,76.763522,Entertainment,Sports Complex
Squash Centre,4.9,(7),30.72595,76.749652,Entertainment,Sports Complex
Handball Court,4.2,(31),30.730264,76.747269,Entertainment,Sports Complex
Table Tennis Hall,4.4,(182),30.736234,76.761833,Entertainment,Sports Complex
"Govt. Swimming Pool, Sector 23",3.9,(287),30.736525,76.762269,Entertainment,Sports Complex
Sports Corner Regd,4.5,(6),30.734644,76.769979,Entertainment,Sports Complex
Teakwondo and karate Academy Chandigarh,5.0,(1),30.730341,76.753791,Entertainment,Sports Complex
Champs Sports - Sports shop Chandigarh | Sports Goods dealers & Gym Equipment Shoes in Chandigarh,4.7,(267),30.726524,76.757999,Entertainment,Sports Complex
Table Tennis Hall,4.4,(182),30.736234,76.761833,Entertainment,Sports Complex
"Govt. Swimming Pool, Sector 23",3.9,(287),30.736525,76.762269,Entertainment,Sports Complex
Volleyball Ground,5.0,(1),30.744205,76.768354,Entertainment,Sports Complex
Sports Corner Regd,4.5,(6),30.734644,76.769979,Entertainment,Sports Complex
Sports Coaching centre for Squash and Swimming,N/A,N/A,30.739651,76.766781,Entertainment,Sports Complex
Chandigarh Sports Complex Sector 50,4.3,(206),30.701092,76.747145,Entertainment,Sports Complex
Sector 46 Sports Stadium,4.3,"(1,335)",30.703532,76.769359,Entertainment,Sports Complex
Chandigarh Administration Sports Complex,4.5,(20),30.703378,76.76946,Entertainment,Sports Complex
Chaudhary Bhopal Singh Stadium,3.9,(318),30.705398,76.761385,Entertainment,Sports Complex
Pro Athlete Fitness Gym,4.6,(17),30.705175,76.758971,Entertainment,Sports Complex
Chandigarh Sports Complex Sector 50,4.3,(206),30.701092,76.747145,Entertainment,Sports Complex
Sector 46 Sports Stadium,4.3,"(1,335)",30.703532,76.769359,Entertainment,Sports Complex
Chandigarh Administration Sports Complex,4.5,(20),30.703378,76.76946,Entertainment,Sports Complex
Sports Complex,4.6,(234),30.718077,76.763522,Entertainment,Sports Complex
Sports Complex,4.4,(261),30.721642,76.75024,Entertainment,Sports Complex
Sports Complex,4.6,(234),30.718077,76.763522,Entertainment,Sports Complex
Sports Complex,4.4,(261),30.721642,76.75024,Entertainment,Sports Complex
Sports Complex,4.5,(501),30.727199,76.747043,Entertainment,Sports Complex
Sports Complex,4.6,(234),30.718077,76.763522,Entertainment,Sports Complex
Squash Centre,4.9,(7),30.72595,76.749652,Entertainment,Sports Complex
Handball Court,4.2,(31),30.730264,76.747269,Entertainment,Sports Complex
Table Tennis Hall,4.4,(182),30.736234,76.761833,Entertainment,Sports Complex
"Govt. Swimming Pool, Sector 23",3.9,(287),30.736525,76.762269,Entertainment,Sports Complex
Sports Corner Regd,4.5,(6),30.734644,76.769979,Entertainment,Sports Complex
Chandigarh billiard and sooker association,5.0,(3),30.733265,76.771053,Entertainment,Sports Complex
Champs Sports - Sports shop Chandigarh | Sports Goods dealers & Gym Equipment Shoes in Chandigarh,4.7,(267),30.726524,76.757999,Entertainment,Sports Complex
Sports Complex,4.5,(501),30.727199,76.747043,Entertainment,Sports Complex
Table Tennis Hall,4.4,(182),30.736234,76.761833,Entertainment,Sports Complex
Handball Court,4.2,(31),30.730264,76.747269,Entertainment,Sports Complex
"Govt. Swimming Pool, Sector 23",3.9,(287),30.736525,76.762269,Entertainment,Sports Complex
CLTA Tennis Stadium,4.4,(457),30.750623,76.785912,Entertainment,Sports Complex
