Safari Big Cat - Adventure Of A Lifetime,5.0,(12),30.675642,76.740276,Entertainment,Zoo
Valley of Animal Park,4.2,"(1,363)",30.693006,76.751146,Entertainment,Zoo
Valley of Animal Park,4.2,"(1,363)",30.693006,76.751146,Entertainment,Zoo
Park 21,4.2,(29),30.702992,76.761458,Entertainment,Zoo
Valley of Animal Park,4.2,"(1,363)",30.693006,76.751146,Entertainment,Zoo
Park 21,4.2,(29),30.702992,76.761458,Entertainment,Zoo
Mystery Rooms Chandigarh - OFFICIAL Escape Rooms,4.5,"(1,079)",30.720089,76.757785,Entertainment,Zoo
Garden of Fragrance,4.6,"(6,055)",30.73267,76.757211,Entertainment,Zoo
Safari Big Cat - Adventure Of A Lifetime,5.0,(12),30.675642,76.740276,Entertainment,Zoo
Valley of Animal Park,4.2,"(1,363)",30.693006,76.751146,Entertainment,Zoo
Valley of Animal Park,4.2,"(1,363)",30.693006,76.751146,Entertainment,Zoo
Park 21,4.2,(29),30.702992,76.761458,Entertainment,Zoo
Valley of Animal Park,4.2,"(1,363)",30.693006,76.751146,Entertainment,Zoo
park,5.0,(1),30.71667,76.774144,Entertainment,Zoo
Park 21,4.2,(29),30.702992,76.761458,Entertainment,Zoo
Terraced Garden,4.5,"(6,010)",30.714418,76.771636,Entertainment,Zoo
park,5.0,(1),30.71667,76.774144,Entertainment,Zoo
Park 21,4.2,(29),30.702992,76.761458,Entertainment,Zoo
Terraced Garden,4.5,"(6,010)",30.714418,76.771636,Entertainment,Zoo
Mystery Rooms Chandigarh - OFFICIAL Escape Rooms,4.5,"(1,079)",30.720089,76.757785,Entertainment,Zoo
Topiary Park,4.2,"(1,638)",30.726859,76.761245,Entertainment,Zoo
Mystery Rooms Chandigarh - OFFICIAL Escape Rooms,4.5,"(1,079)",30.720089,76.757785,Entertainment,Zoo
Topiary Park,4.2,"(1,638)",30.726859,76.761245,Entertainment,Zoo
Garden of Fragrance,4.6,"(6,055)",30.73267,76.757211,Entertainment,Zoo
ISKCON Temple Chandigarh,4.8,"(6,802)",30.734364,76.761349,Entertainment,Zoo
ISKCON Temple Chandigarh,4.8,"(6,802)",30.734364,76.761349,Entertainment,Zoo
Valley of Animal Park,4.2,"(1,363)",30.693006,76.751146,Entertainment,Zoo
Valley of Animal Park,4.2,"(1,363)",30.693006,76.751146,Entertainment,Zoo
Park 21,4.2,(29),30.702992,76.761458,Entertainment,Zoo
Topiary Park,4.2,"(1,638)",30.726859,76.761245,Entertainment,Zoo
Mystery Rooms Chandigarh - OFFICIAL Escape Rooms,4.5,"(1,079)",30.720089,76.757785,Entertainment,Zoo
Topiary Park,4.2,"(1,638)",30.726859,76.761245,Entertainment,Zoo
Garden of Fragrance,4.6,"(6,055)",30.73267,76.757211,Entertainment,Zoo
ISKCON Temple Chandigarh,4.8,"(6,802)",30.734364,76.761349,Entertainment,Zoo
City Bird Sanctuary,4.0,"(1,966)",30.72858,76.77945,Entertainment,Zoo
Topiary Park,4.2,"(1,638)",30.726859,76.761245,Entertainment,Zoo
Garden of Fragrance,4.6,"(6,055)",30.73267,76.757211,Entertainment,Zoo
International Dolls Museum,4.2,"(2,012)",30.741178,76.770981,Entertainment,Zoo
ISKCON Temple Chandigarh,4.8,"(6,802)",30.734364,76.761349,Entertainment,Zoo
Valley of Animal Park,4.2,"(1,363)",30.693006,76.751146,Entertainment,Zoo
Park 21,4.2,(29),30.702992,76.761458,Entertainment,Zoo
park,5.0,(1),30.71667,76.774144,Entertainment,Zoo
Park 21,4.2,(29),30.702992,76.761458,Entertainment,Zoo
Japanese Garden,4.2,"(11,500)",30.704525,76.784251,Entertainment,Zoo
Terraced Garden,4.5,"(6,010)",30.714418,76.771636,Entertainment,Zoo
Mystery Rooms Chandigarh - OFFICIAL Escape Rooms,4.5,"(1,079)",30.720089,76.757785,Entertainment,Zoo
City Bird Sanctuary,4.0,"(1,966)",30.72858,76.77945,Entertainment,Zoo
park,5.0,(1),30.71667,76.774144,Entertainment,Zoo
Topiary Park,4.2,"(1,638)",30.726859,76.761245,Entertainment,Zoo
Garden of Fragrance,4.6,"(6,055)",30.73267,76.757211,Entertainment,Zoo
ISKCON Temple Chandigarh,4.8,"(6,802)",30.734364,76.761349,Entertainment,Zoo
Topiary Park,4.2,"(1,638)",30.726859,76.761245,Entertainment,Zoo
Garden of Fragrance,4.6,"(6,055)",30.73267,76.757211,Entertainment,Zoo
ISKCON Temple Chandigarh,4.8,"(6,802)",30.734364,76.761349,Entertainment,Zoo
International Dolls Museum,4.2,"(2,012)",30.741178,76.770981,Entertainment,Zoo
ISKCON Temple Chandigarh,4.8,"(6,802)",30.734364,76.761349,Entertainment,Zoo
Shanti Kunj Park,4.4,"(1,462)",30.743855,76.77619,Entertainment,Zoo
Children Traffic Park,4.2,"(3,209)",30.744232,76.764969,Entertainment,Zoo
