State Bank Of India ATM,4.3,(3),30.682181,76.736349,Financial Institution,ATM
State Bank Of India ATM,3.2,(13),30.681125,76.728328,Financial Institution,ATM
State Bank Of India ATM,5.0,(1),30.693399,76.755941,Financial Institution,ATM
Axis Bank ATM,5.0,(1),30.680355,76.73824,Financial Institution,ATM
State Bank of India ATM,2.0,(1),30.686277,76.738653,Financial Institution,ATM
State Bank Of India ATM,5.0,(1),30.693399,76.755941,Financial Institution,ATM
HDFC Bank ATM,N/A,N/A,30.696212,76.733484,Financial Institution,ATM
Axis Bank ATM,3.0,(2),30.700702,76.756077,Financial Institution,ATM
Bank of Baroda ATM,N/A,N/A,30.694158,76.732617,Financial Institution,ATM
State Bank Of India ATM,3.3,(3),30.697566,76.755253,Financial Institution,ATM
State Bank Of India ATM,4.0,(6),30.71111,76.7538,Financial Institution,ATM
Bank of Maharashtra ATM,N/A,N/A,30.704849,76.758733,Financial Institution,ATM
Axis Bank ATM,3.0,(2),30.700702,76.756077,Financial Institution,ATM
State Bank Of India ATM,3.8,(4),30.706577,76.724814,Financial Institution,ATM
Axis Bank ATM,4.7,(3),30.707427,76.758382,Financial Institution,ATM
State Bank Of India ATM,4.0,(5),30.716658,76.744193,Financial Institution,ATM
State Bank Of India ATM,2.7,(6),30.71635,76.738007,Financial Institution,ATM
State Bank Of India ATM,4.0,(6),30.71111,76.7538,Financial Institution,ATM
UCO Bank ATM,4.9,(52),30.714739,76.750978,Financial Institution,ATM
State Bank Of India ATM,3.8,(877),30.723369,76.744882,Financial Institution,ATM
State Bank Of India ATM,3.8,(877),30.723369,76.744882,Financial Institution,ATM
State Bank Of India ATM,4.0,(5),30.716658,76.744193,Financial Institution,ATM
Bank of Maharashtra ATM,N/A,N/A,30.725409,76.725675,Financial Institution,ATM
Bank of Maharashtra ATM,N/A,N/A,30.726689,76.758314,Financial Institution,ATM
State Bank Of India ATM,2.7,(6),30.71635,76.738007,Financial Institution,ATM
State Bank Of India ATM,3.8,(877),30.723369,76.744882,Financial Institution,ATM
Bank of Maharashtra ATM,N/A,N/A,30.725409,76.725675,Financial Institution,ATM
Bank of Maharashtra ATM,N/A,N/A,30.726689,76.758314,Financial Institution,ATM
State Bank of India ATM,4.8,(5),30.726518,76.757491,Financial Institution,ATM
Bank of Baroda ATM,N/A,N/A,30.724215,76.726424,Financial Institution,ATM
State Bank Of India ATM,3.7,(13),30.739755,76.748682,Financial Institution,ATM
Bank of Baroda ATM,4.0,(1),30.735509,76.73527,Financial Institution,ATM
State Bank Of India ATM,2.0,(2),30.745054,76.743908,Financial Institution,ATM
CENTRAL BANK OF INDIA - ATM,3.0,(7),30.740895,76.747842,Financial Institution,ATM
HDFC Bank ATM,3.9,(8),30.737841,76.732217,Financial Institution,ATM
State Bank Of India ATM,4.3,(3),30.682181,76.736349,Financial Institution,ATM
State Bank Of India ATM,5.0,(1),30.693399,76.755941,Financial Institution,ATM
Axis Bank ATM,5.0,(1),30.680355,76.73824,Financial Institution,ATM
State Bank of India ATM,2.0,(1),30.686277,76.738653,Financial Institution,ATM
Bank of Baroda ATM,N/A,N/A,30.694158,76.732617,Financial Institution,ATM
State Bank Of India ATM,5.0,(1),30.693399,76.755941,Financial Institution,ATM
HDFC Bank ATM,N/A,N/A,30.696212,76.733484,Financial Institution,ATM
Axis Bank ATM,3.0,(2),30.700702,76.756077,Financial Institution,ATM
HDFC Bank ATM,3.1,(14),30.70075,76.759749,Financial Institution,ATM
Bank of Baroda ATM,N/A,N/A,30.694158,76.732617,Financial Institution,ATM
State Bank Of India ATM,4.0,(6),30.71111,76.7538,Financial Institution,ATM
Bank of Maharashtra ATM,N/A,N/A,30.704849,76.758733,Financial Institution,ATM
Bank of Baroda ATM,3.3,(3),30.70809,76.761116,Financial Institution,ATM
Axis Bank ATM,3.0,(2),30.700702,76.756077,Financial Institution,ATM
HDFC Bank ATM,3.1,(14),30.70075,76.759749,Financial Institution,ATM
State Bank Of India ATM,4.0,(5),30.716658,76.744193,Financial Institution,ATM
State Bank Of India ATM,2.7,(6),30.71635,76.738007,Financial Institution,ATM
State Bank Of India ATM,4.0,(6),30.71111,76.7538,Financial Institution,ATM
UCO Bank ATM,4.9,(52),30.714739,76.750978,Financial Institution,ATM
Bank of Baroda ATM,3.3,(3),30.70809,76.761116,Financial Institution,ATM
State Bank Of India ATM,3.8,(877),30.723369,76.744882,Financial Institution,ATM
State Bank Of India ATM,4.0,(5),30.716658,76.744193,Financial Institution,ATM
Bank of Maharashtra ATM,N/A,N/A,30.726689,76.758314,Financial Institution,ATM
State Bank Of India ATM,2.7,(6),30.71635,76.738007,Financial Institution,ATM
State Bank Of India ATM,3.1,(9),30.721642,76.760246,Financial Institution,ATM
State Bank Of India ATM,3.8,(877),30.723369,76.744882,Financial Institution,ATM
Bank of Maharashtra ATM,N/A,N/A,30.726689,76.758314,Financial Institution,ATM
State Bank of India ATM,4.8,(5),30.726518,76.757491,Financial Institution,ATM
Bank of Baroda ATM,4.0,(1),30.735509,76.73527,Financial Institution,ATM
HDFC Bank ATM,N/A,N/A,30.730979,76.73798,Financial Institution,ATM
State Bank Of India ATM,3.7,(13),30.739755,76.748682,Financial Institution,ATM
Bank of Baroda ATM,4.0,(1),30.735509,76.73527,Financial Institution,ATM
State Bank Of India ATM,2.0,(2),30.745054,76.743908,Financial Institution,ATM
CENTRAL BANK OF INDIA - ATM,3.0,(7),30.740895,76.747842,Financial Institution,ATM
HDFC Bank ATM,3.9,(8),30.737841,76.732217,Financial Institution,ATM
State Bank Of India ATM,5.0,(1),30.693399,76.755941,Financial Institution,ATM
State Bank Of India ATM,N/A,N/A,30.695095,76.770327,Financial Institution,ATM
Axis Bank ATM,5.0,(1),30.680355,76.73824,Financial Institution,ATM
State Bank of India ATM,2.0,(1),30.686277,76.738653,Financial Institution,ATM
State Bank Of India ATM,4.3,(3),30.682181,76.736349,Financial Institution,ATM
State Bank Of India ATM,N/A,N/A,30.695095,76.770327,Financial Institution,ATM
State Bank Of India ATM,5.0,(1),30.693399,76.755941,Financial Institution,ATM
State Bank Of India ATM,5.0,(5),30.697833,76.76666,Financial Institution,ATM
Axis Bank ATM,3.0,(2),30.700702,76.756077,Financial Institution,ATM
HDFC Bank ATM,3.1,(14),30.70075,76.759749,Financial Institution,ATM
State Bank Of India ATM,4.0,(6),30.71111,76.7538,Financial Institution,ATM
Bank of Maharashtra ATM,N/A,N/A,30.704849,76.758733,Financial Institution,ATM
Bank of Baroda ATM,3.3,(3),30.70809,76.761116,Financial Institution,ATM
Axis Bank ATM,3.0,(2),30.700702,76.756077,Financial Institution,ATM
State Bank Of India ATM,5.0,(5),30.697833,76.76666,Financial Institution,ATM
State Bank Of India ATM,4.0,(5),30.716658,76.744193,Financial Institution,ATM
State Bank Of India ATM,4.0,(6),30.71111,76.7538,Financial Institution,ATM
State Bank Of India ATM,2.7,(6),30.71635,76.738007,Financial Institution,ATM
UCO Bank ATM,4.9,(52),30.714739,76.750978,Financial Institution,ATM
Bank of Baroda ATM,3.3,(3),30.70809,76.761116,Financial Institution,ATM
State Bank Of India ATM,3.8,(877),30.723369,76.744882,Financial Institution,ATM
State Bank Of India ATM,4.0,(5),30.716658,76.744193,Financial Institution,ATM
Bank of Maharashtra ATM,N/A,N/A,30.726689,76.758314,Financial Institution,ATM
State Bank Of India ATM,3.1,(9),30.721642,76.760246,Financial Institution,ATM
State Bank of India ATM,4.8,(5),30.726518,76.757491,Financial Institution,ATM
State Bank Of India ATM,3.8,(877),30.723369,76.744882,Financial Institution,ATM
State Bank Of India ATM,5.0,(1),30.735893,76.768801,Financial Institution,ATM
Bank of Maharashtra ATM,N/A,N/A,30.726689,76.758314,Financial Institution,ATM
State Bank of India ATM,4.8,(5),30.726518,76.757491,Financial Institution,ATM
HDFC Bank ATM,N/A,N/A,30.732305,76.770221,Financial Institution,ATM
State Bank Of India ATM,5.0,(1),30.735893,76.768801,Financial Institution,ATM
State Bank Of India ATM,3.7,(13),30.739755,76.748682,Financial Institution,ATM
State Bank Of India ATM,2.0,(2),30.745054,76.743908,Financial Institution,ATM
CENTRAL BANK OF INDIA - ATM,3.0,(7),30.740895,76.747842,Financial Institution,ATM
HDFC Bank ATM,N/A,N/A,30.732305,76.770221,Financial Institution,ATM
State Bank Of India ATM,5.0,(1),30.693399,76.755941,Financial Institution,ATM
State Bank Of India ATM,N/A,N/A,30.695095,76.770327,Financial Institution,ATM
HDFC Bank ATM,4.7,(6),30.692127,76.759924,Financial Institution,ATM
Kotak Mahindra Bank ATM,5.0,(1),30.694545,76.770636,Financial Institution,ATM
Axis Bank ATM,N/A,N/A,30.679264,76.747697,Financial Institution,ATM
State Bank Of India ATM,N/A,N/A,30.695095,76.770327,Financial Institution,ATM
State Bank Of India ATM,5.0,(1),30.693399,76.755941,Financial Institution,ATM
State Bank Of India ATM,5.0,(5),30.697833,76.76666,Financial Institution,ATM
Axis Bank ATM,3.0,(2),30.700702,76.756077,Financial Institution,ATM
HDFC Bank ATM,3.1,(14),30.70075,76.759749,Financial Institution,ATM
Union Bank of India ATM,5.0,(1),30.707016,76.775426,Financial Institution,ATM
State Bank Of India ATM,4.0,(6),30.71111,76.7538,Financial Institution,ATM
Bank of Maharashtra ATM,N/A,N/A,30.704849,76.758733,Financial Institution,ATM
Bank of Baroda ATM,3.3,(3),30.70809,76.761116,Financial Institution,ATM
Axis Bank ATM,3.0,(2),30.700702,76.756077,Financial Institution,ATM
Union Bank of India ATM,5.0,(1),30.707016,76.775426,Financial Institution,ATM
State Bank Of India ATM,4.0,(5),30.716658,76.744193,Financial Institution,ATM
State Bank Of India ATM,4.5,(2),30.719146,76.773528,Financial Institution,ATM
State Bank Of India ATM,4.0,(6),30.71111,76.7538,Financial Institution,ATM
Punjab National Bank ATM,5.0,(1),30.717046,76.776971,Financial Institution,ATM
State Bank Of India ATM,3.8,(877),30.723369,76.744882,Financial Institution,ATM
State Bank Of India ATM,4.0,(5),30.716658,76.744193,Financial Institution,ATM
Bank of Maharashtra ATM,N/A,N/A,30.726689,76.758314,Financial Institution,ATM
Punjab & Sind Bank ATM,N/A,N/A,30.725925,76.777109,Financial Institution,ATM
State Bank Of India ATM,3.1,(9),30.721642,76.760246,Financial Institution,ATM
State Bank Of India ATM,3.8,(877),30.723369,76.744882,Financial Institution,ATM
State Bank Of India ATM,5.0,(1),30.735893,76.768801,Financial Institution,ATM
Bank of Maharashtra ATM,N/A,N/A,30.726689,76.758314,Financial Institution,ATM
Bank of Baroda ATM,5.0,(4),N/A,N/A,Financial Institution,ATM
Punjab & Sind Bank ATM,N/A,N/A,30.725925,76.777109,Financial Institution,ATM
State Bank Of India ATM,5.0,(1),30.735893,76.768801,Financial Institution,ATM
State Bank Of India ATM,3.7,(13),30.739755,76.748682,Financial Institution,ATM
Axis Bank ATM,5.0,(1),30.734605,76.778096,Financial Institution,ATM
CENTRAL BANK OF INDIA - ATM,3.0,(7),30.740895,76.747842,Financial Institution,ATM
HDFC Bank ATM,N/A,N/A,30.732305,76.770221,Financial Institution,ATM
