Axis Bank Branch,5.0,(2),30.687088,76.738634,Financial Institution,Bank
HDFC BANK,N/A,N/A,30.700703,76.764865,Financial Institution,Bank
State Bank of India,3.5,(24),30.694068,76.756534,Financial Institution,Bank
Union Bank,3.7,(3),30.694649,76.770399,Financial Institution,Bank
Axis Bank Branch,5.0,(3),30.696619,76.767078,Financial Institution,Bank
State Bank of India,3.5,(24),30.694068,76.756534,Financial Institution,Bank
Axis Bank ATM,3.0,(2),30.700702,76.756077,Financial Institution,Bank
Punjab National Bank,3.5,(15),30.697463,76.755102,Financial Institution,Bank
Chandigarh State Coop Bank Ltd,5.0,(1),30.694187,76.756936,Financial Institution,Bank
Bank Of Baroda,2.0,(3),30.697619,76.751263,Financial Institution,Bank
HDFC BANK,N/A,N/A,30.700703,76.764865,Financial Institution,Bank
ICICI Bank,5.0,(1),30.707393,76.723966,Financial Institution,Bank
UCO BANK,4.9,(214),30.714766,76.750958,Financial Institution,Bank
State Bank of India,3.5,(24),30.694068,76.756534,Financial Institution,Bank
Union Bank,3.7,(3),30.694649,76.770399,Financial Institution,Bank
UCO BANK,4.9,(214),30.714766,76.750958,Financial Institution,Bank
Axis Bank Branch,2.8,(19),30.709664,76.751617,Financial Institution,Bank
State Bank of India SEC-44-C CHANDIGARH,4.6,(9),30.713141,76.751836,Financial Institution,Bank
"ICICI Bank Ltd,Chandigarh-Sector 43B",N/A,N/A,30.716247,76.751535,Financial Institution,Bank
Punjab State Cooperative Bank,N/A,N/A,30.714277,76.751375,Financial Institution,Bank
State Bank of India,2.5,(22),30.723354,76.744926,Financial Institution,Bank
"ICICI Bank Ltd,Chandigarh-Sector 43B",N/A,N/A,30.716247,76.751535,Financial Institution,Bank
State Bank of India SEC-35-C CHANDIGARH,2.9,(10),30.726639,76.757351,Financial Institution,Bank
State Bank Of India ATM,3.8,(877),30.723369,76.744882,Financial Institution,Bank
State Bank of India DISTT COURT SEC-43 CHANDIGARH,3.6,(5),N/A,N/A,Financial Institution,Bank
Punjab & Sind Bank,5.0,(1),30.728401,76.758454,Financial Institution,Bank
Union Bank of India Sector 38 C Chandigarh Branch,4.3,(19),30.744263,76.743764,Financial Institution,Bank
Central Bank Of India,4.1,(30),30.726875,76.757999,Financial Institution,Bank
Federal Bank,4.8,(68),30.727225,76.769119,Financial Institution,Bank
Chandigarh State Cooperative Bank Limited,5.0,(3),30.732335,76.734627,Financial Institution,Bank
Union Bank of India Sector 38 C Chandigarh Branch,4.3,(19),30.744263,76.743764,Financial Institution,Bank
Axis Bank Branch,3.7,(32),30.742868,76.743594,Financial Institution,Bank
Bank of Baroda,4.3,(12),30.744629,76.743406,Financial Institution,Bank
Punjab National Bank,2.9,(36),30.740386,76.747863,Financial Institution,Bank
IndusInd Bank,3.5,(12),30.745559,76.743609,Financial Institution,Bank
Axis Bank Branch,5.0,(2),30.687088,76.738634,Financial Institution,Bank
HDFC BANK,N/A,N/A,30.700703,76.764865,Financial Institution,Bank
Union Bank,3.7,(3),30.694649,76.770399,Financial Institution,Bank
State Bank of India,3.5,(24),30.694068,76.756534,Financial Institution,Bank
Axis Bank Branch,5.0,(3),30.696619,76.767078,Financial Institution,Bank
Axis Bank Branch,5.0,(2),30.687088,76.738634,Financial Institution,Bank
HDFC BANK,N/A,N/A,30.700703,76.764865,Financial Institution,Bank
ICICI Bank,5.0,(1),30.707393,76.723966,Financial Institution,Bank
Union Bank,3.7,(3),30.694649,76.770399,Financial Institution,Bank
State Bank of India,3.5,(24),30.694068,76.756534,Financial Institution,Bank
HDFC BANK,N/A,N/A,30.700703,76.764865,Financial Institution,Bank
ICICI Bank,5.0,(1),30.707393,76.723966,Financial Institution,Bank
UCO BANK,4.9,(214),30.714766,76.750958,Financial Institution,Bank
Union Bank,3.7,(3),30.694649,76.770399,Financial Institution,Bank
State Bank of India,3.5,(24),30.694068,76.756534,Financial Institution,Bank
Punjab & Sind Bank,5.0,(1),30.728401,76.758454,Financial Institution,Bank
HDFC BANK,N/A,N/A,30.700703,76.764865,Financial Institution,Bank
ICICI Bank,5.0,(1),30.707393,76.723966,Financial Institution,Bank
UCO BANK,4.9,(214),30.714766,76.750958,Financial Institution,Bank
Federal Bank,4.8,(68),30.727225,76.769119,Financial Institution,Bank
Punjab & Sind Bank,5.0,(1),30.728401,76.758454,Financial Institution,Bank
Central Bank Of India,4.1,(30),30.726875,76.757999,Financial Institution,Bank
State Bank of India,2.5,(22),30.723354,76.744926,Financial Institution,Bank
HDFC Bank,2.6,(62),30.723618,76.763126,Financial Institution,Bank
"ICICI Bank Ltd,Chandigarh-Sector 43B",N/A,N/A,30.716247,76.751535,Financial Institution,Bank
Punjab & Sind Bank,5.0,(1),30.728401,76.758454,Financial Institution,Bank
Central Bank Of India,4.1,(30),30.726875,76.757999,Financial Institution,Bank
State Bank of India SEC-35-C CHANDIGARH,2.9,(10),30.726639,76.757351,Financial Institution,Bank
Punjab & Sind Bank,3.3,(3),30.734018,76.752689,Financial Institution,Bank
Indusind Bank,N/A,N/A,30.727321,76.75039,Financial Institution,Bank
Union Bank of India Sector 38 C Chandigarh Branch,4.3,(19),30.744263,76.743764,Financial Institution,Bank
Axis Bank Branch,3.7,(32),30.742868,76.743594,Financial Institution,Bank
Punjab National Bank,2.9,(36),30.740386,76.747863,Financial Institution,Bank
IndusInd Bank,3.5,(12),30.745559,76.743609,Financial Institution,Bank
CANARA BANK (formerly Syndicate Bank),3.7,(3),30.744858,76.744293,Financial Institution,Bank
Axis Bank Branch,5.0,(2),30.687088,76.738634,Financial Institution,Bank
HDFC BANK,N/A,N/A,30.700703,76.764865,Financial Institution,Bank
Union Bank,3.7,(3),30.694649,76.770399,Financial Institution,Bank
Cooperative Bank,4.8,(5),30.686337,76.738621,Financial Institution,Bank
State Bank of India,3.5,(24),30.694068,76.756534,Financial Institution,Bank
Axis Bank Branch,5.0,(2),30.687088,76.738634,Financial Institution,Bank
HDFC BANK,N/A,N/A,30.700703,76.764865,Financial Institution,Bank
ICICI Bank,5.0,(1),30.707393,76.723966,Financial Institution,Bank
Union Bank,3.7,(3),30.694649,76.770399,Financial Institution,Bank
State Bank of India,3.5,(24),30.694068,76.756534,Financial Institution,Bank
HDFC BANK,N/A,N/A,30.700703,76.764865,Financial Institution,Bank
ICICI Bank,5.0,(1),30.707393,76.723966,Financial Institution,Bank
UCO BANK,4.9,(214),30.714766,76.750958,Financial Institution,Bank
Union Bank,3.7,(3),30.694649,76.770399,Financial Institution,Bank
State Bank of India,3.5,(24),30.694068,76.756534,Financial Institution,Bank
UCO BANK,4.9,(214),30.714766,76.750958,Financial Institution,Bank
Axis Bank Branch,2.8,(19),30.709664,76.751617,Financial Institution,Bank
State Bank of India SEC-44-C CHANDIGARH,4.6,(9),30.713141,76.751836,Financial Institution,Bank
"ICICI Bank Ltd,Chandigarh-Sector 43B",N/A,N/A,30.716247,76.751535,Financial Institution,Bank
Punjab State Cooperative Bank,N/A,N/A,30.714277,76.751375,Financial Institution,Bank
Punjab & Sind Bank,5.0,(1),30.728401,76.758454,Financial Institution,Bank
UCO BANK,4.9,(214),30.714766,76.750958,Financial Institution,Bank
Federal Bank,4.8,(68),30.727225,76.769119,Financial Institution,Bank
Chandigarh State Cooperative Bank Limited,5.0,(3),30.732335,76.734627,Financial Institution,Bank
HDFC Bank,2.8,(10),30.733089,76.778054,Financial Institution,Bank
Punjab & Sind Bank,5.0,(1),30.728401,76.758454,Financial Institution,Bank
Central Bank Of India,4.1,(30),30.726875,76.757999,Financial Institution,Bank
Karnataka Bank,4.6,(24),30.727491,76.768081,Financial Institution,Bank
Federal Bank,4.8,(68),30.727225,76.769119,Financial Institution,Bank
Bandhan Bank Chandigarh,4.7,(46),30.72464,76.76504,Financial Institution,Bank
Punjab & Sind Bank,5.0,(1),30.728401,76.758454,Financial Institution,Bank
Union Bank of India Sector 38 C Chandigarh Branch,4.3,(19),30.744263,76.743764,Financial Institution,Bank
Central Bank Of India,4.1,(30),30.726875,76.757999,Financial Institution,Bank
Federal Bank,4.8,(68),30.727225,76.769119,Financial Institution,Bank
Chandigarh State Cooperative Bank Limited,5.0,(3),30.732335,76.734627,Financial Institution,Bank
Bank Of Baroda,4.6,(23),30.696939,76.787114,Financial Institution,Bank
Axis Bank Branch,5.0,(2),30.687088,76.738634,Financial Institution,Bank
HDFC BANK,N/A,N/A,30.700703,76.764865,Financial Institution,Bank
Axis Bank Branch,3.3,(3),30.697263,76.783608,Financial Institution,Bank
Union Bank,3.7,(3),30.694649,76.770399,Financial Institution,Bank
HDFC BANK,N/A,N/A,30.700703,76.764865,Financial Institution,Bank
State Bank of India,3.5,(24),30.694068,76.756534,Financial Institution,Bank
Axis Bank Branch,5.0,(3),30.696619,76.767078,Financial Institution,Bank
State Bank Of India,4.0,(3),30.697427,76.767102,Financial Institution,Bank
Union Bank,3.7,(3),30.694649,76.770399,Financial Institution,Bank
HDFC BANK,N/A,N/A,30.700703,76.764865,Financial Institution,Bank
ICICI Bank,5.0,(1),30.707393,76.723966,Financial Institution,Bank
UCO BANK,4.9,(214),30.714766,76.750958,Financial Institution,Bank
Axis Bank Branch,3.3,(3),30.697263,76.783608,Financial Institution,Bank
Axis Bank Branch,3.8,(9),30.715409,76.783603,Financial Institution,Bank
"ICICI Bank Sector 32, Chandigarh-Branch & ATM",3.9,(29),30.707478,76.775019,Financial Institution,Bank
HDFC Bank,2.9,(34),30.708408,76.77458,Financial Institution,Bank
Bank Of India,3.1,(24),30.709074,76.774228,Financial Institution,Bank
CANARA BANK - CHANDIGARH SECTOR 32-D,4.9,(17),30.709639,76.773089,Financial Institution,Bank
State Bank Of India,3.9,(9),30.71356,76.768698,Financial Institution,Bank
Punjab & Sind Bank,5.0,(1),30.728401,76.758454,Financial Institution,Bank
UCO BANK,4.9,(214),30.714766,76.750958,Financial Institution,Bank
Federal Bank,4.8,(68),30.727225,76.769119,Financial Institution,Bank
Axis Bank Branch,3.8,(9),30.715409,76.783603,Financial Institution,Bank
Chandigarh State Cooperative Bank Limited,5.0,(3),30.732335,76.734627,Financial Institution,Bank
Punjab & Sind Bank,5.0,(1),30.728401,76.758454,Financial Institution,Bank
Central Bank Of India,4.1,(30),30.726875,76.757999,Financial Institution,Bank
Central Bank Of India,3.1,(19),30.730542,76.773247,Financial Institution,Bank
Karnataka Bank,4.6,(24),30.727491,76.768081,Financial Institution,Bank
State Bank of India SEC-22D CHANDIGARH,2.9,(25),30.733481,76.770515,Financial Institution,Bank
State Bank of India SEC-22D CHANDIGARH,2.9,(25),30.733481,76.770515,Financial Institution,Bank
J&K Bank,3.4,(44),30.738961,76.774368,Financial Institution,Bank
State Bank of India SECTOR23 CHANDIGARH,3.2,(29),N/A,N/A,Financial Institution,Bank
HDFC Bank,3.1,(7),30.740766,76.764466,Financial Institution,Bank
Punjab National Bank,3.6,(20),30.733824,76.770157,Financial Institution,Bank
