Sandeep DR Garg & Company - CA Firm | Chartered Accountant | ITR Filing | Income Tax Consultant in Chandigarh,5.0,(6),30.700402,76.764558,Financial Institution,Investment Firm
Akshansh Estates,5.0,(43),30.675642,76.740277,Financial Institution,Investment Firm
S.B. Consultants,3.2,(13),30.697375,76.767151,Financial Institution,Investment Firm
Best Price Realty,5.0,(4),30.675618,76.750734,Financial Institution,Investment Firm
FATbit Technologies,4.5,(57),30.680948,76.727487,Financial Institution,Investment Firm
Financial Planner | Mutual Funds Advisor,4.9,(37),30.704903,76.757707,Financial Institution,Investment Firm
Sudoku Solvers Pvt Ltd,5.0,(6),N/A,N/A,Financial Institution,Investment Firm
Bullish India,4.7,(135),30.716607,76.763596,Financial Institution,Investment Firm
Sandeep DR Garg & Company - CA Firm | Chartered Accountant | ITR Filing | Income Tax Consultant in Chandigarh,5.0,(6),30.700402,76.764558,Financial Institution,Investment Firm
Richfield Immigration Services,4.7,(150),30.714948,76.750916,Financial Institution,Investment Firm
Richfield Immigration Services,4.7,(150),30.714948,76.750916,Financial Institution,Investment Firm
WhiteRock Wealth Pvt. Ltd,4.9,(49),30.732078,76.764349,Financial Institution,Investment Firm
Money Mantra Advisors,5.0,(7),30.726793,76.757921,Financial Institution,Investment Firm
Fin Matters Private Limited,5.0,(7),N/A,N/A,Financial Institution,Investment Firm
IISMA- Indian Institute Of Stock Market Analysis,4.9,(244),30.721862,76.767796,Financial Institution,Investment Firm
CA in Chandigarh - Singla Pawan Associates,4.9,(119),30.737792,76.732452,Financial Institution,Investment Firm
"Arora Rajiv & Associates, Chartered Accountants",5.0,(81),30.741872,76.737572,Financial Institution,Investment Firm
"CA In Chandigarh - CA. Sumit Garg, Chartered Accountants- GST Consultants In Chandigarh",4.7,(12),30.734282,76.750444,Financial Institution,Investment Firm
Kamal Estates,4.0,(4),30.733671,76.752978,Financial Institution,Investment Firm
Legit Immigration & Travels,4.8,(30),30.7441,76.743789,Financial Institution,Investment Firm
Jobs in Chandigarh for Freshers,4.2,(12),30.740378,76.745675,Financial Institution,Investment Firm
Financial Planner | Mutual Funds Advisor,4.9,(37),30.704903,76.757707,Financial Institution,Investment Firm
Sudoku Solvers Pvt Ltd,5.0,(6),N/A,N/A,Financial Institution,Investment Firm
Financial Planner | Mutual Funds Advisor,4.9,(37),30.704903,76.757707,Financial Institution,Investment Firm
IISMA- Indian Institute Of Stock Market Analysis,4.9,(244),30.721862,76.767796,Financial Institution,Investment Firm
Bachat Guru,5.0,(11),30.708097,76.774289,Financial Institution,Investment Firm
Maloney Investments Private Limited,4.7,(17),30.719537,76.768149,Financial Institution,Investment Firm
Sudoku Solvers Pvt Ltd,5.0,(6),N/A,N/A,Financial Institution,Investment Firm
WhiteRock Wealth Pvt. Ltd,4.9,(49),30.732078,76.764349,Financial Institution,Investment Firm
Money Mantra Advisors,5.0,(7),30.726793,76.757921,Financial Institution,Investment Firm
Sundaram Mutual Fund,4.0,(9),30.727743,76.769098,Financial Institution,Investment Firm
IISMA- Indian Institute Of Stock Market Analysis,4.9,(244),30.721862,76.767796,Financial Institution,Investment Firm
Maloney Investments Private Limited,4.7,(17),30.719537,76.768149,Financial Institution,Investment Firm
WhiteRock Wealth Pvt. Ltd,4.9,(49),30.732078,76.764349,Financial Institution,Investment Firm
Money Mantra Advisors,5.0,(7),30.726793,76.757921,Financial Institution,Investment Firm
Sundaram Mutual Fund,4.0,(9),30.727743,76.769098,Financial Institution,Investment Firm
Fin Matters Private Limited,5.0,(7),N/A,N/A,Financial Institution,Investment Firm
IISMA- Indian Institute Of Stock Market Analysis,4.9,(244),30.721862,76.767796,Financial Institution,Investment Firm
KDR INDIA WEALTH SOLUTIONS LLP (JM FINANCIAL SERVICES LTD),5.0,(3),30.709621,76.800889,Financial Institution,Investment Firm
Aggarwal Sahil & Associates,4.9,(22),30.721317,76.793719,Financial Institution,Investment Firm
Sandeep DR Garg & Company - CA Firm | Chartered Accountant | ITR Filing | Income Tax Consultant in Chandigarh,5.0,(6),30.700402,76.764558,Financial Institution,Investment Firm
S.B. Consultants,3.2,(13),30.697375,76.767151,Financial Institution,Investment Firm
Financial Planner | Mutual Funds Advisor,4.9,(37),30.704903,76.757707,Financial Institution,Investment Firm
Bachat Guru,5.0,(11),30.708097,76.774289,Financial Institution,Investment Firm
Sudoku Solvers Pvt Ltd,5.0,(6),N/A,N/A,Financial Institution,Investment Firm
Bullish India,4.7,(135),30.716607,76.763596,Financial Institution,Investment Firm
CA MASTAN SINGH CHAMBYAL,5.0,(40),30.70933,76.773582,Financial Institution,Investment Firm
Maloney Investments Private Limited,4.7,(17),30.719537,76.768149,Financial Institution,Investment Firm
Bullish India,4.7,(135),30.716607,76.763596,Financial Institution,Investment Firm
Richfield Immigration Services,4.7,(150),30.714948,76.750916,Financial Institution,Investment Firm
WhiteRock Wealth Pvt. Ltd,4.9,(49),30.732078,76.764349,Financial Institution,Investment Firm
Sundaram Mutual Fund,4.0,(9),30.727743,76.769098,Financial Institution,Investment Firm
Money Mantra Advisors,5.0,(7),30.726793,76.757921,Financial Institution,Investment Firm
Financial Planner | Mutual Funds Advisor,4.9,(37),30.704903,76.757707,Financial Institution,Investment Firm
IISMA- Indian Institute Of Stock Market Analysis,4.9,(244),30.721862,76.767796,Financial Institution,Investment Firm
WhiteRock Wealth Pvt. Ltd,4.9,(49),30.732078,76.764349,Financial Institution,Investment Firm
Sundaram Mutual Fund,4.0,(9),30.727743,76.769098,Financial Institution,Investment Firm
Money Mantra Advisors,5.0,(7),30.726793,76.757921,Financial Institution,Investment Firm
WealthVault Research and Analytics Pvt. Ltd,5.0,(52),30.745807,76.789002,Financial Institution,Investment Firm
Financial Planner | Mutual Funds Advisor,4.9,(37),30.704903,76.757707,Financial Institution,Investment Firm
KDR INDIA WEALTH SOLUTIONS LLP (JM FINANCIAL SERVICES LTD),5.0,(3),30.709621,76.800889,Financial Institution,Investment Firm
Aggarwal Sahil & Associates,4.9,(22),30.721317,76.793719,Financial Institution,Investment Firm
Sandeep DR Garg & Company - CA Firm | Chartered Accountant | ITR Filing | Income Tax Consultant in Chandigarh,5.0,(6),30.700402,76.764558,Financial Institution,Investment Firm
S.B. Consultants,3.2,(13),30.697375,76.767151,Financial Institution,Investment Firm
Best Price Realty,5.0,(4),30.675618,76.750734,Financial Institution,Investment Firm
Sandeep DR Garg & Company - CA Firm | Chartered Accountant | ITR Filing | Income Tax Consultant in Chandigarh,5.0,(6),30.700402,76.764558,Financial Institution,Investment Firm
S.B. Consultants,3.2,(13),30.697375,76.767151,Financial Institution,Investment Firm
Financial Planner | Mutual Funds Advisor,4.9,(37),30.704903,76.757707,Financial Institution,Investment Firm
WhiteRock Wealth Pvt. Ltd,4.9,(49),30.732078,76.764349,Financial Institution,Investment Firm
Simplifysors | Mutual Fund Distributor In Chandigarh | Financial Planner In Chandigarh,5.0,(173),30.702503,76.801715,Financial Institution,Investment Firm
Bachat Guru,5.0,(11),30.708097,76.774289,Financial Institution,Investment Firm
WealthVault Research and Analytics Pvt. Ltd,5.0,(52),30.745807,76.789002,Financial Institution,Investment Firm
WhiteRock Wealth Pvt. Ltd,4.9,(49),30.732078,76.764349,Financial Institution,Investment Firm
Financial Planner | Mutual Funds Advisor,4.9,(37),30.704903,76.757707,Financial Institution,Investment Firm
Simplifysors | Mutual Fund Distributor In Chandigarh | Financial Planner In Chandigarh,5.0,(173),30.702503,76.801715,Financial Institution,Investment Firm
WealthVault Research and Analytics Pvt. Ltd,5.0,(52),30.745807,76.789002,Financial Institution,Investment Firm
IISMA- Indian Institute Of Stock Market Analysis,4.9,(244),30.721862,76.767796,Financial Institution,Investment Firm
WhiteRock Wealth Pvt. Ltd,4.9,(49),30.732078,76.764349,Financial Institution,Investment Firm
Sundaram Mutual Fund,4.0,(9),30.727743,76.769098,Financial Institution,Investment Firm
Money Mantra Advisors,5.0,(7),30.726793,76.757921,Financial Institution,Investment Firm
Financial Planner | Mutual Funds Advisor,4.9,(37),30.704903,76.757707,Financial Institution,Investment Firm
Simplifysors | Mutual Fund Distributor In Chandigarh | Financial Planner In Chandigarh,5.0,(173),30.702503,76.801715,Financial Institution,Investment Firm
WhiteRock Wealth Pvt. Ltd,4.9,(49),30.732078,76.764349,Financial Institution,Investment Firm
Sundaram Mutual Fund,4.0,(9),30.727743,76.769098,Financial Institution,Investment Firm
Money Mantra Advisors,5.0,(7),30.726793,76.757921,Financial Institution,Investment Firm
WealthVault Research and Analytics Pvt. Ltd,5.0,(52),30.745807,76.789002,Financial Institution,Investment Firm
Simplifysors | Mutual Fund Distributor In Chandigarh | Financial Planner In Chandigarh,5.0,(173),30.702503,76.801715,Financial Institution,Investment Firm
