CHHAYA SCHOOL OF ART(CSA),4.6,(30),30.690202,76.756597,Educational Institute,Art School
The Artylicious Studio,4.8,(62),30.707157,76.71917,Educational Institute,Art School
Refreshy Art Studio - Resin Artist Oil Paintings Creator-,4.9,(42),30.706464,76.719946,Educational Institute,Art School
Deepakriti Institute of Creative Arts,4.8,"(2,569)",30.716878,76.757392,Educational Institute,Art School
Rajvinder art classes,5.0,(11),30.707517,76.71923,Educational Institute,Art School
CHHAYA SCHOOL OF ART(CSA),4.6,(30),30.690202,76.756597,Educational Institute,Art School
Shankar School Of Music,4.9,(171),30.687943,76.737523,Educational Institute,Art School
Neha Bhatt Academy,4.9,(38),30.689438,76.742084,Educational Institute,Art School
Aagaaz Kala Kendra School Of Music,5.0,(24),30.702466,76.727204,Educational Institute,Art School
Chandigarh Muay Thai & Taekwondo Academy,5.0,(1),30.705768,76.758296,Educational Institute,Art School
Beatwork Studio| Best Music Studio in Chandigarh,4.7,(10),30.708907,76.743644,Educational Institute,Art School
DANCE ACADEMY CHANDIGARH sector 45,4.0,(2),30.707475,76.757704,Educational Institute,Art School
Sargam Music Academy,5.0,(2),30.701387,76.752588,Educational Institute,Art School
Zion's Music,5.0,(9),30.703059,76.75751,Educational Institute,Art School
AK DANCE & FITNESS STUDIO CHANDIGARH(Learn From Professionals),5.0,(6),30.707445,76.757706,Educational Institute,Art School
Deepakriti Institute of Creative Arts,4.8,"(2,569)",30.716878,76.757392,Educational Institute,Art School
Beatwork Studio| Best Music Studio in Chandigarh,4.7,(10),30.708907,76.743644,Educational Institute,Art School
Bridge Music Academy,4.7,(67),30.711275,76.75712,Educational Institute,Art School
Swar Sadhna Sangeet Kala Academy,3.6,(20),30.713173,76.750295,Educational Institute,Art School
Mad Squad Studio & Academy,5.0,(1),30.714605,76.75088,Educational Institute,Art School
arta Studios,5.0,(34),30.72706,76.747995,Educational Institute,Art School
Deepakriti Institute of Creative Arts,4.8,"(2,569)",30.716878,76.757392,Educational Institute,Art School
Little Buddhas Play School,5.0,(11),30.724839,76.746824,Educational Institute,Art School
"English Reading, Grammar ,theatrebykidsandexpressions",4.9,(78),30.721548,76.754195,Educational Institute,Art School
Universal Martial Arts,4.6,(50),30.723244,76.750702,Educational Institute,Art School
arta Studios,5.0,(34),30.72706,76.747995,Educational Institute,Art School
"Shanky Studio, Visual Art Services",4.9,"(1,353)",30.739541,76.745865,Educational Institute,Art School
Gunjan Art Classes,4.7,(48),30.740784,76.754281,Educational Institute,Art School
Institute Of Fine Arts,4.4,(52),30.736116,76.735265,Educational Institute,Art School
Happy crafting,N/A,N/A,30.726759,76.765392,Educational Institute,Art School
"Shanky Studio, Visual Art Services",4.9,"(1,353)",30.739541,76.745865,Educational Institute,Art School
Gunjan Art Classes,4.7,(48),30.740784,76.754281,Educational Institute,Art School
Desire hobby classes at home,5.0,(1),30.862174,76.662754,Educational Institute,Art School
Lalit Kala Akademi Chandigarh,4.5,(4),30.741987,76.746893,Educational Institute,Art School
Music Academy Chandigarh� (MAC),5.0,(314),30.733554,76.738905,Educational Institute,Art School
CHHAYA SCHOOL OF ART(CSA),4.6,(30),30.690202,76.756597,Educational Institute,Art School
Sarang Lok Cultural And Research Centre,4.0,(5),30.682308,76.744333,Educational Institute,Art School
Urban Dance Studio,5.0,(6),30.682739,76.761036,Educational Institute,Art School
Raw Arts,N/A,N/A,30.691126,76.74542,Educational Institute,Art School
"Banyan Tree School, Chandigarh | Best School in Chandigarh",4.3,(200),30.689737,76.761179,Educational Institute,Art School
CHHAYA SCHOOL OF ART(CSA),4.6,(30),30.690202,76.756597,Educational Institute,Art School
Shankar School Of Music,4.9,(171),30.687943,76.737523,Educational Institute,Art School
Neha Bhatt Academy,4.9,(38),30.689438,76.742084,Educational Institute,Art School
A+ School of Music,4.9,(34),30.694726,76.76969,Educational Institute,Art School
"Aagaaz Kala Kendra School Of Music, Chandigarh Branch",5.0,(1),30.701077,76.769006,Educational Institute,Art School
Folk Art Lover Academy Chandigarh ( Bhangra Academy ),5.0,(22),30.709428,76.764062,Educational Institute,Art School
Beatwork Studio| Best Music Studio in Chandigarh,4.7,(10),30.708907,76.743644,Educational Institute,Art School
Chandigarh Muay Thai & Taekwondo Academy,5.0,(1),30.705768,76.758296,Educational Institute,Art School
Rockstar Academy dance classes chandigarh,4.4,(32),30.710314,76.758374,Educational Institute,Art School
Kaydee's Guitar Academy,5.0,(2),30.722582,76.759019,Educational Institute,Art School
Deepakriti Institute of Creative Arts,4.8,"(2,569)",30.716878,76.757392,Educational Institute,Art School
ZEE Institute of Creative Arts,3.9,(65),30.722223,76.769233,Educational Institute,Art School
Pracheen Kala Kendra,4.3,(371),30.723564,76.762616,Educational Institute,Art School
Animation VFX - Morph Animation Studio,5.0,(140),30.722558,76.769908,Educational Institute,Art School
Glazo School of Make-up & Hair,4.9,(94),30.720383,76.768991,Educational Institute,Art School
arta Studios,5.0,(34),30.72706,76.747995,Educational Institute,Art School
Deepakriti Institute of Creative Arts,4.8,"(2,569)",30.716878,76.757392,Educational Institute,Art School
Smiling Walls,4.8,(29),30.723757,76.763621,Educational Institute,Art School
Pracheen Kala Kendra,4.3,(371),30.723564,76.762616,Educational Institute,Art School
Little Buddhas Play School,5.0,(11),30.724839,76.746824,Educational Institute,Art School
arta Studios,5.0,(34),30.72706,76.747995,Educational Institute,Art School
CAPA - Cakeuncle Academy of Pastry Arts,4.3,(100),30.729245,76.757787,Educational Institute,Art School
Emerald Martial Arts Academy,4.8,(27),30.73527,76.74878,Educational Institute,Art School
"Shanky Studio, Visual Art Services",4.9,"(1,353)",30.739541,76.745865,Educational Institute,Art School
Gunjan Art Classes,4.7,(48),30.740784,76.754281,Educational Institute,Art School
Desire hobby classes at home,5.0,(1),30.862174,76.662754,Educational Institute,Art School
Lalit Kala Akademi Chandigarh,4.5,(4),30.741987,76.746893,Educational Institute,Art School
Gaazee musical academy,5.0,(3),30.73901,76.761064,Educational Institute,Art School
CHHAYA SCHOOL OF ART(CSA),4.6,(30),30.690202,76.756597,Educational Institute,Art School
Neha Bhatt Academy,4.9,(38),30.689438,76.742084,Educational Institute,Art School
A+ School of Music,4.9,(34),30.694726,76.76969,Educational Institute,Art School
Sarang Lok Cultural And Research Centre,4.0,(5),30.682308,76.744333,Educational Institute,Art School
Ajay Dance Studio -ADS,4.9,(35),30.681482,76.744336,Educational Institute,Art School
A+ School of Music,4.9,(34),30.694726,76.76969,Educational Institute,Art School
"Aagaaz Kala Kendra School Of Music, Chandigarh Branch",5.0,(1),30.701077,76.769006,Educational Institute,Art School
Kaydee's Guitar Academy,5.0,(2),30.722582,76.759019,Educational Institute,Art School
The Karma Dance Studio,5.0,(64),30.700386,76.768071,Educational Institute,Art School
Raj Bridal Mehandi Artist,5.0,(86),30.698673,76.76442,Educational Institute,Art School
Deepakriti Institute of Creative Arts,4.8,"(2,569)",30.716878,76.757392,Educational Institute,Art School
Folk Art Lover Academy Chandigarh ( Bhangra Academy ),5.0,(22),30.709428,76.764062,Educational Institute,Art School
A+ School of Music,4.9,(34),30.694726,76.76969,Educational Institute,Art School
"Aagaaz Kala Kendra School Of Music, Chandigarh Branch",5.0,(1),30.701077,76.769006,Educational Institute,Art School
Beatwork Studio| Best Music Studio in Chandigarh,4.7,(10),30.708907,76.743644,Educational Institute,Art School
Deepakriti Institute of Creative Arts,4.8,"(2,569)",30.716878,76.757392,Educational Institute,Art School
Folk Art Lover Academy Chandigarh ( Bhangra Academy ),5.0,(22),30.709428,76.764062,Educational Institute,Art School
Bridge Music Academy,4.7,(67),30.711275,76.75712,Educational Institute,Art School
Swar Sadhna Sangeet Kala Academy,3.6,(20),30.713173,76.750295,Educational Institute,Art School
The Engine Room,4.8,(25),30.716033,76.762809,Educational Institute,Art School
arta Studios,5.0,(34),30.72706,76.747995,Educational Institute,Art School
Deepakriti Institute of Creative Arts,4.8,"(2,569)",30.716878,76.757392,Educational Institute,Art School
ZEE Institute of Creative Arts,3.9,(65),30.722223,76.769233,Educational Institute,Art School
Smiling Walls,4.8,(29),30.723757,76.763621,Educational Institute,Art School
Happy crafting,N/A,N/A,30.726759,76.765392,Educational Institute,Art School
Happy crafting,N/A,N/A,30.726759,76.765392,Educational Institute,Art School
"Tution (1 to 10 classes, 11th & 12th Arts )",5.0,(1),30.731691,76.765766,Educational Institute,Art School
CAPA - Cakeuncle Academy of Pastry Arts,4.3,(100),30.729245,76.757787,Educational Institute,Art School
Rock 'n' Roll Dance Modeling Acting Academy Chandigarh,5.0,(63),30.726715,76.757787,Educational Institute,Art School
Mehr Chand Mahajan DAV College for Women,4.6,"(1,452)",30.734746,76.757433,Educational Institute,Art School
"Shanky Studio, Visual Art Services",4.9,"(1,353)",30.739541,76.745865,Educational Institute,Art School
Gunjan Art Classes,4.7,(48),30.740784,76.754281,Educational Institute,Art School
Desire hobby classes at home,5.0,(1),30.862174,76.662754,Educational Institute,Art School
"Acting , Film & Theater Classes in Chandigarh - CIPA",4.8,(205),30.748502,76.774364,Educational Institute,Art School
Academy Of Applied Arts,5.0,(1),30.740784,76.780211,Educational Institute,Art School
CHHAYA SCHOOL OF ART(CSA),4.6,(30),30.690202,76.756597,Educational Institute,Art School
A+ School of Music,4.9,(34),30.694726,76.76969,Educational Institute,Art School
Dj Lab Academy - Chandigarh,5.0,(7),30.698379,76.786855,Educational Institute,Art School
Raj Bridal Mehandi Artist,5.0,(86),30.698673,76.76442,Educational Institute,Art School
Urban Dance Studio,5.0,(6),30.682739,76.761036,Educational Institute,Art School
A+ School of Music,4.9,(34),30.694726,76.76969,Educational Institute,Art School
"Aagaaz Kala Kendra School Of Music, Chandigarh Branch",5.0,(1),30.701077,76.769006,Educational Institute,Art School
Kaydee's Guitar Academy,5.0,(2),30.722582,76.759019,Educational Institute,Art School
The Karma Dance Studio,5.0,(64),30.700386,76.768071,Educational Institute,Art School
Raj Bridal Mehandi Artist,5.0,(86),30.698673,76.76442,Educational Institute,Art School
Deepakriti Institute of Creative Arts,4.8,"(2,569)",30.716878,76.757392,Educational Institute,Art School
Folk Art Lover Academy Chandigarh ( Bhangra Academy ),5.0,(22),30.709428,76.764062,Educational Institute,Art School
A+ School of Music,4.9,(34),30.694726,76.76969,Educational Institute,Art School
"Aagaaz Kala Kendra School Of Music, Chandigarh Branch",5.0,(1),30.701077,76.769006,Educational Institute,Art School
Kalakari Fauj - Music & Video Production and Records,5.0,(76),30.709621,76.772374,Educational Institute,Art School
Deepakriti Institute of Creative Arts,4.8,"(2,569)",30.716878,76.757392,Educational Institute,Art School
Folk Art Lover Academy Chandigarh ( Bhangra Academy ),5.0,(22),30.709428,76.764062,Educational Institute,Art School
Kalakari Fauj - Music & Video Production and Records,5.0,(76),30.709621,76.772374,Educational Institute,Art School
Bridge Music Academy,4.7,(67),30.711275,76.75712,Educational Institute,Art School
The Engine Room,4.8,(25),30.716033,76.762809,Educational Institute,Art School
arta Studios,5.0,(34),30.72706,76.747995,Educational Institute,Art School
Deepakriti Institute of Creative Arts,4.8,"(2,569)",30.716878,76.757392,Educational Institute,Art School
ZEE Institute of Creative Arts,3.9,(65),30.722223,76.769233,Educational Institute,Art School
Happy crafting,N/A,N/A,30.726759,76.765392,Educational Institute,Art School
Pracheen Kala Kendra,4.3,(371),30.723564,76.762616,Educational Institute,Art School
Happy crafting,N/A,N/A,30.726759,76.765392,Educational Institute,Art School
R13 Bhangra Academy,5.0,(22),30.725917,76.772402,Educational Institute,Art School
"Tution (1 to 10 classes, 11th & 12th Arts )",5.0,(1),30.731691,76.765766,Educational Institute,Art School
PDA Dance Academy,5.0,(76),30.729011,76.771928,Educational Institute,Art School
Shashi Films Private Limited,3.9,(10),30.728621,76.776396,Educational Institute,Art School
Ravinder Sharma Art Academy (RSAA) UGC-NET Visual Art BFA NID NIFT UCEED NATA coaching,5.0,(22),31.026816,75.410647,Educational Institute,Art School
Gunjan Art Classes,4.7,(48),30.740784,76.754281,Educational Institute,Art School
Punjab Lalit Kala Akademi,4.7,(15),30.748174,76.781541,Educational Institute,Art School
Desire hobby classes at home,5.0,(1),30.862174,76.662754,Educational Institute,Art School
"Acting , Film & Theater Classes in Chandigarh - CIPA",4.8,(205),30.748502,76.774364,Educational Institute,Art School
CHHAYA SCHOOL OF ART(CSA),4.6,(30),30.690202,76.756597,Educational Institute,Art School
Refreshy Art Studio - Resin Artist Oil Paintings Creator-,4.9,(42),30.706464,76.719946,Educational Institute,Art School
The Artylicious Studio,4.8,(62),30.707157,76.71917,Educational Institute,Art School
Rajvinder art classes,5.0,(11),30.707517,76.71923,Educational Institute,Art School
Ravinder Sharma Art Academy (RSAA) UGC-NET Visual Art BFA NID NIFT UCEED NATA coaching,5.0,(22),31.026816,75.410647,Educational Institute,Art School
CHHAYA SCHOOL OF ART(CSA),4.6,(30),30.690202,76.756597,Educational Institute,Art School
Shankar School Of Music,4.9,(171),30.687943,76.737523,Educational Institute,Art School
Neha Bhatt Academy,4.9,(38),30.689438,76.742084,Educational Institute,Art School
Aagaaz Kala Kendra School Of Music,5.0,(24),30.702466,76.727204,Educational Institute,Art School
Chandigarh Muay Thai & Taekwondo Academy,5.0,(1),30.705768,76.758296,Educational Institute,Art School
Beatwork Studio| Best Music Studio in Chandigarh,4.7,(10),30.708907,76.743644,Educational Institute,Art School
DANCE ACADEMY CHANDIGARH sector 45,4.0,(2),30.707475,76.757704,Educational Institute,Art School
Sargam Music Academy,5.0,(2),30.701387,76.752588,Educational Institute,Art School
Zion's Music,5.0,(9),30.703059,76.75751,Educational Institute,Art School
AK DANCE & FITNESS STUDIO CHANDIGARH(Learn From Professionals),5.0,(6),30.707445,76.757706,Educational Institute,Art School
Deepakriti Institute of Creative Arts,4.8,"(2,569)",30.716878,76.757392,Educational Institute,Art School
Shiv Ansh Art And Coaching Academy,5.0,(28),30.717943,76.728977,Educational Institute,Art School
Pracheen Kala Kendra,4.3,(371),30.723564,76.762616,Educational Institute,Art School
Aagaaz Kala Kendra School Of Music,5.0,(24),30.702466,76.727204,Educational Institute,Art School
Beatwork Studio| Best Music Studio in Chandigarh,4.7,(10),30.708907,76.743644,Educational Institute,Art School
arta Studios,5.0,(34),30.72706,76.747995,Educational Institute,Art School
Deepakriti Institute of Creative Arts,4.8,"(2,569)",30.716878,76.757392,Educational Institute,Art School
Little Buddhas Play School,5.0,(11),30.724839,76.746824,Educational Institute,Art School
"English Reading, Grammar ,theatrebykidsandexpressions",4.9,(78),30.721548,76.754195,Educational Institute,Art School
Universal Martial Arts,4.6,(50),30.723244,76.750702,Educational Institute,Art School
arta Studios,5.0,(34),30.72706,76.747995,Educational Institute,Art School
"Shanky Studio, Visual Art Services",4.9,"(1,353)",30.739541,76.745865,Educational Institute,Art School
Institute Of Fine Arts,4.4,(52),30.736116,76.735265,Educational Institute,Art School
Gunjan Art Classes,4.7,(48),30.740784,76.754281,Educational Institute,Art School
Happy crafting,N/A,N/A,30.726759,76.765392,Educational Institute,Art School
"Shanky Studio, Visual Art Services",4.9,"(1,353)",30.739541,76.745865,Educational Institute,Art School
Gunjan Art Classes,4.7,(48),30.740784,76.754281,Educational Institute,Art School
Desire hobby classes at home,5.0,(1),30.862174,76.662754,Educational Institute,Art School
Lalit Kala Akademi Chandigarh,4.5,(4),30.741987,76.746893,Educational Institute,Art School
Music Academy Chandigarh� (MAC),5.0,(314),30.733554,76.738905,Educational Institute,Art School
CHHAYA SCHOOL OF ART(CSA),4.6,(30),30.690202,76.756597,Educational Institute,Art School
Shankar School Of Music,4.9,(171),30.687943,76.737523,Educational Institute,Art School
Artlearn Guitar Academy,5.0,(20),30.684604,76.738915,Educational Institute,Art School
Neha Bhatt Academy,4.9,(38),30.689438,76.742084,Educational Institute,Art School
A+ School of Music,4.9,(34),30.694726,76.76969,Educational Institute,Art School
Kaydee's Guitar Academy,5.0,(2),30.722582,76.759019,Educational Institute,Art School
Sargam Music Academy,5.0,(2),30.701387,76.752588,Educational Institute,Art School
Taekwondo Classes by Arun Kumar,4.8,(19),30.694871,76.747249,Educational Institute,Art School
Raw Arts,N/A,N/A,30.691126,76.74542,Educational Institute,Art School
Commerce Point : Best institute for Commerce and Humanities In Chandigarh (by Pandey Sir),5.0,(72),30.699662,76.762728,Educational Institute,Art School
Deepakriti Institute of Creative Arts,4.8,"(2,569)",30.716878,76.757392,Educational Institute,Art School
Folk Art Lover Academy Chandigarh ( Bhangra Academy ),5.0,(22),30.709428,76.764062,Educational Institute,Art School
A+ School of Music,4.9,(34),30.694726,76.76969,Educational Institute,Art School
"Aagaaz Kala Kendra School Of Music, Chandigarh Branch",5.0,(1),30.701077,76.769006,Educational Institute,Art School
Beatwork Studio| Best Music Studio in Chandigarh,4.7,(10),30.708907,76.743644,Educational Institute,Art School
Deepakriti Institute of Creative Arts,4.8,"(2,569)",30.716878,76.757392,Educational Institute,Art School
Folk Art Lover Academy Chandigarh ( Bhangra Academy ),5.0,(22),30.709428,76.764062,Educational Institute,Art School
Beatwork Studio| Best Music Studio in Chandigarh,4.7,(10),30.708907,76.743644,Educational Institute,Art School
Bridge Music Academy,4.7,(67),30.711275,76.75712,Educational Institute,Art School
Swar Sadhna Sangeet Kala Academy,3.6,(20),30.713173,76.750295,Educational Institute,Art School
arta Studios,5.0,(34),30.72706,76.747995,Educational Institute,Art School
Deepakriti Institute of Creative Arts,4.8,"(2,569)",30.716878,76.757392,Educational Institute,Art School
Smiling Walls,4.8,(29),30.723757,76.763621,Educational Institute,Art School
Pracheen Kala Kendra,4.3,(371),30.723564,76.762616,Educational Institute,Art School
Little Buddhas Play School,5.0,(11),30.724839,76.746824,Educational Institute,Art School
arta Studios,5.0,(34),30.72706,76.747995,Educational Institute,Art School
CAPA - Cakeuncle Academy of Pastry Arts,4.3,(100),30.729245,76.757787,Educational Institute,Art School
Emerald Martial Arts Academy,4.8,(27),30.73527,76.74878,Educational Institute,Art School
"Shanky Studio, Visual Art Services",4.9,"(1,353)",30.739541,76.745865,Educational Institute,Art School
Gunjan Art Classes,4.7,(48),30.740784,76.754281,Educational Institute,Art School
Institute Of Fine Arts,4.4,(52),30.736116,76.735265,Educational Institute,Art School
Desire hobby classes at home,5.0,(1),30.862174,76.662754,Educational Institute,Art School
Pikazo Institute - Best animation & vfx institute -,5.0,(47),30.735287,76.735706,Educational Institute,Art School
CHHAYA SCHOOL OF ART(CSA),4.6,(30),30.690202,76.756597,Educational Institute,Art School
Urban Dance Studio,5.0,(6),30.682739,76.761036,Educational Institute,Art School
"Banyan Tree School, Chandigarh | Best School in Chandigarh",4.3,(200),30.689737,76.761179,Educational Institute,Art School
Sangeet Ka Sparsh,5.0,(2),30.68946,76.758021,Educational Institute,Art School
Vandana's After school program in Chandigarh,5.0,(2),30.683343,76.753988,Educational Institute,Art School
CHHAYA SCHOOL OF ART(CSA),4.6,(30),30.690202,76.756597,Educational Institute,Art School
Neha Bhatt Academy,4.9,(38),30.689438,76.742084,Educational Institute,Art School
A+ School of Music,4.9,(34),30.694726,76.76969,Educational Institute,Art School
"Aagaaz Kala Kendra School Of Music, Chandigarh Branch",5.0,(1),30.701077,76.769006,Educational Institute,Art School
Chandigarh Muay Thai & Taekwondo Academy,5.0,(1),30.705768,76.758296,Educational Institute,Art School
Folk Art Lover Academy Chandigarh ( Bhangra Academy ),5.0,(22),30.709428,76.764062,Educational Institute,Art School
"Aagaaz Kala Kendra School Of Music, Chandigarh Branch",5.0,(1),30.701077,76.769006,Educational Institute,Art School
Chandigarh Muay Thai & Taekwondo Academy,5.0,(1),30.705768,76.758296,Educational Institute,Art School
Rockstar Academy dance classes chandigarh,4.4,(32),30.710314,76.758374,Educational Institute,Art School
Kaydee's Guitar Academy,5.0,(2),30.722582,76.759019,Educational Institute,Art School
Deepakriti Institute of Creative Arts,4.8,"(2,569)",30.716878,76.757392,Educational Institute,Art School
ZEE Institute of Creative Arts,3.9,(65),30.722223,76.769233,Educational Institute,Art School
Smiling Walls,4.8,(29),30.723757,76.763621,Educational Institute,Art School
Folk Art Lover Academy Chandigarh ( Bhangra Academy ),5.0,(22),30.709428,76.764062,Educational Institute,Art School
Pracheen Kala Kendra,4.3,(371),30.723564,76.762616,Educational Institute,Art School
Deepakriti Institute of Creative Arts,4.8,"(2,569)",30.716878,76.757392,Educational Institute,Art School
ZEE Institute of Creative Arts,3.9,(65),30.722223,76.769233,Educational Institute,Art School
Smiling Walls,4.8,(29),30.723757,76.763621,Educational Institute,Art School
Happy crafting,N/A,N/A,30.726759,76.765392,Educational Institute,Art School
Pracheen Kala Kendra,4.3,(371),30.723564,76.762616,Educational Institute,Art School
arta Studios,5.0,(34),30.72706,76.747995,Educational Institute,Art School
"Shanky Studio, Visual Art Services",4.9,"(1,353)",30.739541,76.745865,Educational Institute,Art School
Gunjan Art Classes,4.7,(48),30.740784,76.754281,Educational Institute,Art School
ZEE Institute of Creative Arts,3.9,(65),30.722223,76.769233,Educational Institute,Art School
Happy crafting,N/A,N/A,30.726759,76.765392,Educational Institute,Art School
Gunjan Art Classes,4.7,(48),30.740784,76.754281,Educational Institute,Art School
Desire hobby classes at home,5.0,(1),30.862174,76.662754,Educational Institute,Art School
Gaazee musical academy,5.0,(3),30.73901,76.761064,Educational Institute,Art School
Kutlehar Institute,5.0,(3),30.742574,76.765458,Educational Institute,Art School
CHHAYA SCHOOL OF ART(CSA),4.6,(30),30.690202,76.756597,Educational Institute,Art School
Urban Dance Studio,5.0,(6),30.682739,76.761036,Educational Institute,Art School
"Banyan Tree School, Chandigarh | Best School in Chandigarh",4.3,(200),30.689737,76.761179,Educational Institute,Art School
Sangeet Ka Sparsh,5.0,(2),30.68946,76.758021,Educational Institute,Art School
Aaditri Kids Care - Daycare and Playway,4.7,(26),30.693814,76.770909,Educational Institute,Art School
CHHAYA SCHOOL OF ART(CSA),4.6,(30),30.690202,76.756597,Educational Institute,Art School
A+ School of Music,4.9,(34),30.694726,76.76969,Educational Institute,Art School
"Aagaaz Kala Kendra School Of Music, Chandigarh Branch",5.0,(1),30.701077,76.769006,Educational Institute,Art School
Chandigarh Muay Thai & Taekwondo Academy,5.0,(1),30.705768,76.758296,Educational Institute,Art School
Dj Lab Academy - Chandigarh,5.0,(7),30.698379,76.786855,Educational Institute,Art School
Folk Art Lover Academy Chandigarh ( Bhangra Academy ),5.0,(22),30.709428,76.764062,Educational Institute,Art School
"Aagaaz Kala Kendra School Of Music, Chandigarh Branch",5.0,(1),30.701077,76.769006,Educational Institute,Art School
Kalakari Fauj - Music & Video Production and Records,5.0,(76),30.709621,76.772374,Educational Institute,Art School
Chandigarh Muay Thai & Taekwondo Academy,5.0,(1),30.705768,76.758296,Educational Institute,Art School
Rockstar Academy dance classes chandigarh,4.4,(32),30.710314,76.758374,Educational Institute,Art School
Deepakriti Institute of Creative Arts,4.8,"(2,569)",30.716878,76.757392,Educational Institute,Art School
ZEE Institute of Creative Arts,3.9,(65),30.722223,76.769233,Educational Institute,Art School
Smiling Walls,4.8,(29),30.723757,76.763621,Educational Institute,Art School
Folk Art Lover Academy Chandigarh ( Bhangra Academy ),5.0,(22),30.709428,76.764062,Educational Institute,Art School
Pracheen Kala Kendra,4.3,(371),30.723564,76.762616,Educational Institute,Art School
arta Studios,5.0,(34),30.72706,76.747995,Educational Institute,Art School
Deepakriti Institute of Creative Arts,4.8,"(2,569)",30.716878,76.757392,Educational Institute,Art School
Ravinder Sharma Art Academy (RSAA) UGC-NET Visual Art BFA NID NIFT UCEED NATA coaching,5.0,(22),31.026816,75.410647,Educational Institute,Art School
"Shanky Studio, Visual Art Services",4.9,"(1,353)",30.739541,76.745865,Educational Institute,Art School
Gunjan Art Classes,4.7,(48),30.740784,76.754281,Educational Institute,Art School
Ravinder Sharma Art Academy (RSAA) UGC-NET Visual Art BFA NID NIFT UCEED NATA coaching,5.0,(22),31.026816,75.410647,Educational Institute,Art School
arta Studios,5.0,(34),30.72706,76.747995,Educational Institute,Art School
Gunjan Art Classes,4.7,(48),30.740784,76.754281,Educational Institute,Art School
ZEE Institute of Creative Arts,3.9,(65),30.722223,76.769233,Educational Institute,Art School
Happy crafting,N/A,N/A,30.726759,76.765392,Educational Institute,Art School
Gaazee musical academy,5.0,(3),30.73901,76.761064,Educational Institute,Art School
Kutlehar Institute,5.0,(3),30.742574,76.765458,Educational Institute,Art School
Preet contracty,N/A,N/A,30.73228,76.770713,Educational Institute,Art School
Mehr Chand Mahajan DAV College for Women,4.6,"(1,451)",30.734746,76.757433,Educational Institute,Art School
Alliance Francaise de Chandigarh,4.6,(279),30.735877,76.758365,Educational Institute,Art School
