Chandigarh,5.0,(1),30.684958,76.724595,Educational Institute,College
simt govt college mohali,5.0,(1),30.684973,76.742348,Educational Institute,College
Government College Of Commerce & Business Administration,4.3,(245),30.69685,76.745756,Educational Institute,College
NATIONAL COMMERCIAL COLLEGE.,3.3,(4),30.693395,76.732726,Educational Institute,College
Sikh Missionary College Regd.,4.4,(8),30.682574,76.744089,Educational Institute,College
Dev samaj college for women,4.2,(407),30.707381,76.764799,Educational Institute,College
Government College Of Commerce & Business Administration,4.3,(245),30.69685,76.745756,Educational Institute,College
simt govt college mohali,5.0,(1),30.684973,76.742348,Educational Institute,College
NATIONAL COMMERCIAL COLLEGE.,3.3,(4),30.693395,76.732726,Educational Institute,College
"Punjabi University Centre for Emerging and Innovative Technology, Mohali",4.4,(79),30.704418,76.727722,Educational Institute,College
khalsa College,3.4,(20),30.710688,76.755345,Educational Institute,College
Government Senior Secondary School,4.1,(109),30.709138,76.756796,Educational Institute,College
Government Smart High School,4.0,(59),30.699993,76.74987,Educational Institute,College
Chandigarh Baptist Senior Secondary School,4.7,(308),30.706952,76.752949,Educational Institute,College
physics tution by OP sir,N/A,N/A,30.699868,76.750966,Educational Institute,College
khalsa College,3.4,(20),30.710688,76.755345,Educational Institute,College
Sharma Institute Of Commerce,N/A,N/A,30.711333,76.75291,Educational Institute,College
S G Institute,N/A,N/A,30.713007,76.755301,Educational Institute,College
Government Senior Secondary School,4.1,(109),30.709138,76.756796,Educational Institute,College
The British School,3.6,(195),30.711498,76.757344,Educational Institute,College
Khalsa College Mohali Of Technology & Business Studies,4.3,(218),30.718625,76.730432,Educational Institute,College
Post Graduate Government College for Girls,4.3,(713),30.725353,76.738595,Educational Institute,College
Chandigarh,4.0,(1),30.721634,76.750239,Educational Institute,College
Griffith College Ireland Dublin Limerick Cork,5.0,(1),30.71994,76.757352,Educational Institute,College
Dolphin Group of Colleges,4.3,(7),N/A,N/A,Educational Institute,College
Mehr Chand Mahajan DAV College for Women,4.6,"(1,452)",30.734746,76.757433,Educational Institute,College
Chandigarh Group of Colleges City Office,3.7,(3),30.735667,76.749316,Educational Institute,College
Post Graduate Government College for Girls,4.3,(713),30.725353,76.738595,Educational Institute,College
Dev Samaj College of Education,4.4,(113),30.733109,76.761856,Educational Institute,College
Gian Jyoti Institute of Management and Technology,4.1,(795),30.724491,76.726199,Educational Institute,College
Mehr Chand Mahajan DAV College for Women,4.6,"(1,452)",30.734746,76.757433,Educational Institute,College
Chandigarh Group of Colleges City Office,3.7,(3),30.735667,76.749316,Educational Institute,College
Dev Samaj College of Education,4.4,(113),30.733109,76.761856,Educational Institute,College
"College of Commerce - Best CA Coaching in Chandigarh, Accounts Economics 11, 12, Bcom, CS CPT CUET DU Entrance Coaching",4.9,(396),30.733613,76.753136,Educational Institute,College
Sachdeva girls college,4.7,(3),30.731958,76.725906,Educational Institute,College
Sikh Missionary College Regd.,4.4,(8),30.682574,76.744089,Educational Institute,College
"486, pancham enclave, sector 48",4.3,(15),30.691684,76.757076,Educational Institute,College
Government Medical College & Hospital 48 Residential Complex,4.5,(26),30.688298,76.752172,Educational Institute,College
Government Medical College & Hospital,3.8,(28),30.688452,76.75485,Educational Institute,College
Heritage High Public School,4.2,(18),30.683079,76.763576,Educational Institute,College
Government College Of Commerce & Business Administration,4.3,(245),30.69685,76.745756,Educational Institute,College
Post Graduate Government College,4.2,(432),30.701822,76.769283,Educational Institute,College
R.T.C. College,5.0,(33),30.708604,76.774174,Educational Institute,College
NATIONAL COMMERCIAL COLLEGE.,3.3,(4),30.693395,76.732726,Educational Institute,College
Goswami Ganesh Dutta Sanatan Dharma College,4.4,"(1,061)",30.704523,76.772266,Educational Institute,College
khalsa College,3.4,(20),30.710688,76.755345,Educational Institute,College
Open Board (NIOS) Admission & Classes,5.0,(131),30.704908,76.758374,Educational Institute,College
IIFC,5.0,(1),30.70097,76.760622,Educational Institute,College
Government Senior Secondary School,4.1,(109),30.709138,76.756796,Educational Institute,College
CMC Academy - Chandigarh,5.0,(1),30.708049,76.761199,Educational Institute,College
R.T.C. College,5.0,(33),30.708604,76.774174,Educational Institute,College
Goswami Ganesh Dutta Sanatan Dharma College,4.4,"(1,061)",30.704523,76.772266,Educational Institute,College
Post Graduate Government College for Girls,4.3,(714),30.725353,76.738595,Educational Institute,College
Dev samaj college for women,4.2,(407),30.707381,76.764799,Educational Institute,College
khalsa College,3.4,(20),30.710688,76.755345,Educational Institute,College
Post Graduate Government College for Girls,4.3,(714),30.725353,76.738595,Educational Institute,College
Khalsa College Mohali Of Technology & Business Studies,4.3,(218),30.718625,76.730432,Educational Institute,College
Griffith College Ireland Dublin Limerick Cork,5.0,(1),30.71994,76.757352,Educational Institute,College
Dolphin Group of Colleges,4.3,(7),N/A,N/A,Educational Institute,College
Dev Samaj College of Education,4.4,(113),30.733109,76.761856,Educational Institute,College
Mehr Chand Mahajan DAV College for Women,4.6,"(1,452)",30.734746,76.757433,Educational Institute,College
Dev Samaj College of Education,4.4,(113),30.733109,76.761856,Educational Institute,College
Chandigarh Group of Colleges City Office,3.7,(3),30.735667,76.749316,Educational Institute,College
Post Graduate Government College for Girls,4.3,(714),30.725353,76.738595,Educational Institute,College
"College of Commerce - Best CA Coaching in Chandigarh, Accounts Economics 11, 12, Bcom, CS CPT CUET DU Entrance Coaching",4.9,(396),30.733613,76.753136,Educational Institute,College
Mehr Chand Mahajan DAV College for Women,4.6,"(1,452)",30.734746,76.757433,Educational Institute,College
Dev Samaj College of Education,4.4,(113),30.733109,76.761856,Educational Institute,College
Chandigarh Group of Colleges City Office,3.7,(3),30.735667,76.749316,Educational Institute,College
"College of Commerce - Best CA Coaching in Chandigarh, Accounts Economics 11, 12, Bcom, CS CPT CUET DU Entrance Coaching",4.9,(396),30.733613,76.753136,Educational Institute,College
B.Ed Admission 2024-26 Colleges Chandigarh Kurukshetra Punjabi University D.Ed- Scholars Hub,4.7,(31),30.747513,76.758735,Educational Institute,College
Government College Of Commerce & Business Administration,4.3,(245),30.69685,76.745756,Educational Institute,College
simt govt college mohali,5.0,(1),30.684973,76.742348,Educational Institute,College
Sikh Missionary College Regd.,4.4,(8),30.682574,76.744089,Educational Institute,College
Regional Institute for Mentally Handicapped,4.5,(20),30.698991,76.776206,Educational Institute,College
Universal Institute Of Management & Technology,4.3,(26),30.679996,76.745582,Educational Institute,College
Post Graduate Government College,4.2,(432),30.701822,76.769283,Educational Institute,College
Svadhyay Institute,4.9,(233),30.7006,76.764884,Educational Institute,College
"486, pancham enclave, sector 48",4.3,(15),30.691684,76.757076,Educational Institute,College
Chandigarh Law Academy,5.0,(4),30.697894,76.762628,Educational Institute,College
Shri Dhanwantry Ayurvedic College and Hospital,3.9,(197),30.699826,76.767251,Educational Institute,College
Goswami Ganesh Dutta Sanatan Dharma College,4.4,"(1,061)",30.704523,76.772266,Educational Institute,College
Post Graduate Government College,4.2,(432),30.701822,76.769283,Educational Institute,College
R.T.C. College,5.0,(33),30.708604,76.774174,Educational Institute,College
Dev samaj college for women,4.2,(407),30.707381,76.764799,Educational Institute,College
khalsa College,3.4,(20),30.710688,76.755345,Educational Institute,College
R.T.C. College,5.0,(33),30.708604,76.774174,Educational Institute,College
Dev samaj college for women,4.2,(407),30.707381,76.764799,Educational Institute,College
khalsa College,3.4,(20),30.710688,76.755345,Educational Institute,College
Griffith College Ireland Dublin Limerick Cork,5.0,(1),30.71994,76.757352,Educational Institute,College
Goswami Ganesh Dutta Sanatan Dharma College,4.4,"(1,061)",30.704523,76.772266,Educational Institute,College
Post Graduate Government College for Girls,4.3,(714),30.725353,76.738595,Educational Institute,College
Griffith College Ireland Dublin Limerick Cork,5.0,(1),30.71994,76.757352,Educational Institute,College
Dolphin Group of Colleges,4.3,(7),N/A,N/A,Educational Institute,College
Best HM College- UEI Global,4.5,(150),30.723376,76.767646,Educational Institute,College
R.T.C. College,5.0,(33),30.708604,76.774174,Educational Institute,College
Mehr Chand Mahajan DAV College for Women,4.6,"(1,452)",30.734746,76.757433,Educational Institute,College
Dev Samaj College of Education,4.4,(113),30.733109,76.761856,Educational Institute,College
Chandigarh Group of Colleges City Office,3.7,(3),30.735667,76.749316,Educational Institute,College
Post Graduate Government College for Girls,4.3,(714),30.725353,76.738595,Educational Institute,College
"College of Commerce - Best CA Coaching in Chandigarh, Accounts Economics 11, 12, Bcom, CS CPT CUET DU Entrance Coaching",4.9,(396),30.733613,76.753136,Educational Institute,College
Mehr Chand Mahajan DAV College for Women,4.6,"(1,452)",30.734746,76.757433,Educational Institute,College
Dev Samaj College of Education,4.4,(113),30.733109,76.761856,Educational Institute,College
Chandigarh Group of Colleges City Office,3.7,(3),30.735667,76.749316,Educational Institute,College
"College of Commerce - Best CA Coaching in Chandigarh, Accounts Economics 11, 12, Bcom, CS CPT CUET DU Entrance Coaching",4.9,(396),30.733613,76.753136,Educational Institute,College
Aryans College of Education,4.0,(26),30.746442,76.778375,Educational Institute,College
"486, pancham enclave, sector 48",4.3,(15),30.691684,76.757076,Educational Institute,College
Heritage High Public School,4.2,(18),30.683079,76.763576,Educational Institute,College
DENTAL CLINIC,5.0,(1),30.682803,76.763523,Educational Institute,College
Eminence Education,4.6,(14),30.690806,76.757968,Educational Institute,College
Leapwaters,5.0,(13),30.687671,76.757219,Educational Institute,College
Government College Of Commerce & Business Administration,4.3,(245),30.69685,76.745756,Educational Institute,College
Post Graduate Government College,4.2,(432),30.701822,76.769283,Educational Institute,College
Goswami Ganesh Dutta Sanatan Dharma College,4.4,"(1,061)",30.704523,76.772266,Educational Institute,College
R.T.C. College,5.0,(33),30.708604,76.774174,Educational Institute,College
Information Technology Department,4.5,(2),30.704522,76.771847,Educational Institute,College
R.T.C. College,5.0,(33),30.708604,76.774174,Educational Institute,College
Goswami Ganesh Dutta Sanatan Dharma College,4.4,"(1,061)",30.704523,76.772266,Educational Institute,College
Post Graduate Government College,4.2,(432),30.701822,76.769283,Educational Institute,College
Dev samaj college for women,4.2,(407),30.707381,76.764799,Educational Institute,College
khalsa College,3.4,(20),30.710688,76.755345,Educational Institute,College
R.T.C. College,5.0,(33),30.708604,76.774174,Educational Institute,College
Dev samaj college for women,4.2,(407),30.707381,76.764799,Educational Institute,College
Government College of Education,4.2,(131),30.719682,76.777462,Educational Institute,College
khalsa College,3.4,(20),30.710688,76.755345,Educational Institute,College
Griffith College Ireland Dublin Limerick Cork,5.0,(1),30.71994,76.757352,Educational Institute,College
Government College of Education,4.2,(131),30.719682,76.777462,Educational Institute,College
Griffith College Ireland Dublin Limerick Cork,5.0,(1),30.71994,76.757352,Educational Institute,College
Dolphin Group of Colleges,4.3,(7),N/A,N/A,Educational Institute,College
college,5.0,(1),30.730006,76.780011,Educational Institute,College
Best HM College- UEI Global,4.5,(150),30.723376,76.767646,Educational Institute,College
Mehr Chand Mahajan DAV College for Women,4.6,"(1,451)",30.734746,76.757433,Educational Institute,College
Dev Samaj College of Education,4.4,(113),30.733109,76.761856,Educational Institute,College
"Psychology, Sociology & Biology(11th,12th,B.A.,M.A.)-{BM Education}",5.0,(4),30.734808,76.762567,Educational Institute,College
Parul University - Chandigarh National Admission Offices,5.0,(2),30.728494,76.770899,Educational Institute,College
"Tution (1 to 10 classes, 11th & 12th Arts )",5.0,(1),30.731691,76.765766,Educational Institute,College
Mehr Chand Mahajan DAV College for Women,4.6,"(1,451)",30.734746,76.757433,Educational Institute,College
Dev Samaj College of Education,4.4,(113),30.733109,76.761856,Educational Institute,College
Chandigarh Group of Colleges City Office,3.7,(3),30.735667,76.749316,Educational Institute,College
Aryans College of Education,4.0,(26),30.746442,76.778375,Educational Institute,College
"College of Commerce - Best CA Coaching in Chandigarh, Accounts Economics 11, 12, Bcom, CS CPT CUET DU Entrance Coaching",4.9,(396),30.733613,76.753136,Educational Institute,College
Chandigarh,5.0,(1),30.684958,76.724595,Educational Institute,College
simt govt college mohali,5.0,(1),30.684973,76.742348,Educational Institute,College
Government College Of Commerce & Business Administration,4.3,(245),30.69685,76.745756,Educational Institute,College
NATIONAL COMMERCIAL COLLEGE.,3.3,(4),30.693395,76.732726,Educational Institute,College
Sikh Missionary College Regd.,4.4,(8),30.682574,76.744089,Educational Institute,College
Dev samaj college for women,4.2,(407),30.707381,76.764799,Educational Institute,College
Government College Of Commerce & Business Administration,4.3,(245),30.69685,76.745756,Educational Institute,College
simt govt college mohali,5.0,(1),30.684973,76.742348,Educational Institute,College
NATIONAL COMMERCIAL COLLEGE.,3.3,(4),30.693395,76.732726,Educational Institute,College
"Punjabi University Centre for Emerging and Innovative Technology, Mohali",4.4,(79),30.704418,76.727722,Educational Institute,College
khalsa College,3.4,(20),30.710688,76.755345,Educational Institute,College
Government Senior Secondary School,4.1,(109),30.709138,76.756796,Educational Institute,College
physics tution by OP sir,N/A,N/A,30.699868,76.750966,Educational Institute,College
Khalsa College Mohali Of Technology & Business Studies,4.3,(218),30.718625,76.730432,Educational Institute,College
Post Graduate Government College for Girls,4.3,(714),30.725353,76.738595,Educational Institute,College
Dev samaj college for women,4.2,(407),30.707381,76.764799,Educational Institute,College
khalsa College,3.4,(20),30.710688,76.755345,Educational Institute,College
Chandigarh,4.0,(1),30.721634,76.750239,Educational Institute,College
Khalsa College Mohali Of Technology & Business Studies,4.3,(218),30.718625,76.730432,Educational Institute,College
Post Graduate Government College for Girls,4.3,(714),30.725353,76.738595,Educational Institute,College
Chandigarh,4.0,(1),30.721634,76.750239,Educational Institute,College
Griffith College Ireland Dublin Limerick Cork,5.0,(1),30.71994,76.757352,Educational Institute,College
Dolphin Group of Colleges,4.3,(7),N/A,N/A,Educational Institute,College
Mehr Chand Mahajan DAV College for Women,4.6,"(1,451)",30.734746,76.757433,Educational Institute,College
Chandigarh Group of Colleges City Office,3.7,(3),30.735667,76.749316,Educational Institute,College
Post Graduate Government College for Girls,4.3,(714),30.725353,76.738595,Educational Institute,College
Dev Samaj College of Education,4.4,(113),30.733109,76.761856,Educational Institute,College
Gian Jyoti Institute of Management and Technology,4.1,(795),30.724491,76.726199,Educational Institute,College
Mehr Chand Mahajan DAV College for Women,4.6,"(1,451)",30.734746,76.757433,Educational Institute,College
Chandigarh Group of Colleges City Office,3.7,(3),30.735667,76.749316,Educational Institute,College
Dev Samaj College of Education,4.4,(113),30.733109,76.761856,Educational Institute,College
"College of Commerce - Best CA Coaching in Chandigarh, Accounts Economics 11, 12, Bcom, CS CPT CUET DU Entrance Coaching",4.9,(396),30.733613,76.753136,Educational Institute,College
Sachdeva girls college,4.7,(3),30.731958,76.725906,Educational Institute,College
Government College Of Commerce & Business Administration,4.3,(245),30.69685,76.745756,Educational Institute,College
simt govt college mohali,5.0,(1),30.684973,76.742348,Educational Institute,College
IIFD,4.7,(74),30.676567,76.738542,Educational Institute,College
NIMT,4.4,(14),30.694035,76.733903,Educational Institute,College
Universal Institute Of Management & Technology,4.3,(26),30.679996,76.745582,Educational Institute,College
Government College Of Commerce & Business Administration,4.3,(245),30.69685,76.745756,Educational Institute,College
Post Graduate Government College,4.2,(432),30.701822,76.769283,Educational Institute,College
Dev samaj college for women,4.2,(407),30.707381,76.764799,Educational Institute,College
R.T.C. College,5.0,(33),30.708604,76.774174,Educational Institute,College
NATIONAL COMMERCIAL COLLEGE.,3.3,(4),30.693395,76.732726,Educational Institute,College
R.T.C. College,5.0,(33),30.708604,76.774174,Educational Institute,College
Goswami Ganesh Dutta Sanatan Dharma College,4.4,"(1,061)",30.704523,76.772266,Educational Institute,College
Post Graduate Government College,4.2,(432),30.701822,76.769283,Educational Institute,College
Dev samaj college for women,4.2,(407),30.707381,76.764799,Educational Institute,College
Government College Of Commerce & Business Administration,4.3,(245),30.69685,76.745756,Educational Institute,College
khalsa College,3.4,(20),30.710688,76.755345,Educational Institute,College
Perspectives In Education,5.0,(34),30.712272,76.763704,Educational Institute,College
Sharma Institute Of Commerce,N/A,N/A,30.711333,76.75291,Educational Institute,College
S G Institute,N/A,N/A,30.713007,76.755301,Educational Institute,College
"Zion Education | Best SAT Coaching in Chandigarh Mohali | Best IELTS Coaching | Chandigarh, Mohali",5.0,(35),30.719471,76.762614,Educational Institute,College
Post Graduate Government College for Girls,4.3,(714),30.725353,76.738595,Educational Institute,College
Khalsa College Mohali Of Technology & Business Studies,4.3,(218),30.718625,76.730432,Educational Institute,College
Griffith College Ireland Dublin Limerick Cork,5.0,(1),30.71994,76.757352,Educational Institute,College
Dolphin Group of Colleges,4.3,(7),N/A,N/A,Educational Institute,College
Sri Sukhmani Institute of Engineering & Technology,3.9,(61),30.721084,76.759191,Educational Institute,College
Mehr Chand Mahajan DAV College for Women,4.6,"(1,451)",30.734746,76.757433,Educational Institute,College
Post Graduate Government College for Girls,4.3,(714),30.725353,76.738595,Educational Institute,College
Dev Samaj College of Education,4.4,(113),30.733109,76.761856,Educational Institute,College
Chandigarh Group of Colleges City Office,3.7,(3),30.735667,76.749316,Educational Institute,College
"College of Commerce - Best CA Coaching in Chandigarh, Accounts Economics 11, 12, Bcom, CS CPT CUET DU Entrance Coaching",4.9,(396),30.733613,76.753136,Educational Institute,College
Mehr Chand Mahajan DAV College for Women,4.6,"(1,451)",30.734746,76.757433,Educational Institute,College
Dev Samaj College of Education,4.4,(113),30.733109,76.761856,Educational Institute,College
Chandigarh Group of Colleges City Office,3.7,(3),30.735667,76.749316,Educational Institute,College
"College of Commerce - Best CA Coaching in Chandigarh, Accounts Economics 11, 12, Bcom, CS CPT CUET DU Entrance Coaching",4.9,(396),30.733613,76.753136,Educational Institute,College
Post Graduate Government College for Girls,4.3,(714),30.725353,76.738595,Educational Institute,College
"486, pancham enclave, sector 48",4.3,(15),30.691684,76.757076,Educational Institute,College
Government Medical College & Hospital 48 Residential Complex,4.5,(26),30.688298,76.752172,Educational Institute,College
Government Medical College & Hospital,3.8,(28),30.688452,76.75485,Educational Institute,College
Heritage High Public School,4.2,(18),30.683079,76.763576,Educational Institute,College
DENTAL CLINIC,5.0,(1),30.682803,76.763523,Educational Institute,College
Goswami Ganesh Dutta Sanatan Dharma College,4.4,"(1,061)",30.704523,76.772266,Educational Institute,College
Post Graduate Government College,4.2,(432),30.701822,76.769283,Educational Institute,College
Dev samaj college for women,4.2,(407),30.707381,76.764799,Educational Institute,College
Government College Of Commerce & Business Administration,4.3,(245),30.69685,76.745756,Educational Institute,College
simt govt college mohali,5.0,(1),30.684973,76.742348,Educational Institute,College
Goswami Ganesh Dutta Sanatan Dharma College,4.4,"(1,061)",30.704523,76.772266,Educational Institute,College
Post Graduate Government College,4.2,(432),30.701822,76.769283,Educational Institute,College
Dev samaj college for women,4.2,(407),30.707381,76.764799,Educational Institute,College
R.T.C. College,5.0,(33),30.708604,76.774174,Educational Institute,College
khalsa College,3.4,(20),30.710688,76.755345,Educational Institute,College
Dev samaj college for women,4.2,(407),30.707381,76.764799,Educational Institute,College
R.T.C. College,5.0,(33),30.708604,76.774174,Educational Institute,College
khalsa College,3.4,(20),30.710688,76.755345,Educational Institute,College
Griffith College Ireland Dublin Limerick Cork,5.0,(1),30.71994,76.757352,Educational Institute,College
Goswami Ganesh Dutta Sanatan Dharma College,4.4,"(1,061)",30.704523,76.772266,Educational Institute,College
Post Graduate Government College for Girls,4.3,(714),30.725353,76.738595,Educational Institute,College
Griffith College Ireland Dublin Limerick Cork,5.0,(1),30.71994,76.757352,Educational Institute,College
Dolphin Group of Colleges,4.3,(7),N/A,N/A,Educational Institute,College
Best HM College- UEI Global,4.5,(150),30.723376,76.767646,Educational Institute,College
Sri Sukhmani Institute of Engineering & Technology,3.9,(61),30.721084,76.759191,Educational Institute,College
Mehr Chand Mahajan DAV College for Women,4.6,"(1,451)",30.734746,76.757433,Educational Institute,College
Post Graduate Government College for Girls,4.3,(714),30.725353,76.738595,Educational Institute,College
Dev Samaj College of Education,4.4,(113),30.733109,76.761856,Educational Institute,College
Chandigarh Group of Colleges City Office,3.7,(3),30.735667,76.749316,Educational Institute,College
"College of Commerce - Best CA Coaching in Chandigarh, Accounts Economics 11, 12, Bcom, CS CPT CUET DU Entrance Coaching",4.9,(396),30.733613,76.753136,Educational Institute,College
Mehr Chand Mahajan DAV College for Women,4.6,"(1,451)",30.734746,76.757433,Educational Institute,College
Dev Samaj College of Education,4.4,(113),30.733109,76.761856,Educational Institute,College
Chandigarh Group of Colleges City Office,3.7,(3),30.735667,76.749316,Educational Institute,College
"College of Commerce - Best CA Coaching in Chandigarh, Accounts Economics 11, 12, Bcom, CS CPT CUET DU Entrance Coaching",4.9,(396),30.733613,76.753136,Educational Institute,College
Aryans College of Education,4.0,(26),30.746442,76.778375,Educational Institute,College
Regional Institute for Mentally Handicapped,4.5,(20),30.698991,76.776206,Educational Institute,College
"486, pancham enclave, sector 48",4.3,(15),30.691684,76.757076,Educational Institute,College
Chandigarh Law Academy,5.0,(4),30.697894,76.762628,Educational Institute,College
Government Medical College & Hospital 48 Residential Complex,4.5,(26),30.688298,76.752172,Educational Institute,College
Government Medical College & Hospital,3.8,(28),30.688452,76.75485,Educational Institute,College
Government College Of Commerce & Business Administration,4.3,(245),30.69685,76.745756,Educational Institute,College
Post Graduate Government College,4.2,(432),30.701822,76.769283,Educational Institute,College
Goswami Ganesh Dutta Sanatan Dharma College,4.4,"(1,061)",30.704523,76.772266,Educational Institute,College
R.T.C. College,5.0,(33),30.708604,76.774174,Educational Institute,College
Information Technology Department,4.5,(2),30.704522,76.771847,Educational Institute,College
R.T.C. College,5.0,(33),30.708604,76.774174,Educational Institute,College
Goswami Ganesh Dutta Sanatan Dharma College,4.4,"(1,061)",30.704523,76.772266,Educational Institute,College
Post Graduate Government College,4.2,(432),30.701822,76.769283,Educational Institute,College
Dev samaj college for women,4.2,(407),30.707381,76.764799,Educational Institute,College
khalsa College,3.4,(20),30.710688,76.755345,Educational Institute,College
R.T.C. College,5.0,(33),30.708604,76.774174,Educational Institute,College
Dev samaj college for women,4.2,(407),30.707381,76.764799,Educational Institute,College
Government College of Education,4.2,(131),30.719682,76.777462,Educational Institute,College
khalsa College,3.4,(20),30.710688,76.755345,Educational Institute,College
Griffith College Ireland Dublin Limerick Cork,5.0,(1),30.71994,76.757352,Educational Institute,College
Government College of Education,4.2,(131),30.719682,76.777462,Educational Institute,College
Griffith College Ireland Dublin Limerick Cork,5.0,(1),30.71994,76.757352,Educational Institute,College
Dolphin Group of Colleges,4.3,(7),N/A,N/A,Educational Institute,College
college,5.0,(1),30.730006,76.780011,Educational Institute,College
Best HM College- UEI Global,4.5,(150),30.723376,76.767646,Educational Institute,College
Chandigarh Group of Colleges City Office,3.7,(3),30.735667,76.749316,Educational Institute,College
Mehr Chand Mahajan DAV College for Women,4.6,"(1,451)",30.734746,76.757433,Educational Institute,College
Dev Samaj College of Education,4.4,(113),30.733109,76.761856,Educational Institute,College
Government College of Education,4.2,(131),30.719682,76.777462,Educational Institute,College
Chandigarh,4.0,(1),30.721634,76.750239,Educational Institute,College
Mehr Chand Mahajan DAV College for Women,4.6,"(1,451)",30.734746,76.757433,Educational Institute,College
Dev Samaj College of Education,4.4,(113),30.733109,76.761856,Educational Institute,College
Chandigarh Group of Colleges City Office,3.7,(3),30.735667,76.749316,Educational Institute,College
Aryans College of Education,4.0,(26),30.746442,76.778375,Educational Institute,College
"College of Commerce - Best CA Coaching in Chandigarh, Accounts Economics 11, 12, Bcom, CS CPT CUET DU Entrance Coaching",4.9,(396),30.733613,76.753136,Educational Institute,College
