Step2Step Dance Studio | Best dance and fitness classes in Mohali,4.6,(195),30.686179,76.738938,Educational Institute,Dance School
Ajay Dance Studio -ADS,4.9,(35),30.681482,76.744336,Educational Institute,Dance School
Artistic Dance Studio,5.0,(19),30.681884,76.743996,Educational Institute,Dance School
Kulture Dance Studio,5.0,(6),30.693942,76.732739,Educational Institute,Dance School
Dance Da Tadka,5.0,(33),30.682693,76.743209,Educational Institute,Dance School
Step2Step Dance Studio | Best dance and fitness classes in Mohali,4.6,(195),30.686179,76.738938,Educational Institute,Dance School
The Dance Mafia,4.6,(342),30.702035,76.727574,Educational Institute,Dance School
Kulture Dance Studio,5.0,(6),30.693942,76.732739,Educational Institute,Dance School
The Karma Dance Studio,5.0,(64),30.700386,76.768071,Educational Institute,Dance School
DANCE ACADEMY CHANDIGARH sector 45,4.0,(2),30.707475,76.757704,Educational Institute,Dance School
The Dance Mafia,4.6,(342),30.702035,76.727574,Educational Institute,Dance School
Dance fitness studio,5.0,(20),30.708942,76.761272,Educational Institute,Dance School
Kulture Dance Studio,5.0,(6),30.693942,76.732739,Educational Institute,Dance School
The Karma Dance Studio,5.0,(64),30.700386,76.768071,Educational Institute,Dance School
DANCE ACADEMY CHANDIGARH sector 45,4.0,(2),30.707475,76.757704,Educational Institute,Dance School
Gurukul Kathak Academy,4.9,(50),30.713392,76.753093,Educational Institute,Dance School
Groove You Dance Studio by Pankaj Thakur,4.7,(10),30.718411,76.754999,Educational Institute,Dance School
Rock 'n' Roll Dance Modeling Acting Academy Chandigarh,5.0,(63),30.726715,76.757787,Educational Institute,Dance School
Groove You Dance Studio by Pankaj Thakur,4.7,(10),30.718411,76.754999,Educational Institute,Dance School
"English Reading, Grammar ,theatrebykidsandexpressions",4.9,(78),30.721548,76.754195,Educational Institute,Dance School
Dance In Paradise,4.9,(30),30.735943,76.736495,Educational Institute,Dance School
Rock 'n' Roll Dance Modeling Acting Academy Chandigarh,5.0,(63),30.726715,76.757787,Educational Institute,Dance School
Studio Born To Dance,4.8,(16),30.731659,76.733955,Educational Institute,Dance School
Dance Classes in Chandigarh - The Perfect Artist Studio,5.0,(2),30.740267,76.742886,Educational Institute,Dance School
Show Stoppers Dance Academy,4.5,(31),30.738388,76.745476,Educational Institute,Dance School
Dance In Paradise,4.9,(30),30.735943,76.736495,Educational Institute,Dance School
Chandigarh Dance Academy,4.6,(71),30.747727,76.746838,Educational Institute,Dance School
Show Stoppers Dance Academy,4.5,(31),30.738388,76.745476,Educational Institute,Dance School
Studio Born To Dance,4.8,(16),30.731659,76.733955,Educational Institute,Dance School
Dance Classes in Chandigarh - The Perfect Artist Studio,5.0,(2),30.740267,76.742886,Educational Institute,Dance School
Urban Dance Studio,5.0,(6),30.682739,76.761036,Educational Institute,Dance School
Step2Step Dance Studio | Best dance and fitness classes in Mohali,4.6,(195),30.686179,76.738938,Educational Institute,Dance School
The Karma Dance Studio,5.0,(64),30.700386,76.768071,Educational Institute,Dance School
DANCE ACADEMY CHANDIGARH sector 45,4.0,(2),30.707475,76.757704,Educational Institute,Dance School
Punjabi Folk Squad- Bhangra Academy in Mohali,5.0,(40),30.693108,76.733421,Educational Institute,Dance School
Prince Dance Zone - Dance & Fitness Classes | Wedding Choreographers,5.0,(22),30.704908,76.758374,Educational Institute,Dance School
Rockstar Academy dance classes chandigarh,4.4,(32),30.710314,76.758374,Educational Institute,Dance School
Dance fitness studio,5.0,(20),30.708942,76.761272,Educational Institute,Dance School
DANCE ACADEMY CHANDIGARH sector 45,4.0,(2),30.707475,76.757704,Educational Institute,Dance School
Prince Dance Zone - Dance & Fitness Classes | Wedding Choreographers,5.0,(22),30.704908,76.758374,Educational Institute,Dance School
The Karma Dance Studio,5.0,(64),30.700386,76.768071,Educational Institute,Dance School
Rockstar Academy dance classes chandigarh,4.4,(32),30.710314,76.758374,Educational Institute,Dance School
Dance fitness studio,5.0,(20),30.708942,76.761272,Educational Institute,Dance School
DANCE ACADEMY CHANDIGARH sector 45,4.0,(2),30.707475,76.757704,Educational Institute,Dance School
Groove You Dance Studio by Pankaj Thakur,4.7,(10),30.718411,76.754999,Educational Institute,Dance School
Gurukul Kathak Academy,4.9,(50),30.713392,76.753093,Educational Institute,Dance School
PDA Dance Academy,5.0,(76),30.729011,76.771928,Educational Institute,Dance School
Rock 'n' Roll Dance Modeling Acting Academy Chandigarh,5.0,(63),30.726715,76.757787,Educational Institute,Dance School
The Danza Land 34 - Dance Classes in Chandigarh,4.9,(12),30.723329,76.769216,Educational Institute,Dance School
R13 Bhangra Academy,5.0,(22),30.725917,76.772402,Educational Institute,Dance School
Studio Born To Dance,4.8,(16),30.731659,76.733955,Educational Institute,Dance School
Rock 'n' Roll Dance Modeling Acting Academy Chandigarh,5.0,(63),30.726715,76.757787,Educational Institute,Dance School
Dance In Paradise,4.9,(30),30.735943,76.736495,Educational Institute,Dance School
Chandigarh Dance Academy,4.6,(71),30.747727,76.746838,Educational Institute,Dance School
Show Stoppers Dance Academy,4.5,(31),30.738388,76.745476,Educational Institute,Dance School
Studio Born To Dance,4.8,(16),30.731659,76.733955,Educational Institute,Dance School
Dance Classes in Chandigarh - The Perfect Artist Studio,5.0,(2),30.740267,76.742886,Educational Institute,Dance School
Ajay Dance Studio -ADS,4.9,(35),30.681482,76.744336,Educational Institute,Dance School
Dance Da Tadka,5.0,(33),30.682693,76.743209,Educational Institute,Dance School
First step dance studio,5.0,(8),30.683175,76.742814,Educational Institute,Dance School
Urban Dance Studio,5.0,(6),30.682739,76.761036,Educational Institute,Dance School
K.K Dance Studio,4.8,(6),30.683157,76.742758,Educational Institute,Dance School
The Karma Dance Studio,5.0,(64),30.700386,76.768071,Educational Institute,Dance School
Step2Step Dance Studio | Best dance and fitness classes in Mohali,4.6,(195),30.686179,76.738938,Educational Institute,Dance School
Freedom2dance Studio,4.9,(234),30.708998,76.774325,Educational Institute,Dance School
Aryans Dance Factory,5.0,(11),30.703983,76.766575,Educational Institute,Dance School
Prince Dance Zone - Dance & Fitness Classes | Wedding Choreographers,5.0,(22),30.704908,76.758374,Educational Institute,Dance School
Freedom2dance Studio,4.9,(234),30.708998,76.774325,Educational Institute,Dance School
Rockstar Academy dance classes chandigarh,4.4,(32),30.710314,76.758374,Educational Institute,Dance School
The Karma Dance Studio,5.0,(64),30.700386,76.768071,Educational Institute,Dance School
Dance fitness studio,5.0,(20),30.708942,76.761272,Educational Institute,Dance School
DANCE ACADEMY CHANDIGARH sector 45,4.0,(2),30.707475,76.757704,Educational Institute,Dance School
Freedom2dance Studio,4.9,(234),30.708998,76.774325,Educational Institute,Dance School
Rockstar Academy dance classes chandigarh,4.4,(32),30.710314,76.758374,Educational Institute,Dance School
Dance fitness studio,5.0,(20),30.708942,76.761272,Educational Institute,Dance School
DANCE ACADEMY CHANDIGARH sector 45,4.0,(2),30.707475,76.757704,Educational Institute,Dance School
Groove You Dance Studio by Pankaj Thakur,4.7,(10),30.718411,76.754999,Educational Institute,Dance School
PDA Dance Academy,5.0,(76),30.729011,76.771928,Educational Institute,Dance School
Rock 'n' Roll Dance Modeling Acting Academy Chandigarh,5.0,(63),30.726715,76.757787,Educational Institute,Dance School
The Danza Land 34 - Dance Classes in Chandigarh,4.9,(12),30.723329,76.769216,Educational Institute,Dance School
Groove You Dance Studio by Pankaj Thakur,4.7,(10),30.718411,76.754999,Educational Institute,Dance School
R13 Bhangra Academy,5.0,(22),30.725917,76.772402,Educational Institute,Dance School
Rock 'n' Roll Dance Modeling Acting Academy Chandigarh,5.0,(63),30.726715,76.757787,Educational Institute,Dance School
PDA Dance Academy,5.0,(76),30.729011,76.771928,Educational Institute,Dance School
The Danza Land - Dance Classes now in 34 sector,4.8,(95),30.745789,76.773269,Educational Institute,Dance School
Chandigarh Dance Academy,4.6,(71),30.747727,76.746838,Educational Institute,Dance School
DanceOPedia22,4.9,(89),30.732814,76.776211,Educational Institute,Dance School
Dance Classes in Chandigarh - The Perfect Artist Studio,5.0,(2),30.740267,76.742886,Educational Institute,Dance School
Urban Dance Studio,5.0,(6),30.682739,76.761036,Educational Institute,Dance School
The Chhavi Dance N Fitness Studio,5.0,(1),30.698887,76.755258,Educational Institute,Dance School
Beat Beater Dance Academy,5.0,(1),30.697576,76.766916,Educational Institute,Dance School
RM Studio,5.0,(20),30.694901,76.770174,Educational Institute,Dance School
The Karma Dance Studio,5.0,(64),30.700386,76.768071,Educational Institute,Dance School
Beat Beater Dance Academy,5.0,(1),30.697576,76.766916,Educational Institute,Dance School
RM Studio,5.0,(20),30.694901,76.770174,Educational Institute,Dance School
Dancescapes by Srishti,5.0,(16),30.694554,76.757821,Educational Institute,Dance School
Freedom2dance Studio,4.9,(234),30.708998,76.774325,Educational Institute,Dance School
Rockstar Academy dance classes chandigarh,4.4,(32),30.710314,76.758374,Educational Institute,Dance School
The Karma Dance Studio,5.0,(64),30.700386,76.768071,Educational Institute,Dance School
Dance fitness studio,5.0,(20),30.708942,76.761272,Educational Institute,Dance School
DANCE ACADEMY CHANDIGARH sector 45,4.0,(2),30.707475,76.757704,Educational Institute,Dance School
Freedom2dance Studio,4.9,(234),30.708998,76.774325,Educational Institute,Dance School
Rockstar Academy dance classes chandigarh,4.4,(32),30.710314,76.758374,Educational Institute,Dance School
Dance fitness studio,5.0,(20),30.708942,76.761272,Educational Institute,Dance School
DANCE ACADEMY CHANDIGARH sector 45,4.0,(2),30.707475,76.757704,Educational Institute,Dance School
Groove You Dance Studio by Pankaj Thakur,4.7,(10),30.718411,76.754999,Educational Institute,Dance School
PDA Dance Academy,5.0,(76),30.729011,76.771928,Educational Institute,Dance School
The Dance Unity - Dance & Fitness Classes | Wedding Choreographers,4.9,(102),30.725908,76.777027,Educational Institute,Dance School
Rock 'n' Roll Dance Modeling Acting Academy Chandigarh,5.0,(63),30.726715,76.757787,Educational Institute,Dance School
The Danza Land 34 - Dance Classes in Chandigarh,4.9,(12),30.723329,76.769216,Educational Institute,Dance School
R13 Bhangra Academy,5.0,(22),30.725917,76.772402,Educational Institute,Dance School
PDA Dance Academy,5.0,(76),30.729011,76.771928,Educational Institute,Dance School
The Dance Unity - Dance & Fitness Classes | Wedding Choreographers,4.9,(102),30.725908,76.777027,Educational Institute,Dance School
DanceOPedia22,4.9,(89),30.732814,76.776211,Educational Institute,Dance School
Rock 'n' Roll Dance Modeling Acting Academy Chandigarh,5.0,(63),30.726715,76.757787,Educational Institute,Dance School
R13 Bhangra Academy,5.0,(22),30.725917,76.772402,Educational Institute,Dance School
PDA Dance Academy,5.0,(76),30.729011,76.771928,Educational Institute,Dance School
The Danza Land - Dance Classes now in 34 sector,4.8,(95),30.745789,76.773269,Educational Institute,Dance School
Chandigarh Dance Academy,4.6,(71),30.747727,76.746838,Educational Institute,Dance School
Uma Dance Studio,5.0,(65),30.734445,76.786845,Educational Institute,Dance School
DanceOPedia22,4.9,(89),30.732814,76.776211,Educational Institute,Dance School
Step2Step Dance Studio | Best dance and fitness classes in Mohali,4.6,(195),30.686179,76.738938,Educational Institute,Dance School
Ajay Dance Studio -ADS,4.9,(35),30.681482,76.744336,Educational Institute,Dance School
Artistic Dance Studio,5.0,(19),30.681884,76.743996,Educational Institute,Dance School
Kulture Dance Studio,5.0,(6),30.693942,76.732739,Educational Institute,Dance School
Dance Da Tadka,5.0,(33),30.682693,76.743209,Educational Institute,Dance School
Step2Step Dance Studio | Best dance and fitness classes in Mohali,4.6,(195),30.686179,76.738938,Educational Institute,Dance School
The Dance Mafia,4.6,(342),30.702035,76.727574,Educational Institute,Dance School
Kulture Dance Studio,5.0,(6),30.693942,76.732739,Educational Institute,Dance School
The Karma Dance Studio,5.0,(64),30.700386,76.768071,Educational Institute,Dance School
DANCE ACADEMY CHANDIGARH sector 45,4.0,(2),30.707475,76.757704,Educational Institute,Dance School
DANCE ACADEMY CHANDIGARH sector 45,4.0,(2),30.707475,76.757704,Educational Institute,Dance School
The Dance Mafia,4.6,(342),30.702035,76.727574,Educational Institute,Dance School
Dance fitness studio,5.0,(20),30.708942,76.761272,Educational Institute,Dance School
DANCE ACADEMY CHANDIGARH sector 45,4.0,(2),30.707475,76.757704,Educational Institute,Dance School
Rockstar Academy dance classes chandigarh,4.4,(32),30.710314,76.758374,Educational Institute,Dance School
Prince Dance Zone - Dance & Fitness Classes | Wedding Choreographers,5.0,(22),30.704908,76.758374,Educational Institute,Dance School
Rock 'n' Roll Dance Modeling Acting Academy Chandigarh,5.0,(63),30.726715,76.757787,Educational Institute,Dance School
Groove You Dance Studio by Pankaj Thakur,4.7,(10),30.718411,76.754999,Educational Institute,Dance School
"English Reading, Grammar ,theatrebykidsandexpressions",4.9,(78),30.721548,76.754195,Educational Institute,Dance School
Dance In Paradise,4.9,(30),30.735943,76.736495,Educational Institute,Dance School
Rock 'n' Roll Dance Modeling Acting Academy Chandigarh,5.0,(63),30.726715,76.757787,Educational Institute,Dance School
Studio Born To Dance,4.8,(16),30.731659,76.733955,Educational Institute,Dance School
Dance Classes in Chandigarh - The Perfect Artist Studio,5.0,(2),30.740267,76.742886,Educational Institute,Dance School
Show Stoppers Dance Academy,4.5,(31),30.738388,76.745476,Educational Institute,Dance School
Dance In Paradise,4.9,(30),30.735943,76.736495,Educational Institute,Dance School
Chandigarh Dance Academy,4.6,(71),30.747727,76.746838,Educational Institute,Dance School
Show Stoppers Dance Academy,4.5,(31),30.738388,76.745476,Educational Institute,Dance School
Studio Born To Dance,4.8,(16),30.731659,76.733955,Educational Institute,Dance School
Dance Classes in Chandigarh - The Perfect Artist Studio,5.0,(2),30.740267,76.742886,Educational Institute,Dance School
Step2Step Dance Studio | Best dance and fitness classes in Mohali,4.6,(195),30.686179,76.738938,Educational Institute,Dance School
Ajay Dance Studio -ADS,4.9,(35),30.681482,76.744336,Educational Institute,Dance School
Dance Da Tadka,5.0,(33),30.682693,76.743209,Educational Institute,Dance School
First step dance studio,5.0,(8),30.683175,76.742814,Educational Institute,Dance School
Urban Dance Studio,5.0,(6),30.682739,76.761036,Educational Institute,Dance School
The Chhavi Dance N Fitness Studio,5.0,(1),30.698887,76.755258,Educational Institute,Dance School
Rockstar Academy dance classes chandigarh,4.4,(32),30.710314,76.758374,Educational Institute,Dance School
DANCE ACADEMY CHANDIGARH sector 45,4.0,(2),30.707475,76.757704,Educational Institute,Dance School
Dance fitness studio,5.0,(20),30.708942,76.761272,Educational Institute,Dance School
Prince Dance Zone - Dance & Fitness Classes | Wedding Choreographers,5.0,(22),30.704908,76.758374,Educational Institute,Dance School
The Karma Dance Studio,5.0,(64),30.700386,76.768071,Educational Institute,Dance School
Rockstar Academy dance classes chandigarh,4.4,(32),30.710314,76.758374,Educational Institute,Dance School
DANCE ACADEMY CHANDIGARH sector 45,4.0,(2),30.707475,76.757704,Educational Institute,Dance School
Dance fitness studio,5.0,(20),30.708942,76.761272,Educational Institute,Dance School
Groove You Dance Studio by Pankaj Thakur,4.7,(10),30.718411,76.754999,Educational Institute,Dance School
Gurukul Kathak Academy,4.9,(50),30.713392,76.753093,Educational Institute,Dance School
Rock 'n' Roll Dance Modeling Acting Academy Chandigarh,5.0,(63),30.726715,76.757787,Educational Institute,Dance School
Groove You Dance Studio by Pankaj Thakur,4.7,(10),30.718411,76.754999,Educational Institute,Dance School
Pracheen Kala Kendra,4.3,(371),30.723564,76.762616,Educational Institute,Dance School
"English Reading, Grammar ,theatrebykidsandexpressions",4.9,(78),30.721548,76.754195,Educational Institute,Dance School
Rock 'n' Roll Dance Modeling Acting Academy Chandigarh,5.0,(63),30.726715,76.757787,Educational Institute,Dance School
Dance In Paradise,4.9,(30),30.735943,76.736495,Educational Institute,Dance School
Chandigarh Dance Academy,4.6,(71),30.747727,76.746838,Educational Institute,Dance School
Show Stoppers Dance Academy,4.5,(31),30.738388,76.745476,Educational Institute,Dance School
Studio Born To Dance,4.8,(16),30.731659,76.733955,Educational Institute,Dance School
Dance Classes in Chandigarh - The Perfect Artist Studio,5.0,(2),30.740267,76.742886,Educational Institute,Dance School
Urban Dance Studio,5.0,(6),30.682739,76.761036,Educational Institute,Dance School
The Karma Dance Studio,5.0,(64),30.700386,76.768071,Educational Institute,Dance School
Step2Step Dance Studio | Best dance and fitness classes in Mohali,4.6,(195),30.686179,76.738938,Educational Institute,Dance School
Freedom2dance Studio,4.9,(234),30.708998,76.774325,Educational Institute,Dance School
Aryans Dance Factory,5.0,(11),30.703983,76.766575,Educational Institute,Dance School
Prince Dance Zone - Dance & Fitness Classes | Wedding Choreographers,5.0,(22),30.704908,76.758374,Educational Institute,Dance School
Freedom2dance Studio,4.9,(234),30.708998,76.774325,Educational Institute,Dance School
Rockstar Academy dance classes chandigarh,4.4,(32),30.710314,76.758374,Educational Institute,Dance School
The Karma Dance Studio,5.0,(64),30.700386,76.768071,Educational Institute,Dance School
DANCE ACADEMY CHANDIGARH sector 45,4.0,(2),30.707475,76.757704,Educational Institute,Dance School
Dance fitness studio,5.0,(20),30.708942,76.761272,Educational Institute,Dance School
Freedom2dance Studio,4.9,(234),30.708998,76.774325,Educational Institute,Dance School
Rockstar Academy dance classes chandigarh,4.4,(32),30.710314,76.758374,Educational Institute,Dance School
DANCE ACADEMY CHANDIGARH sector 45,4.0,(2),30.707475,76.757704,Educational Institute,Dance School
Dance fitness studio,5.0,(20),30.708942,76.761272,Educational Institute,Dance School
Groove You Dance Studio by Pankaj Thakur,4.7,(10),30.718411,76.754999,Educational Institute,Dance School
PDA Dance Academy,5.0,(76),30.729011,76.771928,Educational Institute,Dance School
Rock 'n' Roll Dance Modeling Acting Academy Chandigarh,5.0,(63),30.726715,76.757787,Educational Institute,Dance School
The Danza Land 34 - Dance Classes in Chandigarh,4.9,(12),30.723329,76.769216,Educational Institute,Dance School
Groove You Dance Studio by Pankaj Thakur,4.7,(10),30.718411,76.754999,Educational Institute,Dance School
R13 Bhangra Academy,5.0,(22),30.725917,76.772402,Educational Institute,Dance School
PDA Dance Academy,5.0,(76),30.729011,76.771928,Educational Institute,Dance School
Rock 'n' Roll Dance Modeling Acting Academy Chandigarh,5.0,(63),30.726715,76.757787,Educational Institute,Dance School
DanceOPedia22,4.9,(89),30.732814,76.776211,Educational Institute,Dance School
The Dance Unity - Dance & Fitness Classes | Wedding Choreographers,4.9,(102),30.725908,76.777027,Educational Institute,Dance School
The Danza Land 34 - Dance Classes in Chandigarh,4.9,(12),30.723329,76.769216,Educational Institute,Dance School
Dance and Aerobics For Girls & Ladies,5.0,(58),30.742109,76.753198,Educational Institute,Dance School
Swami Ram Tirtha Cultural Centre & Memorial Society Regd.,4.8,(25),30.740178,76.757908,Educational Institute,Dance School
Bhangra Loverz Academy,5.0,(7),30.736932,76.752441,Educational Institute,Dance School
Yogabhyasa Studio || Taekwondo & General / Advance Yogasana Classes,5.0,(185),30.740217,76.757777,Educational Institute,Dance School
Urban Dance Studio,5.0,(6),30.682739,76.761036,Educational Institute,Dance School
DANCE ACADEMY CHANDIGARH sector 45,4.0,(2),30.707475,76.757704,Educational Institute,Dance School
The Karma Dance Studio,5.0,(64),30.700386,76.768071,Educational Institute,Dance School
Prince Dance Zone - Dance & Fitness Classes | Wedding Choreographers,5.0,(22),30.704908,76.758374,Educational Institute,Dance School
Aryans Dance Factory,5.0,(11),30.703983,76.766575,Educational Institute,Dance School
The Chhavi Dance N Fitness Studio,5.0,(1),30.698887,76.755258,Educational Institute,Dance School
Freedom2dance Studio,4.9,(234),30.708998,76.774325,Educational Institute,Dance School
Rockstar Academy dance classes chandigarh,4.4,(32),30.710314,76.758374,Educational Institute,Dance School
The Karma Dance Studio,5.0,(64),30.700386,76.768071,Educational Institute,Dance School
DANCE ACADEMY CHANDIGARH sector 45,4.0,(2),30.707475,76.757704,Educational Institute,Dance School
Dance fitness studio,5.0,(20),30.708942,76.761272,Educational Institute,Dance School
Freedom2dance Studio,4.9,(234),30.708998,76.774325,Educational Institute,Dance School
Rockstar Academy dance classes chandigarh,4.4,(32),30.710314,76.758374,Educational Institute,Dance School
DANCE ACADEMY CHANDIGARH sector 45,4.0,(2),30.707475,76.757704,Educational Institute,Dance School
Dance fitness studio,5.0,(20),30.708942,76.761272,Educational Institute,Dance School
Groove You Dance Studio by Pankaj Thakur,4.7,(10),30.718411,76.754999,Educational Institute,Dance School
PDA Dance Academy,5.0,(76),30.729011,76.771928,Educational Institute,Dance School
The Dance Unity - Dance & Fitness Classes | Wedding Choreographers,4.9,(102),30.725908,76.777027,Educational Institute,Dance School
Rock 'n' Roll Dance Modeling Acting Academy Chandigarh,5.0,(63),30.726715,76.757787,Educational Institute,Dance School
The Danza Land 34 - Dance Classes in Chandigarh,4.9,(12),30.723329,76.769216,Educational Institute,Dance School
R13 Bhangra Academy,5.0,(22),30.725917,76.772402,Educational Institute,Dance School
PDA Dance Academy,5.0,(76),30.729011,76.771928,Educational Institute,Dance School
The Dance Unity - Dance & Fitness Classes | Wedding Choreographers,4.9,(102),30.725908,76.777027,Educational Institute,Dance School
DanceOPedia22,4.9,(89),30.732814,76.776211,Educational Institute,Dance School
Rock 'n' Roll Dance Modeling Acting Academy Chandigarh,5.0,(63),30.726715,76.757787,Educational Institute,Dance School
R13 Bhangra Academy,5.0,(22),30.725917,76.772402,Educational Institute,Dance School
Swami Ram Tirtha Cultural Centre & Memorial Society Regd.,4.8,(25),30.740178,76.757908,Educational Institute,Dance School
Yogabhyasa Studio || Taekwondo & General / Advance Yogasana Classes,5.0,(185),30.740217,76.757777,Educational Institute,Dance School
Bal Bhawan,4.1,(517),30.741229,76.771226,Educational Institute,Dance School
