ARMAAN DRIVING SCHOOL( Govt. Registered),4.9,(96),30.687953,76.737507,Educational Institute,Driving School
Dhillon Driving School Mohali,4.4,(115),30.681864,76.744322,Educational Institute,Driving School
Forever Driving School,4.8,(554),30.680822,76.74535,Educational Institute,Driving School
Janta Driving School Chandigarh,4.5,(286),30.684063,76.754184,Educational Institute,Driving School
Driving School Mohali,5.0,(784),30.685629,76.721439,Educational Institute,Driving School
Singh Driving School-Best Driving School mohali & Chandigarh,4.9,"(1,266)",30.704018,76.729639,Educational Institute,Driving School
Expert Driving School (Govt.Registered) (CHANDIGARH),4.8,(751),30.70585,76.761923,Educational Institute,Driving School
Perfect Driving School(CHANDIGARH),4.9,(387),30.700635,76.765804,Educational Institute,Driving School
Azad Driving School (Govt.Registered),4.7,"(1,384)",30.700348,76.765416,Educational Institute,Driving School
ARMAAN DRIVING SCHOOL(govt. register),4.8,(459),30.697882,76.766969,Educational Institute,Driving School
Singh Driving School-Best Driving School mohali & Chandigarh,4.9,"(1,266)",30.704018,76.729639,Educational Institute,Driving School
Expert Driving School (Govt.Registered) (CHANDIGARH),4.8,(751),30.70585,76.761923,Educational Institute,Driving School
Perfect Driving School(CHANDIGARH),4.9,(387),30.700635,76.765804,Educational Institute,Driving School
Azad Driving School (Govt.Registered),4.7,"(1,384)",30.700348,76.765416,Educational Institute,Driving School
ARMAAN DRIVING SCHOOL(govt. register),4.8,(459),30.697882,76.766969,Educational Institute,Driving School
Lucky Driving School Chandigarh,4.7,(119),30.711397,76.752659,Educational Institute,Driving School
DHANOA DRIVING,4.8,(61),30.714496,76.752099,Educational Institute,Driving School
Singh Driving School-Best Driving School mohali & Chandigarh,4.9,"(1,266)",30.704018,76.729639,Educational Institute,Driving School
Expert Driving School (Govt.Registered) (CHANDIGARH),4.8,(751),30.70585,76.761923,Educational Institute,Driving School
Zimindara Driving School,4.4,(67),30.714503,76.752093,Educational Institute,Driving School
Capital Driving School,4.9,(269),30.738666,76.740976,Educational Institute,Driving School
Singh Driving School ( Govt.Registered),4.9,(631),30.735349,76.735965,Educational Institute,Driving School
JEET DRIVING SCHOOL,5.0,(141),30.738543,76.740926,Educational Institute,Driving School
newkhalsadrivingschool ( Govt. Registered ),5.0,(81),30.731366,76.737863,Educational Institute,Driving School
Dashmesh Driving School,4.4,(528),30.737362,76.766218,Educational Institute,Driving School
Capital Driving School,4.9,(269),30.738666,76.740976,Educational Institute,Driving School
Singh Driving School ( Govt.Registered),4.9,(631),30.735349,76.735965,Educational Institute,Driving School
JEET DRIVING SCHOOL,5.0,(141),30.738543,76.740926,Educational Institute,Driving School
Dashmesh Driving School - Car Driving School,4.7,(214),30.732111,76.741091,Educational Institute,Driving School
newkhalsadrivingschool ( Govt. Registered ),5.0,(81),30.731366,76.737863,Educational Institute,Driving School
ARMAAN DRIVING SCHOOL( Govt. Registered),4.9,(96),30.687953,76.737507,Educational Institute,Driving School
Dhillon Driving School Mohali,4.4,(115),30.681864,76.744322,Educational Institute,Driving School
Forever Driving School,4.8,(554),30.680822,76.74535,Educational Institute,Driving School
Janta Driving School Chandigarh,4.5,(286),30.684063,76.754184,Educational Institute,Driving School
Shivam Driving School (Govt. Registered),4.8,(181),30.696337,76.762132,Educational Institute,Driving School
Perfect Driving School(CHANDIGARH),4.9,(387),30.700635,76.765804,Educational Institute,Driving School
Azad Driving School (Govt.Registered),4.7,"(1,384)",30.700348,76.765416,Educational Institute,Driving School
Shivam Driving School (Govt. Registered),4.8,(181),30.696337,76.762132,Educational Institute,Driving School
Singh Driving School-Best Driving School mohali & Chandigarh,4.9,"(1,266)",30.704018,76.729639,Educational Institute,Driving School
ARMAAN DRIVING SCHOOL( Govt. Registered),4.9,(96),30.687953,76.737507,Educational Institute,Driving School
Expert Driving School (Govt.Registered) (CHANDIGARH),4.8,(751),30.70585,76.761923,Educational Institute,Driving School
Perfect Driving School(CHANDIGARH),4.9,(387),30.700635,76.765804,Educational Institute,Driving School
Azad Driving School (Govt.Registered),4.7,"(1,384)",30.700348,76.765416,Educational Institute,Driving School
Lucky Driving School Chandigarh,4.7,(119),30.711397,76.752659,Educational Institute,Driving School
Singh Driving School-Best Driving School mohali & Chandigarh,4.9,"(1,266)",30.704018,76.729639,Educational Institute,Driving School
Lucky Driving School Chandigarh,4.7,(119),30.711397,76.752659,Educational Institute,Driving School
Expert Driving School (Govt.Registered) (CHANDIGARH),4.8,(751),30.70585,76.761923,Educational Institute,Driving School
DHANOA DRIVING,4.8,(61),30.714496,76.752099,Educational Institute,Driving School
Easy Driving School,5.0,(43),30.719187,76.765762,Educational Institute,Driving School
Singh Driving School-Best Driving School mohali & Chandigarh,4.9,"(1,266)",30.704018,76.729639,Educational Institute,Driving School
Lucky Driving School Chandigarh,4.7,(119),30.711397,76.752659,Educational Institute,Driving School
newkhalsadrivingschool ( Govt. Registered ),5.0,(81),30.731366,76.737863,Educational Institute,Driving School
Azad Driving School (Govt.Registered),4.8,(114),30.721936,76.76822,Educational Institute,Driving School
Easy Driving School,5.0,(43),30.719187,76.765762,Educational Institute,Driving School
Dashmesh Driving School - Car Driving School,4.7,(214),30.732111,76.741091,Educational Institute,Driving School
Sandhu Driving School,2.8,(6),30.735917,76.762409,Educational Institute,Driving School
Inara By Ginni Mander,5.0,(7),30.730879,76.758731,Educational Institute,Driving School
Capital Driving School,4.9,(269),30.738666,76.740976,Educational Institute,Driving School
Singh Driving School ( Govt.Registered),4.9,(631),30.735349,76.735965,Educational Institute,Driving School
JEET DRIVING SCHOOL,5.0,(141),30.738543,76.740926,Educational Institute,Driving School
Dashmesh Driving School - Car Driving School,4.7,(214),30.732111,76.741091,Educational Institute,Driving School
Dashmesh Driving School,4.4,(528),30.737362,76.766218,Educational Institute,Driving School
Forever Driving School,4.8,(554),30.680822,76.74535,Educational Institute,Driving School
Dhillon Driving School Mohali,4.4,(115),30.681864,76.744322,Educational Institute,Driving School
ARMAAN DRIVING SCHOOL(govt. register),4.8,(459),30.697882,76.766969,Educational Institute,Driving School
Shivam Driving School (Govt. Registered),4.8,(181),30.696337,76.762132,Educational Institute,Driving School
Expert Driving School( Govt. Registered),4.4,(80),30.678287,76.747528,Educational Institute,Driving School
Perfect Driving School(CHANDIGARH),4.9,(387),30.700635,76.765804,Educational Institute,Driving School
Azad Driving School (Govt.Registered),4.7,"(1,384)",30.700348,76.765416,Educational Institute,Driving School
Shivam Driving School (Govt. Registered),4.8,(181),30.696337,76.762132,Educational Institute,Driving School
ARMAAN DRIVING SCHOOL(govt. register),4.8,(459),30.697882,76.766969,Educational Institute,Driving School
ARMAAN DRIVING SCHOOL( Govt. Registered),4.9,(96),30.687953,76.737507,Educational Institute,Driving School
Perfect Driving School(CHANDIGARH),4.9,(387),30.700635,76.765804,Educational Institute,Driving School
Expert Driving School (Govt.Registered) (CHANDIGARH),4.8,(751),30.70585,76.761923,Educational Institute,Driving School
Azad Driving School (Govt.Registered),4.7,"(1,384)",30.700348,76.765416,Educational Institute,Driving School
Lucky Driving School Chandigarh,4.7,(119),30.711397,76.752659,Educational Institute,Driving School
Janta driving school (Chandigarh),4.8,(78),30.703869,76.760331,Educational Institute,Driving School
Lucky Driving School Chandigarh,4.7,(119),30.711397,76.752659,Educational Institute,Driving School
Expert Driving School (Govt.Registered) (CHANDIGARH),4.8,(751),30.70585,76.761923,Educational Institute,Driving School
DHANOA DRIVING,4.8,(61),30.714496,76.752099,Educational Institute,Driving School
Preet Driving School,4.3,(54),30.708415,76.771838,Educational Institute,Driving School
Easy Driving School,5.0,(43),30.719187,76.765762,Educational Institute,Driving School
Easy Driving School,5.0,(43),30.719187,76.765762,Educational Institute,Driving School
Azad Driving School (Govt.Registered),4.8,(114),30.721936,76.76822,Educational Institute,Driving School
DHANOA DRIVING,4.8,(61),30.714496,76.752099,Educational Institute,Driving School
ARMAAN DRIVING SCHOOL,5.0,(7),30.723658,76.766864,Educational Institute,Driving School
newkhalsadrivingschool ( Govt. Registered ),5.0,(81),30.731366,76.737863,Educational Institute,Driving School
Sardar Bal Driving School,5.0,(5),30.735855,76.764671,Educational Institute,Driving School
Sandhu Driving School,2.8,(6),30.735917,76.762409,Educational Institute,Driving School
Inara By Ginni Mander,5.0,(7),30.730879,76.758731,Educational Institute,Driving School
Capital Driving School,4.9,(269),30.738666,76.740976,Educational Institute,Driving School
JEET DRIVING SCHOOL,5.0,(141),30.738543,76.740926,Educational Institute,Driving School
Dashmesh Driving School,4.4,(528),30.737362,76.766218,Educational Institute,Driving School
Singh Driving School ( Govt.Registered),4.9,(631),30.735349,76.735965,Educational Institute,Driving School
Dashmesh Driving School - Car Driving School,4.7,(214),30.732111,76.741091,Educational Institute,Driving School
ARMAAN DRIVING SCHOOL(govt. register),4.8,(459),30.697882,76.766969,Educational Institute,Driving School
Shivam Driving School (Govt. Registered),4.8,(181),30.696337,76.762132,Educational Institute,Driving School
Expert Driving School( Govt. Registered),4.4,(80),30.678287,76.747528,Educational Institute,Driving School
Janta Driving School Chandigarh,4.5,(286),30.684063,76.754184,Educational Institute,Driving School
Bombay Driving School,5.0,(10),30.696309,76.785563,Educational Institute,Driving School
Perfect Driving School(CHANDIGARH),4.9,(387),30.700635,76.765804,Educational Institute,Driving School
Azad Driving School (Govt.Registered),4.7,"(1,384)",30.700348,76.765416,Educational Institute,Driving School
Shivam Driving School (Govt. Registered),4.8,(181),30.696337,76.762132,Educational Institute,Driving School
ARMAAN DRIVING SCHOOL(govt. register),4.8,(459),30.697882,76.766969,Educational Institute,Driving School
Expert Driving School (Govt.Registered) (CHANDIGARH),4.8,(751),30.70585,76.761923,Educational Institute,Driving School
Perfect Driving School(CHANDIGARH),4.9,(387),30.700635,76.765804,Educational Institute,Driving School
Expert Driving School (Govt.Registered) (CHANDIGARH),4.8,(751),30.70585,76.761923,Educational Institute,Driving School
Azad Driving School (Govt.Registered),4.7,"(1,384)",30.700348,76.765416,Educational Institute,Driving School
Samrat Driving School,4.6,(165),30.709279,76.77424,Educational Institute,Driving School
Lucky Driving School Chandigarh,4.7,(119),30.711397,76.752659,Educational Institute,Driving School
Samrat Driving School,4.6,(165),30.709279,76.77424,Educational Institute,Driving School
Lucky Driving School Chandigarh,4.7,(119),30.711397,76.752659,Educational Institute,Driving School
Expert Driving School (Govt.Registered) (CHANDIGARH),4.8,(751),30.70585,76.761923,Educational Institute,Driving School
Preet Driving School,4.3,(54),30.708415,76.771838,Educational Institute,Driving School
DHANOA DRIVING,4.8,(61),30.714496,76.752099,Educational Institute,Driving School
Easy Driving School,5.0,(43),30.719187,76.765762,Educational Institute,Driving School
Azad Driving School (Govt.Registered),4.8,(114),30.721936,76.76822,Educational Institute,Driving School
DHANOA DRIVING,4.8,(61),30.714496,76.752099,Educational Institute,Driving School
ARMAAN DRIVING SCHOOL,5.0,(7),30.723658,76.766864,Educational Institute,Driving School
Zimindara Driving School,4.4,(67),30.714503,76.752093,Educational Institute,Driving School
Dashmesh Driving School,4.4,(528),30.737362,76.766218,Educational Institute,Driving School
Capital Driving School,4.9,(269),30.738666,76.740976,Educational Institute,Driving School
Mehra driving school chandigarh,4.9,(62),30.732446,76.771562,Educational Institute,Driving School
Sardar Bal Driving School,5.0,(5),30.735855,76.764671,Educational Institute,Driving School
Dashmesh Driving School - Car Driving School,4.7,(214),30.732111,76.741091,Educational Institute,Driving School
Dashmesh Driving School,4.4,(528),30.737362,76.766218,Educational Institute,Driving School
Capital Driving School,4.9,(269),30.738666,76.740976,Educational Institute,Driving School
Mehra driving school chandigarh,4.9,(62),30.732446,76.771562,Educational Institute,Driving School
New Sidhu Driving School,4.9,(109),30.748065,76.777473,Educational Institute,Driving School
Sardar Bal Driving School,5.0,(5),30.735855,76.764671,Educational Institute,Driving School
ARMAAN DRIVING SCHOOL( Govt. Registered),4.9,(96),30.687953,76.737507,Educational Institute,Driving School
Dhillon Driving School Mohali,4.4,(115),30.681864,76.744322,Educational Institute,Driving School
Forever Driving School,4.8,(554),30.680822,76.74535,Educational Institute,Driving School
Janta Driving School Chandigarh,4.5,(286),30.684063,76.754184,Educational Institute,Driving School
Driving School Mohali,5.0,(784),30.685629,76.721439,Educational Institute,Driving School
Singh Driving School-Best Driving School mohali & Chandigarh,4.9,"(1,266)",30.704018,76.729639,Educational Institute,Driving School
Expert Driving School (Govt.Registered) (CHANDIGARH),4.8,(751),30.70585,76.761923,Educational Institute,Driving School
Perfect Driving School(CHANDIGARH),4.9,(387),30.700635,76.765804,Educational Institute,Driving School
Azad Driving School (Govt.Registered),4.7,"(1,384)",30.700348,76.765416,Educational Institute,Driving School
ARMAAN DRIVING SCHOOL(govt. register),4.8,(459),30.697882,76.766969,Educational Institute,Driving School
Smart Driving School,N/A,N/A,30.70751,76.757543,Educational Institute,Driving School
Lucky Driving School Chandigarh,4.7,(119),30.711397,76.752659,Educational Institute,Driving School
DHANOA DRIVING,4.8,(61),30.714496,76.752099,Educational Institute,Driving School
Singh Driving School-Best Driving School mohali & Chandigarh,4.9,"(1,266)",30.704018,76.729639,Educational Institute,Driving School
Expert Driving School (Govt.Registered) (CHANDIGARH),4.8,(751),30.70585,76.761923,Educational Institute,Driving School
Zimindara Driving School,4.4,(67),30.714503,76.752093,Educational Institute,Driving School
Capital Driving School,4.9,(269),30.738666,76.740976,Educational Institute,Driving School
Singh Driving School ( Govt.Registered),4.9,(631),30.735349,76.735965,Educational Institute,Driving School
JEET DRIVING SCHOOL,5.0,(141),30.738543,76.740926,Educational Institute,Driving School
newkhalsadrivingschool ( Govt. Registered ),5.0,(81),30.731366,76.737863,Educational Institute,Driving School
Dashmesh Driving School,4.4,(528),30.737362,76.766218,Educational Institute,Driving School
Capital Driving School,4.9,(269),30.738666,76.740976,Educational Institute,Driving School
Singh Driving School ( Govt.Registered),4.9,(631),30.735349,76.735965,Educational Institute,Driving School
JEET DRIVING SCHOOL,5.0,(141),30.738543,76.740926,Educational Institute,Driving School
Dashmesh Driving School - Car Driving School,4.7,(214),30.732111,76.741091,Educational Institute,Driving School
newkhalsadrivingschool ( Govt. Registered ),5.0,(81),30.731366,76.737863,Educational Institute,Driving School
ARMAAN DRIVING SCHOOL( Govt. Registered),4.9,(96),30.687953,76.737507,Educational Institute,Driving School
Dhillon Driving School Mohali,4.4,(115),30.681864,76.744322,Educational Institute,Driving School
Forever Driving School,4.8,(554),30.680822,76.74535,Educational Institute,Driving School
Janta Driving School Chandigarh,4.5,(286),30.684063,76.754184,Educational Institute,Driving School
Shivam Driving School (Govt. Registered),4.8,(181),30.696337,76.762132,Educational Institute,Driving School
Perfect Driving School(CHANDIGARH),4.9,(387),30.700635,76.765804,Educational Institute,Driving School
Azad Driving School (Govt.Registered),4.7,"(1,384)",30.700348,76.765416,Educational Institute,Driving School
Shivam Driving School (Govt. Registered),4.8,(181),30.696337,76.762132,Educational Institute,Driving School
Singh Driving School-Best Driving School mohali & Chandigarh,4.9,"(1,266)",30.704018,76.729639,Educational Institute,Driving School
ARMAAN DRIVING SCHOOL( Govt. Registered),4.9,(96),30.687953,76.737507,Educational Institute,Driving School
Expert Driving School (Govt.Registered) (CHANDIGARH),4.8,(751),30.70585,76.761923,Educational Institute,Driving School
Perfect Driving School(CHANDIGARH),4.9,(387),30.700635,76.765804,Educational Institute,Driving School
Azad Driving School (Govt.Registered),4.7,"(1,384)",30.700348,76.765416,Educational Institute,Driving School
Lucky Driving School Chandigarh,4.7,(119),30.711397,76.752659,Educational Institute,Driving School
Singh Driving School-Best Driving School mohali & Chandigarh,4.9,"(1,266)",30.704018,76.729639,Educational Institute,Driving School
Lucky Driving School Chandigarh,4.7,(119),30.711397,76.752659,Educational Institute,Driving School
Expert Driving School (Govt.Registered) (CHANDIGARH),4.8,(751),30.70585,76.761923,Educational Institute,Driving School
DHANOA DRIVING,4.8,(61),30.714496,76.752099,Educational Institute,Driving School
Easy Driving School,5.0,(43),30.719187,76.765762,Educational Institute,Driving School
Singh Driving School-Best Driving School mohali & Chandigarh,4.9,"(1,266)",30.704018,76.729639,Educational Institute,Driving School
Lucky Driving School Chandigarh,4.7,(119),30.711397,76.752659,Educational Institute,Driving School
newkhalsadrivingschool ( Govt. Registered ),5.0,(81),30.731366,76.737863,Educational Institute,Driving School
Azad Driving School (Govt.Registered),4.8,(114),30.721936,76.76822,Educational Institute,Driving School
Easy Driving School,5.0,(43),30.719187,76.765762,Educational Institute,Driving School
Dashmesh Driving School - Car Driving School,4.7,(214),30.732111,76.741091,Educational Institute,Driving School
Sandhu Driving School,2.8,(6),30.735917,76.762409,Educational Institute,Driving School
Inara By Ginni Mander,5.0,(7),30.730879,76.758731,Educational Institute,Driving School
Capital Driving School,4.9,(269),30.738666,76.740976,Educational Institute,Driving School
Singh Driving School ( Govt.Registered),4.9,(631),30.735349,76.735965,Educational Institute,Driving School
JEET DRIVING SCHOOL,5.0,(141),30.738543,76.740926,Educational Institute,Driving School
Dashmesh Driving School - Car Driving School,4.7,(214),30.732111,76.741091,Educational Institute,Driving School
Dashmesh Driving School,4.4,(528),30.737362,76.766218,Educational Institute,Driving School
Janta Driving School Chandigarh,4.5,(286),30.684063,76.754184,Educational Institute,Driving School
FOREVER DRIVING SCHOOL,4.5,(4),30.688783,76.763634,Educational Institute,Driving School
Excellentdrivingschool,N/A,N/A,30.692012,76.749924,Educational Institute,Driving School
Perfect Driving School(CHANDIGARH),4.9,(387),30.700635,76.765804,Educational Institute,Driving School
Azad Driving School (Govt.Registered),4.7,"(1,384)",30.700348,76.765416,Educational Institute,Driving School
Shivam Driving School (Govt. Registered),4.8,(181),30.696337,76.762132,Educational Institute,Driving School
ARMAAN DRIVING SCHOOL(govt. register),4.8,(459),30.697882,76.766969,Educational Institute,Driving School
ARMAAN DRIVING SCHOOL( Govt. Registered),4.9,(96),30.687953,76.737507,Educational Institute,Driving School
Perfect Driving School(CHANDIGARH),4.9,(387),30.700635,76.765804,Educational Institute,Driving School
Expert Driving School (Govt.Registered) (CHANDIGARH),4.8,(751),30.70585,76.761923,Educational Institute,Driving School
Azad Driving School (Govt.Registered),4.7,"(1,384)",30.700348,76.765416,Educational Institute,Driving School
Lucky Driving School Chandigarh,4.7,(119),30.711397,76.752659,Educational Institute,Driving School
Janta driving school (Chandigarh),4.8,(78),30.703869,76.760331,Educational Institute,Driving School
Lucky Driving School Chandigarh,4.7,(119),30.711397,76.752659,Educational Institute,Driving School
Expert Driving School (Govt.Registered) (CHANDIGARH),4.8,(751),30.70585,76.761923,Educational Institute,Driving School
DHANOA DRIVING,4.8,(61),30.714496,76.752099,Educational Institute,Driving School
Preet Driving School,4.3,(54),30.708415,76.771838,Educational Institute,Driving School
Easy Driving School,5.0,(43),30.719187,76.765762,Educational Institute,Driving School
Easy Driving School,5.0,(43),30.719187,76.765762,Educational Institute,Driving School
Azad Driving School (Govt.Registered),4.8,(114),30.721936,76.76822,Educational Institute,Driving School
DHANOA DRIVING,4.8,(61),30.714496,76.752099,Educational Institute,Driving School
ARMAAN DRIVING SCHOOL,5.0,(7),30.723658,76.766864,Educational Institute,Driving School
newkhalsadrivingschool ( Govt. Registered ),5.0,(81),30.731366,76.737863,Educational Institute,Driving School
Capital Driving School,4.9,(269),30.738666,76.740976,Educational Institute,Driving School
JEET DRIVING SCHOOL,5.0,(141),30.738543,76.740926,Educational Institute,Driving School
Azad Driving School (Govt.Registered),4.8,(114),30.721936,76.76822,Educational Institute,Driving School
Dashmesh Driving School,4.4,(528),30.737362,76.766218,Educational Institute,Driving School
Easy Driving School,5.0,(43),30.719187,76.765762,Educational Institute,Driving School
Capital Driving School,4.9,(269),30.738666,76.740976,Educational Institute,Driving School
JEET DRIVING SCHOOL,5.0,(141),30.738543,76.740926,Educational Institute,Driving School
Dashmesh Driving School,4.4,(528),30.737362,76.766218,Educational Institute,Driving School
Singh Driving School ( Govt.Registered),4.9,(631),30.735349,76.735965,Educational Institute,Driving School
Dashmesh Driving School - Car Driving School,4.7,(214),30.732111,76.741091,Educational Institute,Driving School
FOREVER DRIVING SCHOOL,4.5,(4),30.688783,76.763634,Educational Institute,Driving School
Perfect Driving School(CHANDIGARH),4.9,(387),30.700635,76.765804,Educational Institute,Driving School
Azad Driving School (Govt.Registered),4.7,"(1,384)",30.700348,76.765416,Educational Institute,Driving School
Shivam Driving School (Govt. Registered),4.8,(181),30.696337,76.762132,Educational Institute,Driving School
ARMAAN DRIVING SCHOOL(govt. register),4.8,(459),30.697882,76.766969,Educational Institute,Driving School
Expert Driving School (Govt.Registered) (CHANDIGARH),4.8,(751),30.70585,76.761923,Educational Institute,Driving School
Perfect Driving School(CHANDIGARH),4.9,(387),30.700635,76.765804,Educational Institute,Driving School
Expert Driving School (Govt.Registered) (CHANDIGARH),4.8,(751),30.70585,76.761923,Educational Institute,Driving School
Azad Driving School (Govt.Registered),4.7,"(1,384)",30.700348,76.765416,Educational Institute,Driving School
Samrat Driving School,4.6,(165),30.709279,76.77424,Educational Institute,Driving School
Lucky Driving School Chandigarh,4.7,(119),30.711397,76.752659,Educational Institute,Driving School
Samrat Driving School,4.6,(165),30.709279,76.77424,Educational Institute,Driving School
Lucky Driving School Chandigarh,4.7,(119),30.711397,76.752659,Educational Institute,Driving School
Expert Driving School (Govt.Registered) (CHANDIGARH),4.8,(751),30.70585,76.761923,Educational Institute,Driving School
Preet Driving School,4.3,(54),30.708415,76.771838,Educational Institute,Driving School
DHANOA DRIVING,4.8,(61),30.714496,76.752099,Educational Institute,Driving School
Easy Driving School,5.0,(43),30.719187,76.765762,Educational Institute,Driving School
Azad Driving School (Govt.Registered),4.8,(114),30.721936,76.76822,Educational Institute,Driving School
DHANOA DRIVING,4.8,(61),30.714496,76.752099,Educational Institute,Driving School
ARMAAN DRIVING SCHOOL,5.0,(7),30.723658,76.766864,Educational Institute,Driving School
Zimindara Driving School,4.4,(67),30.714503,76.752093,Educational Institute,Driving School
Dashmesh Driving School,4.4,(528),30.737362,76.766218,Educational Institute,Driving School
Capital Driving School,4.9,(269),30.738666,76.740976,Educational Institute,Driving School
Mehra driving school chandigarh,4.9,(62),30.732446,76.771562,Educational Institute,Driving School
Sardar Bal Driving School,5.0,(5),30.735855,76.764671,Educational Institute,Driving School
Dashmesh Driving School - Car Driving School,4.7,(214),30.732111,76.741091,Educational Institute,Driving School
Dashmesh Driving School,4.4,(528),30.737362,76.766218,Educational Institute,Driving School
Capital Driving School,4.9,(269),30.738666,76.740976,Educational Institute,Driving School
Mehra driving school chandigarh,4.9,(62),30.732446,76.771562,Educational Institute,Driving School
New Sidhu Driving School,4.9,(109),30.748065,76.777473,Educational Institute,Driving School
Sardar Bal Driving School,5.0,(5),30.735855,76.764671,Educational Institute,Driving School
