GD Goenka Public School,4.6,(13),30.687767,76.715867,Educational Institute,School
"Saupin's School, Mohali",4.7,(86),30.693812,76.713166,Educational Institute,School
EKJOT PUBLIC SCHOOL,4.2,(14),30.70091,76.712049,Educational Institute,School
Genius Public School,4.0,(40),30.695402,76.722403,Educational Institute,School
Learning Paths School,4.3,(180),30.6802,76.728955,Educational Institute,School
GD Goenka Public School,4.6,(13),30.687767,76.715867,Educational Institute,School
Government Elementary School,4.8,(6),N/A,N/A,Educational Institute,School
Smart Wonders School,4.8,(975),30.703753,76.704991,Educational Institute,School
EKJOT PUBLIC SCHOOL,4.2,(14),30.70091,76.712049,Educational Institute,School
"Saupin's School, Mohali",4.7,(86),30.693812,76.713166,Educational Institute,School
Lawerance Public Senior Secondary School,4.1,(184),30.702111,76.738604,Educational Institute,School
Yadavindra Public School,4.2,(262),30.702853,76.737495,Educational Institute,School
Government Senior Secondary School,4.1,(109),30.709138,76.756796,Educational Institute,School
Chandigarh Baptist Senior Secondary School,4.7,(308),30.706952,76.752949,Educational Institute,School
Xavier's Senior Secondary School,4.2,(325),30.708984,76.75126,Educational Institute,School
Divya Public School,4.6,(65),30.712784,76.751512,Educational Institute,School
Government Senior Secondary School,4.1,(109),30.709138,76.756796,Educational Institute,School
Xavier's Senior Secondary School,4.2,(325),30.708984,76.75126,Educational Institute,School
St Joseph's Senior Secondary School,3.8,(380),30.71204,76.750468,Educational Institute,School
Govt. Model Sr. Sec. School,4.3,(3),30.713987,76.757328,Educational Institute,School
Star Public School,4.4,(15),30.715751,76.736995,Educational Institute,School
Gem Public School,4.5,(99),30.7105,76.719945,Educational Institute,School
The Millennium School,4.0,(139),30.715353,76.713296,Educational Institute,School
Ajit Karam Singh International Public School,4.4,(157),30.710415,76.758371,Educational Institute,School
Divya Public School,4.6,(65),30.712784,76.751512,Educational Institute,School
Vijay Public School,3.8,(13),30.720242,76.708267,Educational Institute,School
"Sherwood Convent School Phase 4, sector 59, Mohali",4.2,(42),30.718318,76.717416,Educational Institute,School
Gemini Public School,4.4,(5),30.71949,76.705825,Educational Institute,School
Government Model Senior Secondary School,4.4,(182),30.725116,76.756632,Educational Institute,School
Vidya Niketan School Phase 1 Mohali,4.3,(20),30.72946,76.71455,Educational Institute,School
Sri Guru Harkrishan Model School,4.3,(120),30.743539,76.740811,Educational Institute,School
Stepping Stones Senior Secondary School,4.0,(130),30.738329,76.745495,Educational Institute,School
S.D. SAINI PUBLIC SCHOOL,4.1,(37),30.741281,76.742794,Educational Institute,School
Bal Niketan Model Sr. Sec. School,2.4,(162),30.742179,76.75163,Educational Institute,School
Playway Smart School,4.4,(38),30.741321,76.751456,Educational Institute,School
GD Goenka Public School,4.6,(13),30.687767,76.715867,Educational Institute,School
EKJOT PUBLIC SCHOOL,4.2,(14),30.70091,76.712049,Educational Institute,School
"Saupin's School, Mohali",4.7,(86),30.693812,76.713166,Educational Institute,School
Learning Paths School,4.3,(180),30.6802,76.728955,Educational Institute,School
Shemrock School,4.0,(162),30.693248,76.718877,Educational Institute,School
GD Goenka Public School,4.6,(13),30.687767,76.715867,Educational Institute,School
Government Elementary School,4.8,(6),N/A,N/A,Educational Institute,School
EKJOT PUBLIC SCHOOL,4.2,(14),30.70091,76.712049,Educational Institute,School
"Saupin's School, Mohali",4.7,(86),30.693812,76.713166,Educational Institute,School
Small Wonder School,4.9,(613),30.705573,76.721823,Educational Institute,School
Ajit Karam Singh International Public School,4.4,(157),30.710415,76.758371,Educational Institute,School
Xavier's Senior Secondary School,4.2,(325),30.708984,76.75126,Educational Institute,School
Government Model Senior Secondary School,4.1,(132),30.701527,76.761454,Educational Institute,School
Chandigarh Baptist Senior Secondary School,4.7,(308),30.706952,76.752949,Educational Institute,School
Government Middle School,4.0,(10),30.70248,76.760884,Educational Institute,School
Government Elementary School,4.8,(6),N/A,N/A,Educational Institute,School
Star Public School,4.4,(15),30.715751,76.736995,Educational Institute,School
Gem Public School,4.5,(99),30.7105,76.719945,Educational Institute,School
EKJOT PUBLIC SCHOOL,4.2,(14),30.70091,76.712049,Educational Institute,School
Small Wonder School,4.9,(613),30.705573,76.721823,Educational Institute,School
Government Model Senior Secondary School,4.4,(182),30.725116,76.756632,Educational Institute,School
Shishu Niketan Public School,3.5,(188),30.723239,76.750717,Educational Institute,School
Government Model High School,4.4,(58),30.717854,76.763355,Educational Institute,School
Sri Guru Gobind Singh Public School,3.8,(78),30.726921,76.762851,Educational Institute,School
Government Model High School,4.1,(46),30.721473,76.750618,Educational Institute,School
Government Model Senior Secondary School,4.4,(182),30.725116,76.756632,Educational Institute,School
"Guru Nanak Public School,Sector 36-D, Chandigarh",4.3,(255),30.732705,76.753082,Educational Institute,School
AKSIPS,4.1,(175),30.73149,76.743606,Educational Institute,School
Sri Guru Gobind Singh Public School,3.8,(78),30.726921,76.762851,Educational Institute,School
Government Model High School,4.3,(32),30.726677,76.746438,Educational Institute,School
Vidya Niketan School Phase 1 Mohali,4.3,(20),30.72946,76.71455,Educational Institute,School
Vivek High School,4.2,(287),30.745412,76.748438,Educational Institute,School
GHS Sector 54 Chandigarh,4.0,(23),30.727968,76.729666,Educational Institute,School
Sri Guru Harkrishan Model School,4.3,(120),30.743539,76.740811,Educational Institute,School
Govt Primary and High School,4.0,(7),30.736285,76.714586,Educational Institute,School
GD Goenka Public School,4.6,(13),30.687767,76.715867,Educational Institute,School
Learning Paths School,4.3,(180),30.6802,76.728955,Educational Institute,School
Shemrock School,4.0,(162),30.693248,76.718877,Educational Institute,School
"Banyan Tree School, Chandigarh | Best School in Chandigarh",4.3,(200),30.689737,76.761179,Educational Institute,School
Government Model High School,4.2,(16),30.699367,76.777853,Educational Institute,School
Green Castle Smart School,4.0,(24),30.692909,76.767027,Educational Institute,School
St. Mary's School,4.0,(255),30.702296,76.766932,Educational Institute,School
Government Model Senior Secondary School,4.1,(132),30.701527,76.761454,Educational Institute,School
Kundan International School | Best CBSE School in Chandigarh,4.3,(149),30.700518,76.767508,Educational Institute,School
Bachpan Pre Primary Air Force School,4.9,(12),30.695294,76.768567,Educational Institute,School
Government Elementary School,4.8,(6),N/A,N/A,Educational Institute,School
Star Public School,4.4,(15),30.715751,76.736995,Educational Institute,School
Gem Public School,4.5,(99),30.7105,76.719945,Educational Institute,School
Small Wonder School,4.9,(613),30.705573,76.721823,Educational Institute,School
Shemrock School,4.0,(162),30.693248,76.718877,Educational Institute,School
Divya Public School,4.6,(65),30.712784,76.751512,Educational Institute,School
Ajit Karam Singh International Public School,4.4,(157),30.710415,76.758371,Educational Institute,School
St. Stephen's School,4.5,(442),30.708394,76.76589,Educational Institute,School
Xavier's Senior Secondary School,4.2,(325),30.708984,76.75126,Educational Institute,School
Government Model High School,4.4,(58),30.717854,76.763355,Educational Institute,School
Star Public School,4.4,(15),30.715751,76.736995,Educational Institute,School
Gem Public School,4.5,(99),30.7105,76.719945,Educational Institute,School
Saupin's School,4.3,(232),30.711428,76.776795,Educational Institute,School
Ajit Karam Singh International Public School,4.4,(157),30.710415,76.758371,Educational Institute,School
Divya Public School,4.6,(65),30.712784,76.751512,Educational Institute,School
Government Model Senior Secondary School,4.4,(182),30.725116,76.756632,Educational Institute,School
"Guru Nanak Public School,Sector 36-D, Chandigarh",4.3,(255),30.732705,76.753082,Educational Institute,School
Sri Guru Gobind Singh Public School,3.8,(78),30.726921,76.762851,Educational Institute,School
Government Model High School,4.3,(39),30.730857,76.768342,Educational Institute,School
Government Model High School,4.1,(33),30.727834,76.757775,Educational Institute,School
Vivek High School,4.2,(287),30.745412,76.748438,Educational Institute,School
GHS Sector 54 Chandigarh,4.0,(23),30.727968,76.729666,Educational Institute,School
Sri Guru Harkrishan Model School,4.3,(120),30.743539,76.740811,Educational Institute,School
Govt Model sr. sec school,4.4,(38),30.741389,76.727654,Educational Institute,School
Sharda public school,4.0,(2),30.731054,76.733414,Educational Institute,School
"Banyan Tree School, Chandigarh | Best School in Chandigarh",4.3,(200),30.689737,76.761179,Educational Institute,School
Heritage High Public School,4.2,(18),30.683079,76.763576,Educational Institute,School
Green Castle Smart School,4.0,(24),30.692909,76.767027,Educational Institute,School
Vriddhi School,5.0,(4),30.683314,76.760232,Educational Institute,School
Adarsh Bal Vidyapeeth,4.1,(36),30.693427,76.769752,Educational Institute,School
Green Castle Smart School,4.0,(24),30.692909,76.767027,Educational Institute,School
St. Mary's School,4.0,(255),30.702296,76.766932,Educational Institute,School
Kendriya Vidyalaya Sector-47 Secondary Section,4.3,(210),N/A,N/A,Educational Institute,School
Government Model Senior Secondary School,4.1,(132),30.701527,76.761454,Educational Institute,School
Kundan International School | Best CBSE School in Chandigarh,4.3,(149),30.700518,76.767508,Educational Institute,School
Star Public School,4.4,(15),30.715751,76.736995,Educational Institute,School
Saupin's School,4.3,(232),30.711428,76.776795,Educational Institute,School
Government Model High School,4.2,(16),30.699367,76.777853,Educational Institute,School
Ajit Karam Singh International Public School,4.4,(157),30.710415,76.758371,Educational Institute,School
Lawerance Public Senior Secondary School,4.1,(184),30.702111,76.738604,Educational Institute,School
Ajit Karam Singh International Public School,4.4,(157),30.710415,76.758371,Educational Institute,School
St. Stephen's School,4.5,(442),30.708394,76.76589,Educational Institute,School
Government Model High School,4.4,(58),30.717854,76.763355,Educational Institute,School
Government Model Senior Secondary School,4.1,(127),30.707909,76.770572,Educational Institute,School
Government Senior Secondary School,4.1,(109),30.709138,76.756796,Educational Institute,School
Star Public School,4.4,(15),30.715751,76.736995,Educational Institute,School
Adarsh Public (Smart) School,4.4,(58),30.723298,76.786196,Educational Institute,School
Saupin's School,4.3,(232),30.711428,76.776795,Educational Institute,School
Ajit Karam Singh International Public School,4.4,(157),30.710415,76.758371,Educational Institute,School
Divya Public School,4.6,(65),30.712784,76.751512,Educational Institute,School
Government Model Senior Secondary School,4.4,(182),30.725116,76.756632,Educational Institute,School
Manav Mangal High School,4.3,(138),30.725828,76.775605,Educational Institute,School
Doon Public School,3.8,(5),N/A,N/A,Educational Institute,School
Government Model High School,4.3,(39),30.730857,76.768342,Educational Institute,School
Learning Nest,4.8,(27),30.727448,76.771531,Educational Institute,School
Vivek High School,4.2,(287),30.745412,76.748438,Educational Institute,School
Sri Guru Harkrishan Model School,4.3,(120),30.743539,76.740811,Educational Institute,School
Govt Model sr. sec school,4.4,(38),30.741389,76.727654,Educational Institute,School
Sharda public school,4.0,(2),30.731054,76.733414,Educational Institute,School
Government Model High School,4.3,(32),30.726677,76.746438,Educational Institute,School
Government Middle School,4.6,(5),30.684477,76.73769,Educational Institute,School
Manav Mangal Smart School,4.4,(541),30.689922,76.746452,Educational Institute,School
"Govt.Model High School,sector 49D,Chandigarh",4.3,(31),30.692818,76.749636,Educational Institute,School
Woodsbury - the kindergarten village,4.9,(339),30.691023,76.743613,Educational Institute,School
Police Police Public school,4.5,(12),30.687242,76.753313,Educational Institute,School
EKJOT PUBLIC SCHOOL,4.2,(14),30.70091,76.712049,Educational Institute,School
Smart Wonders School,4.8,(975),30.703753,76.704991,Educational Institute,School
"Saupin's School, Mohali",4.7,(86),30.693812,76.713166,Educational Institute,School
Small Wonder School,4.9,(613),30.705573,76.721823,Educational Institute,School
Shemrock School,4.0,(162),30.693248,76.718877,Educational Institute,School
Lawerance Public Senior Secondary School,4.1,(184),30.702111,76.738604,Educational Institute,School
Yadavindra Public School,4.2,(262),30.702853,76.737495,Educational Institute,School
Xavier's Senior Secondary School,4.2,(325),30.708984,76.75126,Educational Institute,School
Chandigarh Baptist Senior Secondary School,4.7,(308),30.706952,76.752949,Educational Institute,School
Government Senior Secondary School,4.1,(109),30.709138,76.756796,Educational Institute,School
Star Public School,4.4,(15),30.715751,76.736995,Educational Institute,School
EKJOT PUBLIC SCHOOL,4.2,(14),30.70091,76.712049,Educational Institute,School
Smart Wonders School,4.8,(975),30.703753,76.704991,Educational Institute,School
Small Wonder School,4.9,(613),30.705573,76.721823,Educational Institute,School
The Millennium School,4.0,(139),30.715353,76.713296,Educational Institute,School
Government Model Senior Secondary School,4.4,(182),30.725116,76.756632,Educational Institute,School
Government Model High School,4.1,(46),30.721473,76.750618,Educational Institute,School
Kids R Kids School,4.4,(55),30.722206,76.741313,Educational Institute,School
Government Model High School,4.3,(32),30.726677,76.746438,Educational Institute,School
Government Model High School,4.1,(33),30.727834,76.757775,Educational Institute,School
Vijay Public School,3.8,(13),30.720242,76.708267,Educational Institute,School
"Sherwood Convent School Phase 4, sector 59, Mohali",4.2,(42),30.718318,76.717416,Educational Institute,School
Gemini Public School,4.4,(5),30.71949,76.705825,Educational Institute,School
Government Model Senior Secondary School,4.4,(182),30.725116,76.756632,Educational Institute,School
Vidya Niketan School Phase 1 Mohali,4.3,(20),30.72946,76.71455,Educational Institute,School
Sri Guru Harkrishan Model School,4.3,(120),30.743539,76.740811,Educational Institute,School
S.D. SAINI PUBLIC SCHOOL,4.1,(37),30.741281,76.742794,Educational Institute,School
Bal Niketan Model Sr. Sec. School,2.4,(162),30.742179,76.75163,Educational Institute,School
Playway Smart School,4.4,(38),30.741321,76.751456,Educational Institute,School
Stepping Stones Senior Secondary School,4.0,(130),30.738329,76.745495,Educational Institute,School
EKJOT PUBLIC SCHOOL,4.2,(14),30.70091,76.712049,Educational Institute,School
Learning Paths School,4.3,(180),30.6802,76.728955,Educational Institute,School
"Banyan Tree School, Chandigarh | Best School in Chandigarh",4.3,(200),30.689737,76.761179,Educational Institute,School
Shemrock School,4.0,(162),30.693248,76.718877,Educational Institute,School
"The British School, Sector 70, Mohali",4.3,(92),30.695988,76.714509,Educational Institute,School
"Govt.Model middle School,Sector 49d,Chandigarh",4.3,(7),30.694205,76.746828,Educational Institute,School
"Govt.Model High School,sector 49D,Chandigarh",4.3,(31),30.692818,76.749636,Educational Institute,School
Woodsbury - the kindergarten village,4.9,(339),30.691023,76.743613,Educational Institute,School
Government Model Senior Secondary School,4.1,(132),30.701527,76.761454,Educational Institute,School
Government High School,4.6,(15),30.697894,76.762628,Educational Institute,School
Star Public School,4.4,(15),30.715751,76.736995,Educational Institute,School
EKJOT PUBLIC SCHOOL,4.2,(14),30.70091,76.712049,Educational Institute,School
Shemrock School,4.0,(162),30.693248,76.718877,Educational Institute,School
Lawerance Public Senior Secondary School,4.1,(184),30.702111,76.738604,Educational Institute,School
Ajit Karam Singh International Public School,4.4,(157),30.710415,76.758371,Educational Institute,School
Ajit Karam Singh International Public School,4.4,(157),30.710415,76.758371,Educational Institute,School
Divya Public School,4.6,(65),30.712784,76.751512,Educational Institute,School
Xavier's Senior Secondary School,4.2,(325),30.708984,76.75126,Educational Institute,School
Government Model High School,4.4,(58),30.717854,76.763355,Educational Institute,School
Government Senior Secondary School,4.1,(109),30.709138,76.756796,Educational Institute,School
Government Model Senior Secondary School,4.4,(182),30.725116,76.756632,Educational Institute,School
Government Model High School,4.4,(58),30.717854,76.763355,Educational Institute,School
Government Model High School,4.1,(46),30.721473,76.750618,Educational Institute,School
Government Model High School,4.3,(32),30.726677,76.746438,Educational Institute,School
Government Model High School,4.1,(33),30.727834,76.757775,Educational Institute,School
Government Model Senior Secondary School,4.4,(182),30.725116,76.756632,Educational Institute,School
"Guru Nanak Public School,Sector 36-D, Chandigarh",4.3,(255),30.732705,76.753082,Educational Institute,School
AKSIPS,4.1,(175),30.73149,76.743606,Educational Institute,School
Government Model High School,4.3,(32),30.726677,76.746438,Educational Institute,School
Govt. Model High School,4.3,(137),30.735002,76.747504,Educational Institute,School
Vivek High School,4.2,(287),30.745412,76.748438,Educational Institute,School
Vidya Niketan School Phase 1 Mohali,4.3,(20),30.72946,76.71455,Educational Institute,School
Sri Guru Harkrishan Model School,4.3,(120),30.743539,76.740811,Educational Institute,School
Govt Primary and High School,4.0,(7),30.736285,76.714586,Educational Institute,School
Govt Model sr. sec school,4.4,(38),30.741389,76.727654,Educational Institute,School
"Banyan Tree School, Chandigarh | Best School in Chandigarh",4.3,(200),30.689737,76.761179,Educational Institute,School
Heritage High Public School,4.2,(18),30.683079,76.763576,Educational Institute,School
Green Castle Smart School,4.0,(24),30.692909,76.767027,Educational Institute,School
Police Police Public school,4.5,(12),30.687242,76.753313,Educational Institute,School
Government Model High School,4.2,(33),30.68805,76.753816,Educational Institute,School
"Banyan Tree School, Chandigarh | Best School in Chandigarh",4.3,(200),30.689737,76.761179,Educational Institute,School
Shemrock School,4.0,(162),30.693248,76.718877,Educational Institute,School
Lawerance Public Senior Secondary School,4.1,(184),30.702111,76.738604,Educational Institute,School
Government Elementary School,4.8,(6),N/A,N/A,Educational Institute,School
BMD Public School,4.0,(29),30.695188,76.740703,Educational Institute,School
Ajit Karam Singh International Public School,4.4,(157),30.710415,76.758371,Educational Institute,School
Ashiana Public School,4.3,(151),30.704588,76.767684,Educational Institute,School
St. Mary's School,4.0,(255),30.702296,76.766932,Educational Institute,School
Xavier's Senior Secondary School,4.2,(325),30.708984,76.75126,Educational Institute,School
Northridge International School,4.0,(22),30.704184,76.76669,Educational Institute,School
Star Public School,4.4,(15),30.715751,76.736995,Educational Institute,School
Lawerance Public Senior Secondary School,4.1,(184),30.702111,76.738604,Educational Institute,School
Ajit Karam Singh International Public School,4.4,(157),30.710415,76.758371,Educational Institute,School
Saupin's School,4.3,(232),30.711428,76.776795,Educational Institute,School
Gem Public School,4.5,(99),30.7105,76.719945,Educational Institute,School
Government Model Senior Secondary School,4.4,(182),30.725116,76.756632,Educational Institute,School
Government Model High School,4.4,(58),30.717854,76.763355,Educational Institute,School
Government Model High School,4.1,(46),30.721473,76.750618,Educational Institute,School
Government Model High School,4.1,(33),30.727834,76.757775,Educational Institute,School
Shishu Niketan Public School,3.5,(188),30.723239,76.750717,Educational Institute,School
Government Model Senior Secondary School,4.4,(182),30.725116,76.756632,Educational Institute,School
Star Public School,4.4,(15),30.715751,76.736995,Educational Institute,School
Sri Guru Harkrishan Model School,4.3,(120),30.743539,76.740811,Educational Institute,School
Govt Model sr. sec school,4.4,(38),30.741389,76.727654,Educational Institute,School
Sharda public school,4.0,(2),30.731054,76.733414,Educational Institute,School
Playway Smart School,4.4,(38),30.741321,76.751456,Educational Institute,School
St Peter's Senior Secondary School,3.9,(146),30.737893,76.754277,Educational Institute,School
"Govt. Model Sr. Sec. School, Sector-23A",4.7,(73),N/A,N/A,Educational Institute,School
SD Senior Secondary School,3.8,(47),30.743347,76.758477,Educational Institute,School
Bal Niketan Model Sr. Sec. School,2.4,(162),30.742179,76.75163,Educational Institute,School
Learning Paths School,4.3,(180),30.6802,76.728955,Educational Institute,School
"Banyan Tree School, Chandigarh | Best School in Chandigarh",4.3,(200),30.689737,76.761179,Educational Institute,School
Heritage High Public School,4.2,(18),30.683079,76.763576,Educational Institute,School
BMD Public School,4.0,(29),30.695188,76.740703,Educational Institute,School
"St. Mary's School, Mohali",4.5,(43),30.678502,76.744287,Educational Institute,School
"Banyan Tree School, Chandigarh | Best School in Chandigarh",4.3,(200),30.689737,76.761179,Educational Institute,School
Lawerance Public Senior Secondary School,4.1,(184),30.702111,76.738604,Educational Institute,School
Government Elementary School,4.8,(6),N/A,N/A,Educational Institute,School
BMD Public School,4.0,(29),30.695188,76.740703,Educational Institute,School
St. Anne's Convent School,4.4,(439),30.705913,76.773943,Educational Institute,School
Ajit Karam Singh International Public School,4.4,(157),30.710415,76.758371,Educational Institute,School
Ashiana Public School,4.3,(151),30.704588,76.767684,Educational Institute,School
St. Anne's Convent School,4.4,(439),30.705913,76.773943,Educational Institute,School
St. Mary's School,4.0,(255),30.702296,76.766932,Educational Institute,School
Northridge International School,4.0,(22),30.704184,76.76669,Educational Institute,School
Star Public School,4.4,(15),30.715751,76.736995,Educational Institute,School
Adarsh Public (Smart) School,4.4,(58),30.723298,76.786196,Educational Institute,School
Lawerance Public Senior Secondary School,4.1,(184),30.702111,76.738604,Educational Institute,School
Ajit Karam Singh International Public School,4.4,(157),30.710415,76.758371,Educational Institute,School
Saupin's School,4.3,(232),30.711428,76.776795,Educational Institute,School
Government Model Senior Secondary School,4.4,(182),30.725116,76.756632,Educational Institute,School
Government Model High School,4.4,(58),30.717854,76.763355,Educational Institute,School
Manav Mangal High School,4.3,(138),30.725828,76.775605,Educational Institute,School
Doon Public School,3.8,(5),N/A,N/A,Educational Institute,School
Learning Nest,4.8,(27),30.727448,76.771531,Educational Institute,School
Adarsh Public (Smart) School,4.4,(58),30.723298,76.786196,Educational Institute,School
Government Model Senior Secondary School,4.4,(182),30.725116,76.756632,Educational Institute,School
Star Public School,4.4,(15),30.715751,76.736995,Educational Institute,School
Sri Guru Harkrishan Model School,4.3,(120),30.743539,76.740811,Educational Institute,School
Govt Model sr. sec school,4.4,(38),30.741389,76.727654,Educational Institute,School
"Govt. Model Sr. Sec. School, Sector-23A",4.7,(73),N/A,N/A,Educational Institute,School
SD Senior Secondary School,3.8,(47),30.743347,76.758477,Educational Institute,School
Government Primary School,N/A,N/A,30.737831,76.761605,Educational Institute,School
Maharishi Dayanand Adarsh Vidyalaya,4.1,(35),30.737024,76.77249,Educational Institute,School
Government Model Senior Secondary School (Near Yoga Centre),4.2,(22),30.741367,76.766978,Educational Institute,School
