Mohali Bible Church,4.5,(30),30.687283,76.727981,Pilgrimage Place,Church
Himalayan Mission Church,4.0,(4),30.68075,76.755146,Pilgrimage Place,Church
Church of Jagatpura,5.0,(6),30.67902,76.756552,Pilgrimage Place,Church
Bread of life church,N/A,N/A,N/A,N/A,Pilgrimage Place,Church
Seek and save the lost ministry,3.0,(3),30.67974,76.761064,Pilgrimage Place,Church
Paulomi Sudarshan Kriya & Healing Centre,5.0,(6),30.69448,76.74526,Pilgrimage Place,Church
First Baptist Church,4.5,(184),30.709678,76.751593,Pilgrimage Place,Church
Chandigarh Hamari Church,5.0,(8),30.705108,76.757596,Pilgrimage Place,Church
All Nation Baptist Church INDIA,N/A,N/A,30.709115,76.751687,Pilgrimage Place,Church
JAGAT KI JYOTI CHURCH SEC 45 CHD,5.0,(7),30.706143,76.758127,Pilgrimage Place,Church
The Pentecostal Mission,4.8,(48),30.719373,76.730875,Pilgrimage Place,Church
First Baptist Church,4.5,(184),30.709678,76.751593,Pilgrimage Place,Church
The Pentecostal Mission,4.8,(48),30.719373,76.730875,Pilgrimage Place,Church
Phase 3A Church,3.0,(1),30.719378,76.730874,Pilgrimage Place,Church
All Nation Baptist Church INDIA,N/A,N/A,30.709115,76.751687,Pilgrimage Place,Church
Church of Chandigarh,4.5,(148),30.725367,76.761953,Pilgrimage Place,Church
Church of Chandigarh,4.5,(148),30.725367,76.761953,Pilgrimage Place,Church
The Pentecostal Mission,4.8,(48),30.719373,76.730875,Pilgrimage Place,Church
Seventh Day Adventist Church,4.4,(59),30.733495,76.742605,Pilgrimage Place,Church
Phase 3A Church,3.0,(1),30.719378,76.730874,Pilgrimage Place,Church
Methodist Church Chandigarh,N/A,N/A,30.733312,76.74247,Pilgrimage Place,Church
Seventh Day Adventist Church,4.4,(59),30.733495,76.742605,Pilgrimage Place,Church
Methodist Church Chandigarh,N/A,N/A,30.733312,76.74247,Pilgrimage Place,Church
C.N.I Church,4.7,(30),30.728305,76.724619,Pilgrimage Place,Church
Church of Chandigarh,4.5,(148),30.725367,76.761953,Pilgrimage Place,Church
"Lighthouse Worship Center Church, Chandigarh",4.4,(15),30.739997,76.758042,Pilgrimage Place,Church
Indian Church of Christ Chandigarh (Punjab),4.5,(12),30.741745,76.756596,Pilgrimage Place,Church
Seventh Day Adventist Church,4.4,(59),30.733495,76.742605,Pilgrimage Place,Church
"Lighthouse Worship Center Church, Chandigarh",4.4,(15),30.739997,76.758042,Pilgrimage Place,Church
Good News Assembly of God Church,5.0,(11),30.741505,76.756796,Pilgrimage Place,Church
Methodist Church Chandigarh,N/A,N/A,30.733312,76.74247,Pilgrimage Place,Church
