Gurudwara Shri Guru Teg Bahadur Sahib Ji Phase 9 Mohali,4.7,(153),30.691972,76.732117,Pilgrimage Place,Gurudwara
Gurdwara Harcharan Kamal Sahib,4.8,(142),30.686061,76.746575,Pilgrimage Place,Gurudwara
Gurudwara Dasmesh Darbar Saheb,4.7,(130),N/A,N/A,Pilgrimage Place,Gurudwara
Gurdwara Sahib Charan Kamal Sahib,4.7,(83),30.690653,76.752181,Pilgrimage Place,Gurudwara
Gurdwara Sahib Pind Kumbra (Bada Gurudwara),4.5,(35),30.688568,76.727174,Pilgrimage Place,Gurudwara
Gurudwara Sanjha Sahib,4.5,(29),30.699054,76.739821,Pilgrimage Place,Gurudwara
Gurudwara Sri Amb Sahib,4.8,"(7,304)",30.699109,76.732414,Pilgrimage Place,Gurudwara
Gurudwara Sri Dhanna Bhagat Ji,4.6,(69),30.703892,76.738772,Pilgrimage Place,Gurudwara
Bibi Bhani Gurdwara,4.7,(166),30.709347,76.72973,Pilgrimage Place,Gurudwara
Shri Guru Ravidas Diamond Gurudwara Phase 7 Mohali,4.8,(174),30.705738,76.730203,Pilgrimage Place,Gurudwara
Gurdwara Sri Guru Singh Sabha Sector 46D,4.8,(399),30.701106,76.760158,Pilgrimage Place,Gurudwara
Gurdwara Shri Bagh Shaheedan,4.8,(440),30.715557,76.754244,Pilgrimage Place,Gurudwara
Bibi Bhani Gurdwara,4.7,(166),30.709347,76.72973,Pilgrimage Place,Gurudwara
Singh Sabha Gurudwara,4.7,(30),30.719481,76.730764,Pilgrimage Place,Gurudwara
Gurudwara Sri Gobindsar,4.5,(27),30.712405,76.743029,Pilgrimage Place,Gurudwara
Gurudwara Sri Kalgidhar Singh Sabha (Kajheri),4.4,(20),30.716012,76.736263,Pilgrimage Place,Gurudwara
Gurudwara Babe ke,4.6,(164),30.724471,76.732355,Pilgrimage Place,Gurudwara
Gurudwara,4.9,(33),30.723322,76.751145,Pilgrimage Place,Gurudwara
Gurudwara Shri Sangat Sahib,4.5,(41),30.727091,76.750522,Pilgrimage Place,Gurudwara
Gurudwara Sahebzada Ajeet Singh Ji,4.7,(63),30.726628,76.727075,Pilgrimage Place,Gurudwara
Singh Sabha Gurudwara,4.7,(30),30.719481,76.730764,Pilgrimage Place,Gurudwara
Gurudwara Babe ke,4.6,(164),30.724471,76.732355,Pilgrimage Place,Gurudwara
Gurudwara Sri Guru Arjun Dev Ji,4.8,(363),30.736766,76.736186,Pilgrimage Place,Gurudwara
Gurudwara Sri Guru Singh Sabha,4.7,(409),30.735206,76.74889,Pilgrimage Place,Gurudwara
Gurdwara Gurmat Parchar Sabha,4.6,(22),30.733117,76.742695,Pilgrimage Place,Gurudwara
Gurudwara Sahib,4.3,(35),30.731808,76.734417,Pilgrimage Place,Gurudwara
