Quran -O- Sunnat Masjid,4.5,(10),30.690806,76.749278,Pilgrimage Place,Mosque
Jama Masjid Phase 11 Mohali,5.0,(5),30.678054,76.74113,Pilgrimage Place,Mosque
Dargah Pir Sayyad Mastan Sahib Ji,4.8,(11),30.691776,76.73176,Pilgrimage Place,Mosque
Quran -O- Sunnat Masjid,4.5,(10),30.690806,76.749278,Pilgrimage Place,Mosque
Jama Masjid 45 (Burail),4.7,(48),30.704875,76.758165,Pilgrimage Place,Mosque
Jama Masjid & Lakh Data Peer Dargah,4.0,(4),30.707468,76.757568,Pilgrimage Place,Mosque
Jama Masjid 45 (Burail),4.7,(48),30.704875,76.758165,Pilgrimage Place,Mosque
Jama Masjid & Lakh Data Peer Dargah,4.0,(4),30.707468,76.757568,Pilgrimage Place,Mosque
Madina Masjid,5.0,(2),30.731675,76.740353,Pilgrimage Place,Mosque
Madina Masjid,5.0,(2),30.731675,76.740353,Pilgrimage Place,Mosque
Ahmed Khan Bhurgri,N/A,N/A,30.739984,76.75673,Pilgrimage Place,Mosque
Madina Masjid,5.0,(2),30.731675,76.740353,Pilgrimage Place,Mosque
Ahmed Khan Bhurgri,N/A,N/A,30.739984,76.75673,Pilgrimage Place,Mosque
