Dharma Mayank house,N/A,N/A,30.679585,76.756469,Pilgrimage Place,Shrine
Gurudwara Sri Amb Sahib,4.8,"(7,304)",30.699109,76.732414,Pilgrimage Place,Shrine
Gurudwara Dasmesh Darbar Saheb,4.7,(130),N/A,N/A,Pilgrimage Place,Shrine
Dera Sidh Ghaneri Shiv Mandir,4.7,(28),30.708327,76.75797,Pilgrimage Place,Shrine
Shree Sanatan Dharm Temple,4.4,(132),30.705278,76.756862,Pilgrimage Place,Shrine
Shri Sanatan Dharm Temple,4.6,(84),30.699928,76.766699,Pilgrimage Place,Shrine
Small Shiva Temple,4.6,(25),30.70385,76.7648,Pilgrimage Place,Shrine
Gurudwara Sri Amb Sahib,4.8,"(7,304)",30.699109,76.732414,Pilgrimage Place,Shrine
Shree Sanatan Dharm Temple,4.4,(132),30.705278,76.756862,Pilgrimage Place,Shrine
Gurudwara Sri Dhanna Bhagat Ji,4.6,(69),30.703892,76.738772,Pilgrimage Place,Shrine
SAMADHIYA BABA,5.0,(4),30.711116,76.756619,Pilgrimage Place,Shrine
Gurdwara Shri Bagh Shaheedan,4.8,(440),30.715557,76.754244,Pilgrimage Place,Shrine
Kavin,N/A,N/A,30.720536,76.747552,Pilgrimage Place,Shrine
