Art of Living Temple of Knowledge - Kashi Vishwanath Devasthanam,4.7,(119),30.68909,76.728889,Pilgrimage Place,Temple
Satya Narayan Temple Mattour,4.7,(380),30.700103,76.71538,Pilgrimage Place,Temple
Maa Durga Mandir Sector 68 Mohali,4.7,(239),30.683823,76.723628,Pilgrimage Place,Temple
Shri Bhubneshwari Devi Trishakti Mandir (Temple),4.6,(116),30.694978,76.747078,Pilgrimage Place,Temple
Shree Badri Narayan Temple,4.6,(54),30.685175,76.705725,Pilgrimage Place,Temple
Shri Bhubneshwari Devi Trishakti Mandir (Temple),4.6,(116),30.694978,76.747078,Pilgrimage Place,Temple
Shiv Mandir,5.0,(1),30.695143,76.743895,Pilgrimage Place,Temple
Shiv Mandir chd,4.8,(15),30.697218,76.738086,Pilgrimage Place,Temple
Shani Mandir,4.7,(3),30.697186,76.737764,Pilgrimage Place,Temple
Chhath puja grounds,N/A,N/A,30.690801,76.74896,Pilgrimage Place,Temple
Shri Laxmi Narayan Mandir,4.7,(79),30.710346,76.755864,Pilgrimage Place,Temple
Shree Sanatan Dharm Temple,4.4,(132),30.705278,76.756862,Pilgrimage Place,Temple
Vishal Shri Gita Bhavan Shri Krishna Mandir,4.8,(91),30.707847,76.73737,Pilgrimage Place,Temple
MAHANUBHAV PANTH MANDIR SECTOR52 CHANDIGARH,4.3,(9),30.707992,76.737416,Pilgrimage Place,Temple
Bareli,4.0,(3),30.704067,76.757458,Pilgrimage Place,Temple
Shree Hari Temple,4.7,(138),30.714067,76.711642,Pilgrimage Place,Temple
Shri Laxmi Narayan Mandir,4.7,(79),30.710346,76.755864,Pilgrimage Place,Temple
Shree Sanatan Dharm Temple,4.4,(132),30.705278,76.756862,Pilgrimage Place,Temple
Shri Sanatan Dharm Mandir,4.7,(210),30.705676,76.729149,Pilgrimage Place,Temple
Shri Laxmi Narayan Mandir & Dharamshala,4.8,(730),30.709361,76.718114,Pilgrimage Place,Temple
Shree Hari Temple,4.7,(138),30.714067,76.711642,Pilgrimage Place,Temple
ISKCON Temple Chandigarh,4.8,"(6,802)",30.734364,76.761349,Pilgrimage Place,Temple
Shri Laxmi Narayan Mandir,4.7,(79),30.710346,76.755864,Pilgrimage Place,Temple
Satyanarayan temple,4.6,(41),30.729916,76.767435,Pilgrimage Place,Temple
Lakshmi Narayan Mandir,4.7,(80),30.714006,76.711715,Pilgrimage Place,Temple
ISKCON Temple Chandigarh,4.8,"(6,802)",30.734364,76.761349,Pilgrimage Place,Temple
Shri Radha Krishna Mandir,4.6,(139),30.74087,76.736097,Pilgrimage Place,Temple
Satyanarayan temple,4.6,(41),30.729916,76.767435,Pilgrimage Place,Temple
Shree Radha Krishan Mandir,4.5,(115),30.724494,76.72821,Pilgrimage Place,Temple
"Sanatan Dharam Mandir, sector 38C",4.8,(82),30.741735,76.743621,Pilgrimage Place,Temple
ISKCON Temple Chandigarh,4.8,"(6,802)",30.734364,76.761349,Pilgrimage Place,Temple
Shri Radha Krishna Mandir,4.6,(139),30.74087,76.736097,Pilgrimage Place,Temple
Shiv Mandir,4.8,(92),30.748371,76.765183,Pilgrimage Place,Temple
Satyanarayan temple,4.6,(41),30.729916,76.767435,Pilgrimage Place,Temple
"Sanatan Dharam Mandir, sector 38C",4.8,(82),30.741735,76.743621,Pilgrimage Place,Temple
