Gamers Arena,5.0,(2),30.705768,76.758296,Event Venue,Arena
United Scientific Arena Technology Private Limited,N/A,N/A,30.709498,76.761288,Event Venue,Arena
Muscle Arena,4.5,(143),30.734018,76.752689,Event Venue,Arena
Chandigarh Hockey Stadium,4.4,(918),N/A,N/A,Event Venue,Arena
Sports Complex,4.5,(501),30.727199,76.747043,Event Venue,Arena
Arena Flowers,3.8,(32),30.729928,76.76181,Event Venue,Arena
Arena Flowers | Same Day Flower Delivery in Chandigarh | Online Flower Shop in Chandigarh,3.6,(55),30.726963,76.765981,Event Venue,Arena
Muscle Arena,4.5,(143),30.734018,76.752689,Event Venue,Arena
Arena Animation Chandigarh 34 A,4.4,(211),30.719518,76.768327,Event Venue,Arena
Chandigarh Hockey Stadium,4.4,(918),N/A,N/A,Event Venue,Arena
Arena Animation Mohali,3.6,(21),30.709015,76.722404,Event Venue,Arena
Cad Arena,5.0,(3),30.722051,76.768952,Event Venue,Arena
Muscle Arena,4.5,(143),30.734018,76.752689,Event Venue,Arena
Stepping stone shooting range,4.9,(17),30.738342,76.745516,Event Venue,Arena
The workout Arena,4.6,(16),30.676782,76.810202,Event Venue,Arena
Gamers Arena,5.0,(2),30.705768,76.758296,Event Venue,Arena
United Scientific Arena Technology Private Limited,N/A,N/A,30.709498,76.761288,Event Venue,Arena
Sports Complex,4.6,(234),30.718077,76.763522,Event Venue,Arena
United Scientific Arena Technology Private Limited,N/A,N/A,30.709498,76.761288,Event Venue,Arena
Arena Animation Chandigarh 34 A,4.4,(211),30.719518,76.768327,Event Venue,Arena
Muscle Arena,4.5,(143),30.734018,76.752689,Event Venue,Arena
Cad Arena,5.0,(3),30.722051,76.768952,Event Venue,Arena
Chandigarh Hockey Stadium,4.4,(918),N/A,N/A,Event Venue,Arena
Sports Complex,4.5,(501),30.727199,76.747043,Event Venue,Arena
Arena Animation Chandigarh 34 A,4.4,(211),30.719518,76.768327,Event Venue,Arena
Muscle Arena,4.5,(143),30.734018,76.752689,Event Venue,Arena
Cad Arena,5.0,(3),30.722051,76.768952,Event Venue,Arena
Chandigarh Hockey Stadium,4.4,(918),N/A,N/A,Event Venue,Arena
Arena Animation Mohali,3.6,(21),30.709015,76.722404,Event Venue,Arena
Muscle Arena,4.5,(143),30.734018,76.752689,Event Venue,Arena
Chandigarh Hockey Stadium,4.4,(918),N/A,N/A,Event Venue,Arena
Sports Complex,4.5,(501),30.727199,76.747043,Event Venue,Arena
Arena Flowers,3.8,(32),30.729928,76.76181,Event Venue,Arena
Arena Flowers | Same Day Flower Delivery in Chandigarh | Online Flower Shop in Chandigarh,3.6,(55),30.726963,76.765981,Event Venue,Arena
The workout Arena,4.6,(16),30.676782,76.810202,Event Venue,Arena
Gamers Arena,5.0,(2),30.705768,76.758296,Event Venue,Arena
United Scientific Arena Technology Private Limited,N/A,N/A,30.709498,76.761288,Event Venue,Arena
Arena Animation Chandigarh 34 A,4.4,(211),30.719518,76.768327,Event Venue,Arena
Cad Arena,5.0,(3),30.722051,76.768952,Event Venue,Arena
Gamers Arena,5.0,(2),30.705768,76.758296,Event Venue,Arena
Sports Complex,4.4,(261),30.721642,76.75024,Event Venue,Arena
Sports Complex,4.6,(234),30.718077,76.763522,Event Venue,Arena
Arena Animation Chandigarh 34 A,4.4,(211),30.719518,76.768327,Event Venue,Arena
Cad Arena,5.0,(3),30.722051,76.768952,Event Venue,Arena
Arena Animation Mohali,3.6,(21),30.709015,76.722404,Event Venue,Arena
Chandigarh Hockey Stadium,4.4,(918),N/A,N/A,Event Venue,Arena
Muscle Arena,4.5,(143),30.734018,76.752689,Event Venue,Arena
Arena Animation Chandigarh 34 A,4.4,(211),30.719518,76.768327,Event Venue,Arena
Muscle Arena,4.5,(143),30.734018,76.752689,Event Venue,Arena
Cad Arena,5.0,(3),30.722051,76.768952,Event Venue,Arena
Chandigarh Hockey Stadium,4.4,(918),N/A,N/A,Event Venue,Arena
Arena Animation Sector 9 Chandigarh,4.7,(173),30.741398,76.790879,Event Venue,Arena
Muscle Arena,4.5,(143),30.734018,76.752689,Event Venue,Arena
Aren Jewellers,4.9,(46),30.734275,76.769995,Event Venue,Arena
Gamers Arena,5.0,(2),30.705768,76.758296,Event Venue,Arena
United Scientific Arena Technology Private Limited,N/A,N/A,30.709498,76.761288,Event Venue,Arena
Arena Animation Chandigarh 34 A,4.4,(211),30.719518,76.768327,Event Venue,Arena
Cad Arena,5.0,(3),30.722051,76.768952,Event Venue,Arena
Gamers Arena,5.0,(2),30.705768,76.758296,Event Venue,Arena
Sports Complex,4.4,(261),30.721642,76.75024,Event Venue,Arena
Sports Complex,4.6,(234),30.718077,76.763522,Event Venue,Arena
Arena Animation Chandigarh 34 A,4.4,(211),30.719518,76.768327,Event Venue,Arena
Cad Arena,5.0,(3),30.722051,76.768952,Event Venue,Arena
Chandigarh Hockey Stadium,4.4,(918),N/A,N/A,Event Venue,Arena
Arena Animation Sector 9 Chandigarh,4.7,(173),30.741398,76.790879,Event Venue,Arena
Muscle Arena,4.5,(143),30.734018,76.752689,Event Venue,Arena
Arena Animation Chandigarh 34 A,4.4,(211),30.719518,76.768327,Event Venue,Arena
Muscle Arena,4.5,(143),30.734018,76.752689,Event Venue,Arena
Cad Arena,5.0,(3),30.722051,76.768952,Event Venue,Arena
Arena Animation Sector 9 Chandigarh,4.7,(173),30.741398,76.790879,Event Venue,Arena
Chandigarh Hockey Stadium,4.4,(918),N/A,N/A,Event Venue,Arena
Aren Jewellers,4.9,(46),30.734275,76.769995,Event Venue,Arena
