Art of Living Temple of Knowledge - Kashi Vishwanath Devasthanam,4.7,(119),30.68909,76.728889,Event Venue,Conference Center
Sarao Hotel,3.6,(873),30.68521,76.739717,Event Venue,Conference Center
Bestech Business Tower,4.3,"(5,292)",30.67565,76.740274,Event Venue,Conference Center
Art of Living Temple of Knowledge - Kashi Vishwanath Devasthanam,4.7,(119),30.68909,76.728889,Event Venue,Conference Center
Sarao Hotel,3.6,(873),30.68521,76.739717,Event Venue,Conference Center
Hotel Park Grand,4.2,"(2,010)",30.717387,76.753131,Event Venue,Conference Center
Hotel Park Grand,4.2,"(2,010)",30.717387,76.753131,Event Venue,Conference Center
...,4.2,(72),30.733773,76.759935,Event Venue,Conference Center
SpaceJam Conference Rooms|Events Halls:Chandigarh,4.0,(2),30.722553,76.769762,Event Venue,Conference Center
Conference Room 8-10 person,N/A,N/A,30.734346,76.778327,Event Venue,Conference Center
JW Marriott Hotel Chandigarh,4.5,(678),30.72679,76.767115,Event Venue,Conference Center
Rajasthan Bhawan,4.1,(444),30.716136,76.768878,Event Venue,Conference Center
Sarao Hotel,3.6,(873),30.68521,76.739717,Event Venue,Conference Center
Bestech Business Tower,4.3,"(5,292)",30.67565,76.740274,Event Venue,Conference Center
Rajasthan Bhawan,4.1,(444),30.716136,76.768878,Event Venue,Conference Center
Hotel Park Grand,4.2,"(2,010)",30.717387,76.753131,Event Venue,Conference Center
Hotel Park Grand,4.2,"(2,010)",30.717387,76.753131,Event Venue,Conference Center
...,4.2,(72),30.733773,76.759935,Event Venue,Conference Center
Conference Room 8-10 person,N/A,N/A,30.734346,76.778327,Event Venue,Conference Center
SpaceJam Conference Rooms|Events Halls:Chandigarh,4.0,(2),30.722553,76.769762,Event Venue,Conference Center
JW Marriott Hotel Chandigarh,4.5,(678),30.72679,76.767115,Event Venue,Conference Center
Rajasthan Bhawan,4.1,(444),30.716136,76.768878,Event Venue,Conference Center
...,4.2,(72),30.733773,76.759935,Event Venue,Conference Center
Indian Medical Association (IMA) Complex,4.3,(58),30.725533,76.762479,Event Venue,Conference Center
...,4.2,(72),30.733773,76.759935,Event Venue,Conference Center
Conference Room 8-10 person,N/A,N/A,30.734346,76.778327,Event Venue,Conference Center
JW Marriott Hotel Chandigarh,4.5,(678),30.72679,76.767115,Event Venue,Conference Center
SpaceJam Conference Rooms|Events Halls:Chandigarh,4.0,(2),30.722553,76.769762,Event Venue,Conference Center
Lecture Theatre 1 PGIMER,4.5,(76),30.760834,76.77579,Event Venue,Conference Center
Rajasthan Bhawan,4.1,(444),30.716136,76.768878,Event Venue,Conference Center
Hotel Park Grand,4.2,"(2,010)",30.717387,76.753131,Event Venue,Conference Center
Rajasthan Bhawan,4.1,(444),30.716136,76.768878,Event Venue,Conference Center
Hotel Park Grand,4.2,"(2,010)",30.717387,76.753131,Event Venue,Conference Center
SpaceJam Conference Rooms|Events Halls:Chandigarh,4.0,(2),30.722553,76.769762,Event Venue,Conference Center
Rajasthan Bhawan,4.1,(444),30.716136,76.768878,Event Venue,Conference Center
Indian Medical Association (IMA) Complex,4.3,(58),30.725533,76.762479,Event Venue,Conference Center
JW Marriott Hotel Chandigarh,4.5,(678),30.72679,76.767115,Event Venue,Conference Center
Hotel Park Grand,4.2,"(2,010)",30.717387,76.753131,Event Venue,Conference Center
...,4.2,(72),30.733773,76.759935,Event Venue,Conference Center
Conference Room 8-10 person,N/A,N/A,30.734346,76.778327,Event Venue,Conference Center
SpaceJam Conference Rooms|Events Halls:Chandigarh,4.0,(2),30.722553,76.769762,Event Venue,Conference Center
JW Marriott Hotel Chandigarh,4.5,(678),30.72679,76.767115,Event Venue,Conference Center
Indian Medical Association (IMA) Complex,4.3,(58),30.725533,76.762479,Event Venue,Conference Center
...,4.2,(72),30.733773,76.759935,Event Venue,Conference Center
Wedding&EventZ,5.0,(4),30.741007,76.764869,Event Venue,Conference Center
Kisan Bhavan Candigarh,4.1,(23),30.739651,76.766781,Event Venue,Conference Center
Kendriya Vidyalaya 3BRD,4.5,(134),30.689596,76.786488,Event Venue,Conference Center
"CII Northern Region Headquarters, Chandigarh",4.4,(806),30.70703,76.784267,Event Venue,Conference Center
CII - Centre of Excellence for Competitiveness for SMEs,5.0,(1),30.707084,76.784294,Event Venue,Conference Center
Kendriya Vidyalaya 3BRD,4.5,(134),30.689596,76.786488,Event Venue,Conference Center
"CII Northern Region Headquarters, Chandigarh",4.4,(806),30.70703,76.784267,Event Venue,Conference Center
...,4.2,(72),30.733773,76.759935,Event Venue,Conference Center
Conference Room 8-10 person,N/A,N/A,30.734346,76.778327,Event Venue,Conference Center
SpaceJam Conference Rooms|Events Halls:Chandigarh,4.0,(2),30.722553,76.769762,Event Venue,Conference Center
Rajasthan Bhawan,4.1,(444),30.716136,76.768878,Event Venue,Conference Center
...,4.2,(72),30.733773,76.759935,Event Venue,Conference Center
SpaceJam Conference Rooms|Events Halls:Chandigarh,4.0,(2),30.722553,76.769762,Event Venue,Conference Center
"CII Northern Region Headquarters, Chandigarh",4.4,(806),30.70703,76.784267,Event Venue,Conference Center
Conference Room 8-10 person,N/A,N/A,30.734346,76.778327,Event Venue,Conference Center
JW Marriott Hotel Chandigarh,4.5,(678),30.72679,76.767115,Event Venue,Conference Center
SpaceJam Conference Rooms|Events Halls:Chandigarh,4.0,(2),30.722553,76.769762,Event Venue,Conference Center
Rajasthan Bhawan,4.1,(444),30.716136,76.768878,Event Venue,Conference Center
Indian Medical Association (IMA) Complex,4.3,(58),30.725533,76.762479,Event Venue,Conference Center
JW Marriott Hotel Chandigarh,4.5,(678),30.72679,76.767115,Event Venue,Conference Center
Hotel Metro 35,4.0,(515),30.722884,76.762195,Event Venue,Conference Center
...,4.2,(72),30.733773,76.759935,Event Venue,Conference Center
Conference Room 8-10 person,N/A,N/A,30.734346,76.778327,Event Venue,Conference Center
SpaceJam Conference Rooms|Events Halls:Chandigarh,4.0,(2),30.722553,76.769762,Event Venue,Conference Center
JW Marriott Hotel Chandigarh,4.5,(678),30.72679,76.767115,Event Venue,Conference Center
Indian Medical Association (IMA) Complex,4.3,(58),30.725533,76.762479,Event Venue,Conference Center
...,4.2,(72),30.733773,76.759935,Event Venue,Conference Center
Wedding&EventZ,5.0,(4),30.741007,76.764869,Event Venue,Conference Center
Hotel Shivalikview,4.1,"(7,729)",30.740086,76.776551,Event Venue,Conference Center
Kisan Bhavan Candigarh,4.1,(23),30.739651,76.766781,Event Venue,Conference Center
