SSCA-32 Cricket Academy,4.6,(82),30.668668,76.774948,Event Venue,Stadium
SSCA-32 Cricket Academy,4.6,(82),30.668668,76.774948,Event Venue,Stadium
Chaudhary Bhopal Singh Stadium,3.9,(318),30.705398,76.761385,Event Venue,Stadium
Chandigarh Sports Complex Sector 50,4.3,(206),30.701092,76.747145,Event Venue,Stadium
Hotel Western Court Chandigarh,4.1,"(2,294)",30.717142,76.752989,Event Venue,Stadium
HF Super Ice Cream Parlour,4.5,(194),30.702169,76.727451,Event Venue,Stadium
7 phase lights,4.3,(950),30.701594,76.728723,Event Venue,Stadium
RoundGlass Football Academy - The British School -,4.3,(21),30.711383,76.757399,Event Venue,Stadium
Hotel Western Court Chandigarh,4.1,"(2,294)",30.717142,76.752989,Event Venue,Stadium
Stump'd Box Cricket,4.5,(53),30.711131,76.757803,Event Venue,Stadium
Hotel Metro 43,4.1,"(1,358)",30.717368,76.753235,Event Venue,Stadium
The First Hotel (Best Hotels in Chandigarh),4.0,(108),30.716836,76.752564,Event Venue,Stadium
Chandigarh Hockey Stadium,4.4,(918),N/A,N/A,Event Venue,Stadium
Sports Complex,4.5,(501),30.727199,76.747043,Event Venue,Stadium
Sector 46 Sports Stadium,4.3,"(1,335)",30.703532,76.769359,Event Venue,Stadium
Indoor basketball stadium,4.4,(45),30.728045,76.748034,Event Venue,Stadium
INDOOR STADIUM,4.5,(13),30.702505,76.723762,Event Venue,Stadium
Chandigarh Hockey Stadium,4.4,(918),N/A,N/A,Event Venue,Stadium
Sports Complex,4.5,(501),30.727199,76.747043,Event Venue,Stadium
Sector 16 Cricket Stadium,4.4,"(1,028)",30.741699,76.774852,Event Venue,Stadium
Indoor basketball stadium,4.4,(45),30.728045,76.748034,Event Venue,Stadium
Sector 46 Sports Stadium,4.3,"(1,335)",30.703532,76.769359,Event Venue,Stadium
"Football, Hockey And Cricket Academy",4.1,(49),30.735615,76.748702,Event Venue,Stadium
Archies - Gift Gallery 37,4.4,(243),30.738566,76.748664,Event Venue,Stadium
Badminton Court.,4.2,(61),30.741965,76.738632,Event Venue,Stadium
SSCA-32 Cricket Academy,4.6,(82),30.668668,76.774948,Event Venue,Stadium
Chandigarh Sports Complex Sector 50,4.3,(206),30.701092,76.747145,Event Venue,Stadium
Park Sector 46 C,4.2,"(1,706)",30.700977,76.763408,Event Venue,Stadium
Arora's Foods & Snacks,3.5,(155),30.697442,76.755351,Event Venue,Stadium
MEAT MASTER,N/A,N/A,30.700168,76.748793,Event Venue,Stadium
Apollo Diagnostics,1.0,(2),30.692043,76.748543,Event Venue,Stadium
Sector 46 Sports Stadium,4.3,"(1,335)",30.703532,76.769359,Event Venue,Stadium
Chaudhary Bhopal Singh Stadium,3.9,(318),30.705398,76.761385,Event Venue,Stadium
Chandigarh Administration Sports Complex,4.5,(20),30.703378,76.76946,Event Venue,Stadium
Chandigarh Sports Complex Sector 50,4.3,(206),30.701092,76.747145,Event Venue,Stadium
Hotel Western Court Chandigarh,4.1,"(2,294)",30.717142,76.752989,Event Venue,Stadium
Sports Complex,4.6,(234),30.718077,76.763522,Event Venue,Stadium
RoundGlass Football Academy - The British School -,4.3,(21),30.711383,76.757399,Event Venue,Stadium
Kickstart,4.5,(93),30.711311,76.758171,Event Venue,Stadium
Hotel Western Court Chandigarh,4.1,"(2,294)",30.717142,76.752989,Event Venue,Stadium
Stump'd Box Cricket,4.5,(53),30.711131,76.757803,Event Venue,Stadium
Chandigarh Hockey Stadium,4.4,(918),N/A,N/A,Event Venue,Stadium
Sports Complex,4.5,(501),30.727199,76.747043,Event Venue,Stadium
Sector 46 Sports Stadium,4.3,"(1,335)",30.703532,76.769359,Event Venue,Stadium
Sector 16 Cricket Stadium,4.4,"(1,028)",30.741699,76.774852,Event Venue,Stadium
Indoor basketball stadium,4.4,(45),30.728045,76.748034,Event Venue,Stadium
Chandigarh Hockey Stadium,4.4,(918),N/A,N/A,Event Venue,Stadium
Sports Complex,4.5,(501),30.727199,76.747043,Event Venue,Stadium
Sector 16 Cricket Stadium,4.4,"(1,028)",30.741699,76.774852,Event Venue,Stadium
Indoor basketball stadium,4.4,(45),30.728045,76.748034,Event Venue,Stadium
Sector 46 Sports Stadium,4.3,"(1,335)",30.703532,76.769359,Event Venue,Stadium
Chandigarh Hockey Stadium,4.4,(918),N/A,N/A,Event Venue,Stadium
Sports Complex,4.5,(501),30.727199,76.747043,Event Venue,Stadium
Indoor basketball stadium,4.4,(45),30.728045,76.748034,Event Venue,Stadium
Sports Infrastructure,4.5,(14),30.747597,76.739391,Event Venue,Stadium
SD School Cricket Ground,4.2,(36),30.74363,76.75918,Event Venue,Stadium
Park Sector 46 C,4.2,"(1,706)",30.700977,76.763408,Event Venue,Stadium
Arora's Foods & Snacks,3.5,(155),30.697442,76.755351,Event Venue,Stadium
Sector 46 Sports Stadium,4.3,"(1,335)",30.703532,76.769359,Event Venue,Stadium
Chaudhary Bhopal Singh Stadium,3.9,(318),30.705398,76.761385,Event Venue,Stadium
I.S. Bindra Punjab Cricket Association Stadium,4.4,"(13,150)",30.690891,76.73753,Event Venue,Stadium
Chandigarh Administration Sports Complex,4.5,(20),30.703378,76.76946,Event Venue,Stadium
Chandigarh Hockey Stadium,4.4,(918),N/A,N/A,Event Venue,Stadium
Sector 46 Sports Stadium,4.3,"(1,335)",30.703532,76.769359,Event Venue,Stadium
Chaudhary Bhopal Singh Stadium,3.9,(318),30.705398,76.761385,Event Venue,Stadium
Chandigarh Administration Sports Complex,4.5,(20),30.703378,76.76946,Event Venue,Stadium
Sports Complex,4.4,(261),30.721642,76.75024,Event Venue,Stadium
Sports Complex,4.6,(234),30.718077,76.763522,Event Venue,Stadium
Chandigarh Hockey Stadium,4.4,(918),N/A,N/A,Event Venue,Stadium
Sports Complex,4.5,(501),30.727199,76.747043,Event Venue,Stadium
Sector 46 Sports Stadium,4.3,"(1,335)",30.703532,76.769359,Event Venue,Stadium
Sector 16 Cricket Stadium,4.4,"(1,028)",30.741699,76.774852,Event Venue,Stadium
Indoor basketball stadium,4.4,(45),30.728045,76.748034,Event Venue,Stadium
Sector 16 Cricket Stadium,4.4,"(1,028)",30.741699,76.774852,Event Venue,Stadium
Chandigarh Hockey Stadium,4.4,(918),N/A,N/A,Event Venue,Stadium
Sports Complex,4.5,(501),30.727199,76.747043,Event Venue,Stadium
Stadium,5.0,(1),30.741051,76.779015,Event Venue,Stadium
Football Ground,4.7,(28),30.737936,76.779905,Event Venue,Stadium
SD School Cricket Ground,4.2,(36),30.74363,76.75918,Event Venue,Stadium
Table Tennis Hall,4.4,(182),30.736234,76.761833,Event Venue,Stadium
Sunny ka ghar,N/A,N/A,30.739731,76.764149,Event Venue,Stadium
SSCA-32 Cricket Academy,4.6,(82),30.668668,76.774948,Event Venue,Stadium
Park Sector 46 C,4.2,"(1,706)",30.700977,76.763408,Event Venue,Stadium
Kendriya Vidyalaya Cricket Pitch,N/A,N/A,30.69705,76.771396,Event Venue,Stadium
Sector 46 Sports Stadium,4.3,"(1,335)",30.703532,76.769359,Event Venue,Stadium
Chaudhary Bhopal Singh Stadium,3.9,(318),30.705398,76.761385,Event Venue,Stadium
I.S. Bindra Punjab Cricket Association Stadium,4.4,"(13,150)",30.690891,76.73753,Event Venue,Stadium
Chandigarh Administration Sports Complex,4.5,(20),30.703378,76.76946,Event Venue,Stadium
Chandigarh Hockey Stadium,4.4,(918),N/A,N/A,Event Venue,Stadium
Sector 46 Sports Stadium,4.3,"(1,335)",30.703532,76.769359,Event Venue,Stadium
Chaudhary Bhopal Singh Stadium,3.9,(318),30.705398,76.761385,Event Venue,Stadium
Chandigarh Administration Sports Complex,4.5,(20),30.703378,76.76946,Event Venue,Stadium
Sports Complex,4.4,(261),30.721642,76.75024,Event Venue,Stadium
Sports Complex,4.6,(234),30.718077,76.763522,Event Venue,Stadium
Sports Complex,4.6,(234),30.718077,76.763522,Event Venue,Stadium
Fauji ground,4.0,(3),30.725666,76.764126,Event Venue,Stadium
JW Marriott Hotel Chandigarh,4.5,(678),30.72679,76.767115,Event Venue,Stadium
Director Sports Punjab,4.0,(7),30.722324,76.768517,Event Venue,Stadium
Hotel Antheia,3.7,(163),30.721463,76.77146,Event Venue,Stadium
Sector 16 Cricket Stadium,4.4,"(1,028)",30.741699,76.774852,Event Venue,Stadium
Sports Complex,4.5,(501),30.727199,76.747043,Event Venue,Stadium
Stadium,5.0,(1),30.741051,76.779015,Event Venue,Stadium
Football Ground,4.7,(28),30.737936,76.779905,Event Venue,Stadium
Indoor basketball stadium,4.4,(45),30.728045,76.748034,Event Venue,Stadium
Sector 16 Cricket Stadium,4.4,"(1,028)",30.741699,76.774852,Event Venue,Stadium
SD School Cricket Ground,4.2,(36),30.74363,76.75918,Event Venue,Stadium
Table Tennis Hall,4.4,(182),30.736234,76.761833,Event Venue,Stadium
Cycle Track,4.8,(4),30.740248,76.774823,Event Venue,Stadium
16C,N/A,N/A,30.742691,76.776211,Event Venue,Stadium
