Powerbank Charging Station,3.0,(2),30.702507,76.729567,Fuel Station,Electrical Charging Station
EVortable Charging Station,N/A,N/A,30.7063,76.757552,Fuel Station,Electrical Charging Station
Powerbank Charging Station,3.0,(2),30.702507,76.729567,Fuel Station,Electrical Charging Station
Powerbank Charging Station,N/A,N/A,30.718145,76.776171,Fuel Station,Electrical Charging Station
Electric Vehicle Charging Station,N/A,N/A,30.720301,76.729657,Fuel Station,Electrical Charging Station
Charge Zone Charging Station,N/A,N/A,30.720487,76.729234,Fuel Station,Electrical Charging Station
Electric Vehicle Charging Station,N/A,N/A,30.70409,76.802541,Fuel Station,Electrical Charging Station
Electric Vehicle Charging Station,3.0,(3),30.728155,76.739389,Fuel Station,Electrical Charging Station
Powerbank Charging Station,N/A,N/A,30.718145,76.776171,Fuel Station,Electrical Charging Station
Powerbank Charging Station,3.0,(2),30.702507,76.729567,Fuel Station,Electrical Charging Station
Electric Vehicle Charging Station,N/A,N/A,30.720301,76.729657,Fuel Station,Electrical Charging Station
GLIDA Charging Station,N/A,N/A,30.738857,76.715812,Fuel Station,Electrical Charging Station
Charge Zone Charging Station,N/A,N/A,30.742719,76.754866,Fuel Station,Electrical Charging Station
EVortable Charging Station,N/A,N/A,30.7063,76.757552,Fuel Station,Electrical Charging Station
Electric Vehicle Charging Station,3.0,(3),30.728155,76.739389,Fuel Station,Electrical Charging Station
Charge Zone Charging Station,N/A,N/A,30.72684,76.767139,Fuel Station,Electrical Charging Station
Charge Zone Charging Station,N/A,N/A,30.742719,76.754866,Fuel Station,Electrical Charging Station
EVortable Charging Station,N/A,N/A,30.7063,76.757552,Fuel Station,Electrical Charging Station
Powerbank Charging Station,N/A,N/A,30.718145,76.776171,Fuel Station,Electrical Charging Station
Charge Zone Charging Station,N/A,N/A,30.72684,76.767139,Fuel Station,Electrical Charging Station
Charge Zone Charging Station,N/A,N/A,30.72684,76.767139,Fuel Station,Electrical Charging Station
Charge Zone Charging Station,N/A,N/A,30.742719,76.754866,Fuel Station,Electrical Charging Station
Tata Power Charging Station,4.0,(13),30.699073,76.785557,Fuel Station,Electrical Charging Station
EVortable Charging Station,N/A,N/A,30.7063,76.757552,Fuel Station,Electrical Charging Station
EVortable Charging Station,N/A,N/A,30.7063,76.757552,Fuel Station,Electrical Charging Station
Powerbank Charging Station,N/A,N/A,30.718145,76.776171,Fuel Station,Electrical Charging Station
EVortable Charging Station,N/A,N/A,30.7063,76.757552,Fuel Station,Electrical Charging Station
Powerbank Charging Station,N/A,N/A,30.718145,76.776171,Fuel Station,Electrical Charging Station
Charge Zone Charging Station,N/A,N/A,30.72684,76.767139,Fuel Station,Electrical Charging Station
Charge Zone Charging Station,N/A,N/A,30.72684,76.767139,Fuel Station,Electrical Charging Station
Kinetic Green Chandigarh Best Electric Scooters PURISONS,5.0,(34),30.745193,76.761639,Fuel Station,Electrical Charging Station
