HP PETROL PUMP - CITY SERVICE STATION,3.9,(660),30.691803,76.734586,Fuel Station,LPG Station
IndianOil,3.9,"(1,177)",30.679655,76.746323,Fuel Station,LPG Station
IndianOil,4.1,"(2,027)",30.696984,76.758506,Fuel Station,LPG Station
Bharat Gas - Virdi Gas Service,3.2,(69),30.68601,76.738936,Fuel Station,LPG Station
Harpal Motors,4.8,(4),30.68676,76.760677,Fuel Station,LPG Station
Auto LPG STATION,4.4,(37),30.724181,76.770894,Fuel Station,LPG Station
IndianOil,4.1,"(2,285)",30.710815,76.743211,Fuel Station,LPG Station
Kapoor Service Station,4.2,(60),30.724066,76.770854,Fuel Station,LPG Station
"Karan Filling Station , Chandigarh",4.2,(19),30.710894,76.743042,Fuel Station,LPG Station
Amalia Pump CNG Filling Centre,4.0,"(2,718)",30.709726,76.748739,Fuel Station,LPG Station
Auto LPG STATION,4.4,(37),30.724181,76.770894,Fuel Station,LPG Station
IndianOil,3.9,(876),30.722814,76.738078,Fuel Station,LPG Station
IndianOil,4.1,"(2,285)",30.710815,76.743211,Fuel Station,LPG Station
Kapoor Service Station,4.2,(60),30.724066,76.770854,Fuel Station,LPG Station
HP PETROL PUMP FILLING STATION,4.0,(805),30.720585,76.729237,Fuel Station,LPG Station
IndianOil,3.9,(876),30.722814,76.738078,Fuel Station,LPG Station
Super gas service bharat gas,3.6,(59),30.727327,76.74899,Fuel Station,LPG Station
IndianOil,3.9,(876),30.722814,76.738078,Fuel Station,LPG Station
BPCL Petrol Pump,3.8,(265),30.729383,76.766404,Fuel Station,LPG Station
"BPCL, Shyama Shyam Filling Station",3.8,(158),30.72906,76.765775,Fuel Station,LPG Station
HP PETROL PUMP FILLING STATION,4.0,(805),30.720585,76.729237,Fuel Station,LPG Station
Super gas service bharat gas,3.6,(59),30.727327,76.74899,Fuel Station,LPG Station
IndianOil,3.9,(949),30.742697,76.754974,Fuel Station,LPG Station
HP PETROL PUMP - CITY SERVICE STATION,3.9,(660),30.691803,76.734586,Fuel Station,LPG Station
IndianOil,3.9,"(1,177)",30.679655,76.746323,Fuel Station,LPG Station
IndianOil,4.1,"(2,027)",30.696984,76.758506,Fuel Station,LPG Station
Bharat Gas - Virdi Gas Service,3.2,(69),30.68601,76.738936,Fuel Station,LPG Station
Harpal Motors,4.8,(4),30.68676,76.760677,Fuel Station,LPG Station
IndianOil,4.1,"(2,027)",30.696984,76.758506,Fuel Station,LPG Station
IndianOil,4.1,"(2,285)",30.710815,76.743211,Fuel Station,LPG Station
"Karan Filling Station , Chandigarh",4.2,(19),30.710894,76.743042,Fuel Station,LPG Station
IndianOil,4.1,"(2,027)",30.696984,76.758506,Fuel Station,LPG Station
Amalia Pump CNG Filling Centre,4.0,"(2,718)",30.709726,76.748739,Fuel Station,LPG Station
Indane - Punia Gas Service,3.1,(70),30.709731,76.772789,Fuel Station,LPG Station
Amalia Pump CNG Filling Centre,4.0,"(2,718)",30.709726,76.748739,Fuel Station,LPG Station
Auto LPG STATION,4.4,(37),30.724181,76.770894,Fuel Station,LPG Station
Kapoor Service Station,4.2,(60),30.724066,76.770854,Fuel Station,LPG Station
IndianOil,3.9,(876),30.722814,76.738078,Fuel Station,LPG Station
IndianOil,4.0,(414),30.724312,76.770866,Fuel Station,LPG Station
BPCL Petrol Pump,3.8,(265),30.729383,76.766404,Fuel Station,LPG Station
Super gas service bharat gas,3.6,(59),30.727327,76.74899,Fuel Station,LPG Station
IndianOil,3.9,(949),30.742697,76.754974,Fuel Station,LPG Station
IndianOil,3.9,"(1,177)",30.679655,76.746323,Fuel Station,LPG Station
IndianOil,4.1,"(2,027)",30.696984,76.758506,Fuel Station,LPG Station
Harpal Motors,4.8,(4),30.68676,76.760677,Fuel Station,LPG Station
IndianOil,4.1,"(2,027)",30.696984,76.758506,Fuel Station,LPG Station
IndianOil,4.1,"(2,285)",30.710815,76.743211,Fuel Station,LPG Station
"Karan Filling Station , Chandigarh",4.2,(19),30.710894,76.743042,Fuel Station,LPG Station
IndianOil,4.1,"(2,027)",30.696984,76.758506,Fuel Station,LPG Station
Amalia Pump CNG Filling Centre,4.0,"(2,718)",30.709726,76.748739,Fuel Station,LPG Station
Indane - Punia Gas Service,3.1,(70),30.709731,76.772789,Fuel Station,LPG Station
Auto LPG STATION,4.4,(37),30.724181,76.770894,Fuel Station,LPG Station
Kapoor Service Station,4.2,(60),30.724066,76.770854,Fuel Station,LPG Station
IndianOil,4.0,(414),30.724312,76.770866,Fuel Station,LPG Station
BPCL Petrol Pump,3.8,(265),30.729383,76.766404,Fuel Station,LPG Station
"BPCL, Shyama Shyam Filling Station",3.8,(158),30.72906,76.765775,Fuel Station,LPG Station
BPCL Petrol Pump,3.8,(265),30.729383,76.766404,Fuel Station,LPG Station
"BPCL, Shyama Shyam Filling Station",3.8,(158),30.72906,76.765775,Fuel Station,LPG Station
IndianOil,3.6,(140),30.736788,76.776088,Fuel Station,LPG Station
BPCL Petrol Pump,3.8,(265),30.729383,76.766404,Fuel Station,LPG Station
"BPCL, Shyama Shyam Filling Station",3.8,(158),30.72906,76.765775,Fuel Station,LPG Station
IndianOil,3.9,(949),30.742697,76.754974,Fuel Station,LPG Station
Harpal Motors,4.8,(4),30.68676,76.760677,Fuel Station,LPG Station
IndianOil,4.1,"(2,027)",30.696984,76.758506,Fuel Station,LPG Station
Harpal Motors,4.8,(4),30.68676,76.760677,Fuel Station,LPG Station
Indane - Punia Gas Service,3.1,(70),30.709731,76.772789,Fuel Station,LPG Station
Auto LPG STATION,4.4,(37),30.724181,76.770894,Fuel Station,LPG Station
Kapoor Service Station,4.2,(60),30.724066,76.770854,Fuel Station,LPG Station
IndianOil,4.0,(414),30.724312,76.770866,Fuel Station,LPG Station
Hindustan Petroleum,4.0,(402),30.718033,76.776222,Fuel Station,LPG Station
IndianOil,4.1,(617),30.720192,76.770317,Fuel Station,LPG Station
Auto LPG STATION,4.4,(37),30.724181,76.770894,Fuel Station,LPG Station
Kapoor Service Station,4.2,(60),30.724066,76.770854,Fuel Station,LPG Station
IndianOil,4.0,(414),30.724312,76.770866,Fuel Station,LPG Station
Hindustan Petroleum,4.0,(402),30.718033,76.776222,Fuel Station,LPG Station
BPCL Petrol Pump,3.8,(265),30.729383,76.766404,Fuel Station,LPG Station
Auto LPG STATION,4.4,(37),30.724181,76.770894,Fuel Station,LPG Station
Kapoor Service Station,4.2,(60),30.724066,76.770854,Fuel Station,LPG Station
IndianOil,3.6,(140),30.736788,76.776088,Fuel Station,LPG Station
IndianOil,4.0,(414),30.724312,76.770866,Fuel Station,LPG Station
BPCL Petrol Pump,3.8,(265),30.729383,76.766404,Fuel Station,LPG Station
IndianOil,3.6,(140),30.736788,76.776088,Fuel Station,LPG Station
