IndianOil,4.1,"(2,027)",30.696984,76.758506,Fuel Station,Petrol Pump
IndianOil,3.8,(491),30.698511,76.758614,Fuel Station,Petrol Pump
HP PETROL PUMP - CITY SERVICE STATION,3.9,(660),30.691803,76.734586,Fuel Station,Petrol Pump
IndianOil,3.9,"(1,177)",30.679655,76.746323,Fuel Station,Petrol Pump
Maan Vehicle Pollution Check Centre 49,4.0,(40),30.697025,76.758798,Fuel Station,Petrol Pump
IndianOil,4.1,"(2,285)",30.710815,76.743211,Fuel Station,Petrol Pump
IndianOil,4.0,(552),N/A,N/A,Fuel Station,Petrol Pump
IndianOil,4.1,"(2,027)",30.696984,76.758506,Fuel Station,Petrol Pump
Municipal Petrol Pump,3.9,(330),30.709849,76.747231,Fuel Station,Petrol Pump
IndianOil,3.8,(491),30.698511,76.758614,Fuel Station,Petrol Pump
IndianOil,4.1,"(2,285)",30.710815,76.743211,Fuel Station,Petrol Pump
IndianOil,4.1,(824),30.716741,76.752579,Fuel Station,Petrol Pump
HP Petrol Pump,4.0,"(1,923)",30.714826,76.742931,Fuel Station,Petrol Pump
Municipal Petrol Pump,3.9,(330),30.709849,76.747231,Fuel Station,Petrol Pump
HP PETROL PUMP FILLING STATION,4.0,(805),30.720585,76.729237,Fuel Station,Petrol Pump
IndianOil,4.1,(824),30.716741,76.752579,Fuel Station,Petrol Pump
HP PETROL PUMP FILLING STATION,4.0,(805),30.720585,76.729237,Fuel Station,Petrol Pump
BPCL Petrol pump,3.9,"(1,677)",30.728885,76.733307,Fuel Station,Petrol Pump
IndianOil,3.9,(876),30.722814,76.738078,Fuel Station,Petrol Pump
HP Petrol Pump,4.0,"(1,923)",30.714826,76.742931,Fuel Station,Petrol Pump
IndianOil,4.0,"(1,130)",30.734392,76.727989,Fuel Station,Petrol Pump
IndianOil,3.9,(876),30.722814,76.738078,Fuel Station,Petrol Pump
HP PETROL PUMP FILLING STATION,4.0,(805),30.720585,76.729237,Fuel Station,Petrol Pump
BPCL Petrol pump,3.9,"(1,677)",30.728885,76.733307,Fuel Station,Petrol Pump
BPCL Petrol Pump,3.8,(265),30.729383,76.766404,Fuel Station,Petrol Pump
IndianOil,3.9,(949),30.742697,76.754974,Fuel Station,Petrol Pump
Perfect Punture,N/A,N/A,30.74283,76.754919,Fuel Station,Petrol Pump
IndianOil,4.1,"(2,027)",30.696984,76.758506,Fuel Station,Petrol Pump
IndianOil,3.8,(491),30.698511,76.758614,Fuel Station,Petrol Pump
HP PETROL PUMP - CITY SERVICE STATION,3.9,(660),30.691803,76.734586,Fuel Station,Petrol Pump
IndianOil,3.9,"(1,177)",30.679655,76.746323,Fuel Station,Petrol Pump
Maan Vehicle Pollution Check Centre 49,4.0,(40),30.697025,76.758798,Fuel Station,Petrol Pump
IndianOil,4.1,"(2,027)",30.696984,76.758506,Fuel Station,Petrol Pump
HP PETROL PUMP - CITY SERVICE STATION,3.9,(660),30.691803,76.734586,Fuel Station,Petrol Pump
IndianOil,3.8,(491),30.698511,76.758614,Fuel Station,Petrol Pump
Chawla Petrol Pump,4.0,(378),30.702441,76.729237,Fuel Station,Petrol Pump
IndianOil,4.0,(552),N/A,N/A,Fuel Station,Petrol Pump
IndianOil,4.1,"(2,027)",30.696984,76.758506,Fuel Station,Petrol Pump
IndianOil,4.1,(824),30.716741,76.752579,Fuel Station,Petrol Pump
IndianOil,3.8,(491),30.698511,76.758614,Fuel Station,Petrol Pump
HP Petrol Pump,4.0,"(1,923)",30.714826,76.742931,Fuel Station,Petrol Pump
Municipal Petrol Pump,3.9,(330),30.709849,76.747231,Fuel Station,Petrol Pump
IndianOil,4.1,"(2,285)",30.710815,76.743211,Fuel Station,Petrol Pump
IndianOil,4.1,(824),30.716741,76.752579,Fuel Station,Petrol Pump
HP Petrol Pump,4.0,"(1,923)",30.714826,76.742931,Fuel Station,Petrol Pump
Municipal Petrol Pump,3.9,(330),30.709849,76.747231,Fuel Station,Petrol Pump
Rajpura Ambala,4.0,(56),30.716872,76.752498,Fuel Station,Petrol Pump
IndianOil,4.1,(824),30.716741,76.752579,Fuel Station,Petrol Pump
BPCL Petrol pump,3.9,"(1,677)",30.728885,76.733307,Fuel Station,Petrol Pump
IndianOil,3.9,(876),30.722814,76.738078,Fuel Station,Petrol Pump
HP Petrol Pump,4.0,"(1,923)",30.714826,76.742931,Fuel Station,Petrol Pump
Rajpura Ambala,4.0,(56),30.716872,76.752498,Fuel Station,Petrol Pump
Bharat Petroleum Kerosene Filing Station,4.1,(26),30.725167,76.758807,Fuel Station,Petrol Pump
Super gas service bharat gas,3.6,(59),30.727327,76.74899,Fuel Station,Petrol Pump
IndianOil,3.9,(949),30.742697,76.754974,Fuel Station,Petrol Pump
Perfect Punture,N/A,N/A,30.74283,76.754919,Fuel Station,Petrol Pump
IndianOil,4.1,"(2,027)",30.696984,76.758506,Fuel Station,Petrol Pump
IndianOil,3.8,(491),30.698511,76.758614,Fuel Station,Petrol Pump
IndianOil,3.9,"(1,177)",30.679655,76.746323,Fuel Station,Petrol Pump
Maan Vehicle Pollution Check Centre 49,4.0,(40),30.697025,76.758798,Fuel Station,Petrol Pump
Perfect pencture shop,1.0,(1),30.698474,76.758609,Fuel Station,Petrol Pump
IndianOil,4.1,"(2,027)",30.696984,76.758506,Fuel Station,Petrol Pump
IndianOil,3.8,(491),30.698511,76.758614,Fuel Station,Petrol Pump
HP PETROL PUMP - CITY SERVICE STATION,3.9,(660),30.691803,76.734586,Fuel Station,Petrol Pump
IndianOil,4.1,"(2,285)",30.710815,76.743211,Fuel Station,Petrol Pump
Bharat Petroleum,4.4,"(3,067)",30.723274,76.771616,Fuel Station,Petrol Pump
IndianOil,4.1,"(2,027)",30.696984,76.758506,Fuel Station,Petrol Pump
IndianOil,4.1,(824),30.716741,76.752579,Fuel Station,Petrol Pump
IndianOil,3.8,(491),30.698511,76.758614,Fuel Station,Petrol Pump
HP Petrol Pump,4.0,"(1,923)",30.714826,76.742931,Fuel Station,Petrol Pump
Municipal Petrol Pump,3.9,(330),30.709849,76.747231,Fuel Station,Petrol Pump
IndianOil,4.1,"(2,285)",30.710815,76.743211,Fuel Station,Petrol Pump
IndianOil,4.1,(824),30.716741,76.752579,Fuel Station,Petrol Pump
HP Petrol Pump,4.0,"(1,923)",30.714826,76.742931,Fuel Station,Petrol Pump
IndianOil,4.1,(359),30.718891,76.768166,Fuel Station,Petrol Pump
Municipal Petrol Pump,3.9,(330),30.709849,76.747231,Fuel Station,Petrol Pump
Bharat Petroleum,4.4,"(3,067)",30.723274,76.771616,Fuel Station,Petrol Pump
IndianOil,4.1,(824),30.716741,76.752579,Fuel Station,Petrol Pump
IndianOil,4.1,(359),30.718891,76.768166,Fuel Station,Petrol Pump
IndianOil,4.1,(617),30.720192,76.770317,Fuel Station,Petrol Pump
HP Petrol Pump,4.0,"(1,923)",30.714826,76.742931,Fuel Station,Petrol Pump
Bharat Petroleum,4.4,"(3,067)",30.723274,76.771616,Fuel Station,Petrol Pump
BPCL Petrol Pump,3.8,(265),30.729383,76.766404,Fuel Station,Petrol Pump
"BPCL, Shyama Shyam Filling Station",3.8,(158),30.72906,76.765775,Fuel Station,Petrol Pump
IndianOil,4.0,(414),30.724312,76.770866,Fuel Station,Petrol Pump
HP PETROL PUMP SUD TRADERS,4.1,(858),30.730425,76.773952,Fuel Station,Petrol Pump
IndianOil,3.9,(949),30.742697,76.754974,Fuel Station,Petrol Pump
HP PETROL PUMP SUD TRADERS,4.1,(858),30.730425,76.773952,Fuel Station,Petrol Pump
Pollution centre,4.2,(847),30.740018,76.777654,Fuel Station,Petrol Pump
BPCL Petrol Pump,3.8,(265),30.729383,76.766404,Fuel Station,Petrol Pump
"BPCL, Shyama Shyam Filling Station",3.8,(158),30.72906,76.765775,Fuel Station,Petrol Pump
Car A/C Gas Filling & Repair,2.3,(4),30.686733,76.759073,Fuel Station,Petrol Pump
IndianOil,4.1,"(2,027)",30.696984,76.758506,Fuel Station,Petrol Pump
IndianOil,3.8,(491),30.698511,76.758614,Fuel Station,Petrol Pump
CLUB HP PETROL PUMP VISHAL SERVICE STATION,4.0,"(1,633)",30.705716,76.78751,Fuel Station,Petrol Pump
IndianOil,4.1,"(2,285)",30.710815,76.743211,Fuel Station,Petrol Pump
Bharat Petroleum,4.0,(942),30.69622,76.787493,Fuel Station,Petrol Pump
Dream party plan decoration,5.0,(25),30.707189,76.75765,Fuel Station,Petrol Pump
Indane - Punia Gas Service,3.1,(70),30.709731,76.772789,Fuel Station,Petrol Pump
IndianOil,4.1,(824),30.716741,76.752579,Fuel Station,Petrol Pump
IndianOil,4.1,(359),30.718891,76.768166,Fuel Station,Petrol Pump
Hindustan Petroleum,4.0,(402),30.718033,76.776222,Fuel Station,Petrol Pump
Municipal Petrol Pump,3.9,(330),30.709849,76.747231,Fuel Station,Petrol Pump
HP PETROL PUMP - ROCKROSE AUTO CENTRE,4.1,(210),N/A,N/A,Fuel Station,Petrol Pump
Bharat Petroleum,4.4,"(3,067)",30.723274,76.771616,Fuel Station,Petrol Pump
IndianOil,4.1,(824),30.716741,76.752579,Fuel Station,Petrol Pump
IndianOil,4.1,(359),30.718891,76.768166,Fuel Station,Petrol Pump
Hindustan Petroleum,4.0,(402),30.718033,76.776222,Fuel Station,Petrol Pump
IndianOil,4.1,(617),30.720192,76.770317,Fuel Station,Petrol Pump
Bharat Petroleum,4.4,"(3,067)",30.723274,76.771616,Fuel Station,Petrol Pump
HP PETROL PUMP SUD TRADERS,4.1,(858),30.730425,76.773952,Fuel Station,Petrol Pump
BPCL Petrol Pump,3.8,(265),30.729383,76.766404,Fuel Station,Petrol Pump
"BPCL, Shyama Shyam Filling Station",3.8,(158),30.72906,76.765775,Fuel Station,Petrol Pump
IndianOil,3.6,(140),30.736788,76.776088,Fuel Station,Petrol Pump
IndianOil,3.6,(140),30.736788,76.776088,Fuel Station,Petrol Pump
