Community Hall,3.6,(5),30.694185,76.757537,Government Building,City Hall
ba gopal gau basera,N/A,N/A,30.726918,76.699559,Government Building,City Hall
Panchkula,4.5,(2),30.676789,76.861842,Government Building,City Hall
Bournemouth,N/A,N/A,30.701128,76.854686,Government Building,City Hall
Community Centre -Sector 49C,4.1,"(1,089)",30.692089,76.7543,Government Building,City Hall
Community Hall,3.6,(5),30.694185,76.757537,Government Building,City Hall
Community Hall,3.6,(5),30.694185,76.757537,Government Building,City Hall
Community Centre,4.0,(360),30.72486,76.744555,Government Building,City Hall
ba gopal gau basera,N/A,N/A,30.726918,76.699559,Government Building,City Hall
Panchkula,4.5,(2),30.676789,76.861842,Government Building,City Hall
Community Centre,4.0,(360),30.72486,76.744555,Government Building,City Hall
Bournemouth,N/A,N/A,30.701128,76.854686,Government Building,City Hall
Hotel Western Court Chandigarh,4.1,"(2,294)",30.717142,76.752989,Government Building,City Hall
Community Centre,4.0,(360),30.72486,76.744555,Government Building,City Hall
Kashmiri Bhawan,4.0,(165),30.741471,76.75685,Government Building,City Hall
Banga Bhawan Chandigarh,4.4,(629),30.72398,76.761468,Government Building,City Hall
Librarian Divisional Library,4.5,(948),30.720019,76.767345,Government Building,City Hall
Kisan Bhavan Candigarh,4.1,(23),30.739651,76.766781,Government Building,City Hall
Kashmiri Bhawan,4.0,(165),30.741471,76.75685,Government Building,City Hall
Gujarat Bhavan plot no 17sec 24c Chandigarh,4.0,(287),30.740976,76.757397,Government Building,City Hall
Community Hall,3.6,(5),30.694185,76.757537,Government Building,City Hall
ba gopal gau basera,N/A,N/A,30.726918,76.699559,Government Building,City Hall
Panchkula,4.5,(2),30.676789,76.861842,Government Building,City Hall
Bournemouth,N/A,N/A,30.701128,76.854686,Government Building,City Hall
Community Centre -Sector 49C,4.1,"(1,089)",30.692089,76.7543,Government Building,City Hall
Community Hall,3.6,(5),30.694185,76.757537,Government Building,City Hall
Community Hall,3.6,(5),30.694185,76.757537,Government Building,City Hall
ba gopal gau basera,N/A,N/A,30.726918,76.699559,Government Building,City Hall
Panchkula,4.5,(2),30.676789,76.861842,Government Building,City Hall
Bournemouth,N/A,N/A,30.701128,76.854686,Government Building,City Hall
Party Hall 34,4.3,(3),30.71984,76.768964,Government Building,City Hall
Hotel Western Court Chandigarh,4.1,"(2,294)",30.717142,76.752989,Government Building,City Hall
ba gopal gau basera,N/A,N/A,30.726918,76.699559,Government Building,City Hall
Panchkula,4.5,(2),30.676789,76.861842,Government Building,City Hall
Bournemouth,N/A,N/A,30.701128,76.854686,Government Building,City Hall
Community Centre,4.0,(360),30.72486,76.744555,Government Building,City Hall
Harsh dhiman home town,N/A,N/A,30.913882,76.837001,Government Building,City Hall
ba gopal gau basera,N/A,N/A,30.726918,76.699559,Government Building,City Hall
Panchkula,4.5,(2),30.676789,76.861842,Government Building,City Hall
Bournemouth,N/A,N/A,30.701128,76.854686,Government Building,City Hall
Community Centre,4.0,(360),30.72486,76.744555,Government Building,City Hall
Chandigarh Housing Board,3.8,(299),30.746538,76.787202,Government Building,City Hall
Kashmiri Bhawan,4.0,(165),30.741471,76.75685,Government Building,City Hall
Kisan Bhavan Candigarh,4.1,(23),30.739651,76.766781,Government Building,City Hall
Gujarat Bhavan plot no 17sec 24c Chandigarh,4.0,(287),30.740976,76.757397,Government Building,City Hall
Prajapati Bhawan,3.8,(214),30.746164,76.744666,Government Building,City Hall
Khukrain Bhavan,4.1,(87),30.728708,76.757165,Government Building,City Hall
Community Hall,3.6,(5),30.694185,76.757537,Government Building,City Hall
Panchkula,4.5,(2),30.676789,76.861842,Government Building,City Hall
ba gopal gau basera,N/A,N/A,30.726918,76.699559,Government Building,City Hall
Bournemouth,N/A,N/A,30.701128,76.854686,Government Building,City Hall
Community Centre -Sector 49C,4.1,"(1,089)",30.692089,76.7543,Government Building,City Hall
Community Hall,3.6,(5),30.694185,76.757537,Government Building,City Hall
Community Hall,3.6,(5),30.694185,76.757537,Government Building,City Hall
ba gopal gau basera,N/A,N/A,30.726918,76.699559,Government Building,City Hall
Party Hall 34,4.3,(3),30.71984,76.768964,Government Building,City Hall
Panchkula,4.5,(2),30.676789,76.861842,Government Building,City Hall
Bournemouth,N/A,N/A,30.701128,76.854686,Government Building,City Hall
Rajasthan Bhawan,4.1,(444),30.716136,76.768878,Government Building,City Hall
ba gopal gau basera,N/A,N/A,30.726918,76.699559,Government Building,City Hall
Party Hall 34,4.3,(3),30.71984,76.768964,Government Building,City Hall
Panchkula,4.5,(2),30.676789,76.861842,Government Building,City Hall
Bournemouth,N/A,N/A,30.701128,76.854686,Government Building,City Hall
Community Centre,4.0,(360),30.72486,76.744555,Government Building,City Hall
ba gopal gau basera,N/A,N/A,30.726918,76.699559,Government Building,City Hall
Panchkula,4.5,(2),30.676789,76.861842,Government Building,City Hall
Chandigarh Housing Board,3.8,(299),30.746538,76.787202,Government Building,City Hall
Bournemouth,N/A,N/A,30.701128,76.854686,Government Building,City Hall
Community Centre,4.0,(360),30.72486,76.744555,Government Building,City Hall
ba gopal gau basera,N/A,N/A,30.726918,76.699559,Government Building,City Hall
Chandigarh Housing Board,3.8,(299),30.746538,76.787202,Government Building,City Hall
Panchkula,4.5,(2),30.676789,76.861842,Government Building,City Hall
Bournemouth,N/A,N/A,30.701128,76.854686,Government Building,City Hall
Harsh dhiman home town,N/A,N/A,30.913882,76.837001,Government Building,City Hall
Community Hall,3.6,(5),30.694185,76.757537,Government Building,City Hall
Community Hall,3.6,(5),30.694185,76.757537,Government Building,City Hall
Community Hall,3.6,(5),30.694185,76.757537,Government Building,City Hall
Party Hall 34,4.3,(3),30.71984,76.768964,Government Building,City Hall
ba gopal gau basera,N/A,N/A,30.726918,76.699559,Government Building,City Hall
Panchkula,4.5,(2),30.676789,76.861842,Government Building,City Hall
Bournemouth,N/A,N/A,30.701128,76.854686,Government Building,City Hall
Rajasthan Bhawan,4.1,(444),30.716136,76.768878,Government Building,City Hall
Party Hall 34,4.3,(3),30.71984,76.768964,Government Building,City Hall
ba gopal gau basera,N/A,N/A,30.726918,76.699559,Government Building,City Hall
Panchkula,4.5,(2),30.676789,76.861842,Government Building,City Hall
Bournemouth,N/A,N/A,30.701128,76.854686,Government Building,City Hall
Community Centre,4.0,(360),30.72486,76.744555,Government Building,City Hall
Chandigarh Housing Board,3.8,(299),30.746538,76.787202,Government Building,City Hall
ba gopal gau basera,N/A,N/A,30.726918,76.699559,Government Building,City Hall
Panchkula,4.5,(2),30.676789,76.861842,Government Building,City Hall
Hotel City Heart,4.5,(6),30.732814,76.776211,Government Building,City Hall
Bournemouth,N/A,N/A,30.701128,76.854686,Government Building,City Hall
Chandigarh Housing Board,3.8,(299),30.746538,76.787202,Government Building,City Hall
ba gopal gau basera,N/A,N/A,30.726918,76.699559,Government Building,City Hall
Panchkula,4.5,(2),30.676789,76.861842,Government Building,City Hall
Hotel City Heart,4.5,(6),30.732814,76.776211,Government Building,City Hall
Bournemouth,N/A,N/A,30.701128,76.854686,Government Building,City Hall
