"District And Sessions Court, Chandigarh",4.2,(225),30.719484,76.743798,Government Building,Courthouse
District Consumer Disputes Redressal Forum,3.4,(30),30.722017,76.729347,Government Building,Courthouse
Permanent Lok Adalat (PUS) Chandigarh,3.0,(3),30.719058,76.748704,Government Building,Courthouse
"District And Sessions Court, Chandigarh",4.2,(225),30.719484,76.743798,Government Building,Courthouse
District Consumer Disputes Redressal Forum,3.4,(30),30.722017,76.729347,Government Building,Courthouse
Permanent Lok Adalat (PUS) Chandigarh,3.0,(3),30.719058,76.748704,Government Building,Courthouse
"District And Sessions Court, Chandigarh",4.2,(225),30.719484,76.743798,Government Building,Courthouse
District Consumer Disputes Redressal Forum,3.4,(30),30.722017,76.729347,Government Building,Courthouse
Permanent Lok Adalat (PUS) Chandigarh,3.0,(3),30.719058,76.748704,Government Building,Courthouse
"District And Sessions Court, Chandigarh",4.2,(225),30.719484,76.743798,Government Building,Courthouse
Permanent Lok Adalat (PUS) Chandigarh,3.0,(3),30.719058,76.748704,Government Building,Courthouse
"District And Sessions Court, Chandigarh",4.2,(225),30.719484,76.743798,Government Building,Courthouse
Permanent Lok Adalat (PUS) Chandigarh,3.0,(3),30.719058,76.748704,Government Building,Courthouse
"District And Sessions Court, Chandigarh",4.2,(225),30.719484,76.743798,Government Building,Courthouse
Central Administrative Tribunal Bench,4.7,(20),30.739196,76.776849,Government Building,Courthouse
Permanent Lok Adalat (PUS) Chandigarh,3.0,(3),30.719058,76.748704,Government Building,Courthouse
"Senior citizen court, Chandigarh",5.0,(2),30.739833,76.782702,Government Building,Courthouse
Central Administrative Tribunal Bench,4.7,(20),30.739196,76.776849,Government Building,Courthouse
Permanent Lok Adalat (PUS) Chandigarh,3.0,(3),30.719058,76.748704,Government Building,Courthouse
Debt Recovery Tribunal III,4.1,(53),30.742946,76.78509,Government Building,Courthouse
