D.K Fire Service,N/A,N/A,30.714827,76.738702,Government Building,Fire Station
D.K Fire Service,N/A,N/A,30.714827,76.738702,Government Building,Fire Station
D.K Fire Service,N/A,N/A,30.714827,76.738702,Government Building,Fire Station
Fire Station Sector 38C,4.4,(12),30.741681,76.747399,Government Building,Fire Station
Fire Station Sector 38C,4.4,(12),30.741681,76.747399,Government Building,Fire Station
D.K Fire Service,N/A,N/A,30.714827,76.738702,Government Building,Fire Station
D.K Fire Service,N/A,N/A,30.714827,76.738702,Government Building,Fire Station
Firefox Bike Station,4.3,(181),30.727324,76.769196,Government Building,Fire Station
Fire Station Sector 38C,4.4,(12),30.741681,76.747399,Government Building,Fire Station
Sector 32 Fire Station,4.0,(7),30.706487,76.778567,Government Building,Fire Station
Sector 32 Fire Station,4.0,(7),30.706487,76.778567,Government Building,Fire Station
Firefox Bike Station,4.3,(181),30.727324,76.769196,Government Building,Fire Station
Fire & Emergency Service,4.6,(23),30.735829,76.780461,Government Building,Fire Station
Fire Station Sector 38C,4.4,(12),30.741681,76.747399,Government Building,Fire Station
Sector 32 Fire Station,4.0,(7),30.706487,76.778567,Government Building,Fire Station
Fire Station- Industrial Area Phase II,4.8,(4),30.696887,76.786874,Government Building,Fire Station
Firefox Bike Station,4.3,(181),30.727324,76.769196,Government Building,Fire Station
Fire & Emergency Service,4.6,(23),30.735829,76.780461,Government Building,Fire Station
Fire Station Sector 38C,4.4,(12),30.741681,76.747399,Government Building,Fire Station
Hotline With Fire Station,N/A,N/A,30.739833,76.782702,Government Building,Fire Station
Apple Authorised Service Provider -F1 Infosolutions & Services Pvt Ltd - Chandigarh,4.2,"(3,970)",30.738436,76.774845,Government Building,Fire Station
