Integrated Library Center,4.7,(11),30.685918,76.755257,Government Building,Library
Public library,4.5,(2),30.682314,76.745521,Government Building,Library
Silvi Park Library,4.2,(40),30.686145,76.74089,Government Building,Library
Public Library,4.4,(5),30.686277,76.740632,Government Building,Library
Municipal Library,5.0,(4),30.680251,76.745638,Government Building,Library
Law Today Live,5.0,(1),30.699245,76.752202,Government Building,Library
Sector - 49A,5.0,(1),30.697828,76.751719,Government Building,Library
Yps Library,4.0,(4),30.703495,76.737719,Government Building,Library
"Model Village Library - Burail (U.T.) Chandigarh, India.",5.0,(1),30.708291,76.758907,Government Building,Library
Law Today Live,5.0,(1),30.699245,76.752202,Government Building,Library
THE IELTS LLIIBBRRARY,4.9,(69),30.693466,76.733022,Government Building,Library
"Study Centre, Sector 45, Burail, Near Library, Chandigarh",1.0,(2),30.707736,76.758645,Government Building,Library
Post Graduate Government College for Girls,4.3,(713),30.725353,76.738595,Government Building,Library
Beant Singh Memorial Library,4.0,(340),30.727045,76.735105,Government Building,Library
Branch Library Badheri,3.9,(12),30.732333,76.734646,Government Building,Library
Librarian Divisional Library,4.5,(948),30.720019,76.767345,Government Building,Library
Govt. Public Distt. Library,4.2,(33),30.717663,76.716734,Government Building,Library
Rose Garden Library,4.1,(17),30.711416,76.721186,Government Building,Library
Librarian Divisional Library,4.5,(948),30.720019,76.767345,Government Building,Library
Beant Singh Memorial Library,4.0,(340),30.727045,76.735105,Government Building,Library
Branch Library Badheri,3.9,(12),30.732333,76.734646,Government Building,Library
Reading Room,4.0,(20),30.737232,76.764365,Government Building,Library
Dr. Ambedkar Bhawan,4.5,(136),30.741715,76.75547,Government Building,Library
Dr. Ambedkar Bhawan,4.5,(136),30.741715,76.75547,Government Building,Library
Community Centre Sector 37,4.4,(951),30.736462,76.74628,Government Building,Library
Chandigarh University,3.8,(223),30.73412,76.752456,Government Building,Library
Integrated Library Center,4.7,(11),30.685918,76.755257,Government Building,Library
Public library,4.5,(2),30.682314,76.745521,Government Building,Library
YOUNG BLOOD,4.9,(8),31.026816,75.410647,Government Building,Library
Law Today Live,5.0,(1),30.699245,76.752202,Government Building,Library
Sector - 49A,5.0,(1),30.697828,76.751719,Government Building,Library
Yps Library,4.0,(4),30.703495,76.737719,Government Building,Library
Aadarsh Library,4.8,(11),30.696149,76.770035,Government Building,Library
Audio Video Library,1.3,(3),30.694726,76.769618,Government Building,Library
"Model Village Library - Burail (U.T.) Chandigarh, India.",5.0,(1),30.708291,76.758907,Government Building,Library
Law Today Live,5.0,(1),30.699245,76.752202,Government Building,Library
"Model Village Library - Burail (U.T.) Chandigarh, India.",5.0,(1),30.708291,76.758907,Government Building,Library
"Study Centre, Sector 45, Burail, Near Library, Chandigarh",1.0,(2),30.707736,76.758645,Government Building,Library
Bindal Art Press,4.5,(2),30.708344,76.758738,Government Building,Library
Macmillan Publishers,3.5,(4),30.71147,76.752827,Government Building,Library
SHRI RAM TRADERS,4.9,(11),30.708147,76.758962,Government Building,Library
Librarian Divisional Library,4.5,(948),30.720019,76.767345,Government Building,Library
Beant Singh Memorial Library,4.0,(340),30.727045,76.735105,Government Building,Library
Branch Library Badheri,3.9,(12),30.732333,76.734646,Government Building,Library
GyanMimansa Library,4.7,(71),30.723231,76.769003,Government Building,Library
Tricity Reader's Paradise,5.0,(37),30.723409,76.769029,Government Building,Library
Community Centre Sector 37,4.4,(951),30.736462,76.74628,Government Building,Library
ISKCON Temple Chandigarh,4.8,"(6,801)",30.734364,76.761349,Government Building,Library
icai bhavan,4.6,(24),30.725715,76.761656,Government Building,Library
Alliance Francaise de Chandigarh,4.6,(279),30.735877,76.758365,Government Building,Library
Institute of Chartered Accountants of India,4.3,(75),30.725747,76.761723,Government Building,Library
Beant Singh Memorial Library,4.0,(340),30.727045,76.735105,Government Building,Library
Branch Library Badheri,3.9,(12),30.732333,76.734646,Government Building,Library
Reading Room,4.0,(20),30.737232,76.764365,Government Building,Library
UIET Library,4.8,(4),30.74875,76.756429,Government Building,Library
KITABKAKSH - The Reading Room (Library),4.8,(5),30.74507,76.761766,Government Building,Library
Integrated Library Center,4.7,(11),30.685918,76.755257,Government Building,Library
YOUNG BLOOD,4.9,(8),31.026816,75.410647,Government Building,Library
Chetan law classes,5.0,(1),30.69429,76.764414,Government Building,Library
Aadarsh Library,4.8,(11),30.696149,76.770035,Government Building,Library
Yps Library,4.0,(4),30.703495,76.737719,Government Building,Library
Public Library,4.4,(5),30.686277,76.740632,Government Building,Library
Integrated Library Center,4.7,(11),30.685918,76.755257,Government Building,Library
Silvi Park Library,4.2,(40),30.686145,76.74089,Government Building,Library
Aadarsh Library,4.8,(11),30.696149,76.770035,Government Building,Library
Audio Video Library,1.3,(3),30.694726,76.769618,Government Building,Library
"Model Village Library - Burail (U.T.) Chandigarh, India.",5.0,(1),30.708291,76.758907,Government Building,Library
Law Today Live,5.0,(1),30.699245,76.752202,Government Building,Library
"Study Centre, Sector 45, Burail, Near Library, Chandigarh",1.0,(2),30.707736,76.758645,Government Building,Library
Librarian Divisional Library,4.5,(948),30.720019,76.767345,Government Building,Library
GyanMimansa Library,4.7,(71),30.723231,76.769003,Government Building,Library
Tricity Reader's Paradise,5.0,(37),30.723409,76.769029,Government Building,Library
"Model Village Library - Burail (U.T.) Chandigarh, India.",5.0,(1),30.708291,76.758907,Government Building,Library
"Study Centre, Sector 45, Burail, Near Library, Chandigarh",1.0,(2),30.707736,76.758645,Government Building,Library
Librarian Divisional Library,4.5,(948),30.720019,76.767345,Government Building,Library
GyanMimansa Library,4.7,(71),30.723231,76.769003,Government Building,Library
Beant Singh Memorial Library,4.0,(340),30.727045,76.735105,Government Building,Library
Tricity Reader's Paradise,5.0,(37),30.723409,76.769029,Government Building,Library
Branch Library Badheri,3.9,(12),30.732333,76.734646,Government Building,Library
Librarian Divisional Library,4.5,(948),30.720019,76.767345,Government Building,Library
Reading Room,4.0,(20),30.737232,76.764365,Government Building,Library
GyanMimansa Library,4.7,(71),30.723231,76.769003,Government Building,Library
Tricity Reader's Paradise,5.0,(37),30.723409,76.769029,Government Building,Library
Dr. Ambedkar Bhawan,4.5,(136),30.741715,76.75547,Government Building,Library
Reading Room,4.0,(20),30.737232,76.764365,Government Building,Library
KITABKAKSH - The Reading Room (Library),4.8,(5),30.74507,76.761766,Government Building,Library
Dr. Ambedkar Bhawan,4.5,(136),30.741715,76.75547,Government Building,Library
Integrated Library Center,4.7,(11),30.685918,76.755257,Government Building,Library
Aadarsh Library,4.8,(11),30.696149,76.770035,Government Building,Library
Audio Video Library,1.3,(3),30.694726,76.769618,Government Building,Library
Law Today Live,5.0,(1),30.699245,76.752202,Government Building,Library
YOUNG BLOOD,4.9,(8),31.026816,75.410647,Government Building,Library
Aadarsh Library,4.8,(11),30.696149,76.770035,Government Building,Library
Audio Video Library,1.3,(3),30.694726,76.769618,Government Building,Library
Chetan law classes,5.0,(1),30.69429,76.764414,Government Building,Library
Library Block,4.9,(14),30.712199,76.782837,Government Building,Library
Aadarsh Library,4.8,(11),30.696149,76.770035,Government Building,Library
Library,5.0,(1),30.701894,76.781076,Government Building,Library
Audio Video Library,1.3,(3),30.694726,76.769618,Government Building,Library
"Model Village Library - Burail (U.T.) Chandigarh, India.",5.0,(1),30.708291,76.758907,Government Building,Library
Librarian Divisional Library,4.5,(948),30.720019,76.767345,Government Building,Library
GyanMimansa Library,4.7,(71),30.723231,76.769003,Government Building,Library
Library Block,4.9,(14),30.712199,76.782837,Government Building,Library
Tricity Reader's Paradise,5.0,(37),30.723409,76.769029,Government Building,Library
Library,5.0,(1),30.701894,76.781076,Government Building,Library
Librarian Divisional Library,4.5,(948),30.720019,76.767345,Government Building,Library
GyanMimansa Library,4.7,(71),30.723231,76.769003,Government Building,Library
Tricity Reader's Paradise,5.0,(37),30.723409,76.769029,Government Building,Library
Beant Singh Memorial Library,4.0,(340),30.727045,76.735105,Government Building,Library
Library Block,4.9,(14),30.712199,76.782837,Government Building,Library
Librarian Divisional Library,4.5,(948),30.720019,76.767345,Government Building,Library
Central State Library,4.5,(547),30.740312,76.784812,Government Building,Library
Reading Room,4.0,(20),30.737232,76.764365,Government Building,Library
GyanMimansa Library,4.7,(71),30.723231,76.769003,Government Building,Library
Tricity Reader's Paradise,5.0,(37),30.723409,76.769029,Government Building,Library
Reading Room,4.0,(20),30.737232,76.764365,Government Building,Library
KITABKAKSH - The Reading Room (Library),4.8,(5),30.74507,76.761766,Government Building,Library
