Police Station Phase 8,N/A,N/A,30.694184,76.728042,Government Building,Police Station
Sector 66 Police Station,N/A,N/A,30.676815,76.735271,Government Building,Police Station
Phase 11 Police Station,N/A,N/A,30.677826,76.740741,Government Building,Police Station
Police Station Sector 48,N/A,N/A,30.690057,76.755822,Government Building,Police Station
Phase 10 Police Post Ajitgarh,N/A,N/A,N/A,N/A,Government Building,Police Station
Police Station Phase 8,N/A,N/A,30.694184,76.728042,Government Building,Police Station
Sector 45-C Police Post Burail,N/A,N/A,30.704535,76.757577,Government Building,Police Station
Police Station Sector 48,N/A,N/A,30.690057,76.755822,Government Building,Police Station
Police Station Sector 51(Colony no. 5),N/A,N/A,30.707239,76.749668,Government Building,Police Station
Police Beat Box,N/A,N/A,30.695911,76.756053,Government Building,Police Station
Sector 45-C Police Post Burail,N/A,N/A,30.704535,76.757577,Government Building,Police Station
Police Station,N/A,N/A,30.704833,76.726979,Government Building,Police Station
Police Station Sector 51(Colony no. 5),N/A,N/A,30.707239,76.749668,Government Building,Police Station
Police Station Phase 8,N/A,N/A,30.694184,76.728042,Government Building,Police Station
Police Post - Sector 61,N/A,N/A,30.710435,76.729914,Government Building,Police Station
Police Station Sector 51(Colony no. 5),N/A,N/A,30.707239,76.749668,Government Building,Police Station
Sector 45-C Police Post Burail,N/A,N/A,30.704535,76.757577,Government Building,Police Station
Police Station South,N/A,N/A,30.720085,76.764569,Government Building,Police Station
Central Reserve Police Force,N/A,N/A,30.718577,76.74899,Government Building,Police Station
Police Post,N/A,N/A,30.717157,76.744089,Government Building,Police Station
Police Station South,N/A,N/A,30.720085,76.764569,Government Building,Police Station
Police Station,N/A,N/A,30.728967,76.752368,Government Building,Police Station
Police Post - Sector 61,N/A,N/A,30.710435,76.729914,Government Building,Police Station
Police Post,N/A,N/A,30.717157,76.744089,Government Building,Police Station
Central Reserve Police Force,N/A,N/A,30.718577,76.74899,Government Building,Police Station
Police Station South,N/A,N/A,30.720085,76.764569,Government Building,Police Station
Police Station,N/A,N/A,30.728967,76.752368,Government Building,Police Station
Central Reserve Police Force,N/A,N/A,30.718577,76.74899,Government Building,Police Station
Police Beat Box,N/A,N/A,30.723247,76.76274,Government Building,Police Station
CRPF Check Post,N/A,N/A,30.729881,76.729747,Government Building,Police Station
Police Wireless Communication Office,N/A,N/A,30.745459,76.755037,Government Building,Police Station
Fire Station Sector 38C,4.4,(12),30.741681,76.747399,Government Building,Police Station
"ISPW OFFICE, MHA, GOVT. OF INDIA CHANDIGARH",4.6,(9),30.74525,76.754512,Government Building,Police Station
Sector 66 Police Station,N/A,N/A,30.676815,76.735271,Government Building,Police Station
Phase 11 Police Station,N/A,N/A,30.677826,76.740741,Government Building,Police Station
Police Station Sector 48,N/A,N/A,30.690057,76.755822,Government Building,Police Station
Phase 10 Police Post Ajitgarh,N/A,N/A,N/A,N/A,Government Building,Police Station
Police Beat Box,N/A,N/A,30.695911,76.756053,Government Building,Police Station
Sector 45-C Police Post Burail,N/A,N/A,30.704535,76.757577,Government Building,Police Station
Police Station Sector 48,N/A,N/A,30.690057,76.755822,Government Building,Police Station
Police Station Sector 51(Colony no. 5),N/A,N/A,30.707239,76.749668,Government Building,Police Station
Police Beat Box,N/A,N/A,30.695911,76.756053,Government Building,Police Station
Chandigarh Police Beat Box,N/A,N/A,30.707454,76.741868,Government Building,Police Station
Police Beat Box,N/A,N/A,30.713555,76.769944,Government Building,Police Station
Sector 45-C Police Post Burail,N/A,N/A,30.704535,76.757577,Government Building,Police Station
Police Station Sector 51(Colony no. 5),N/A,N/A,30.707239,76.749668,Government Building,Police Station
Police Post,N/A,N/A,30.717157,76.744089,Government Building,Police Station
Police Beat Box,N/A,N/A,30.695911,76.756053,Government Building,Police Station
Police Post,N/A,N/A,30.717157,76.744089,Government Building,Police Station
Central Reserve Police Force,N/A,N/A,30.718577,76.74899,Government Building,Police Station
Beat Box 43,N/A,N/A,30.719271,76.753341,Government Building,Police Station
CRPF DEAT HQ 13BN CRPF,N/A,N/A,30.717326,76.748098,Government Building,Police Station
Police Station South,N/A,N/A,30.720085,76.764569,Government Building,Police Station
Police Station,N/A,N/A,30.728967,76.752368,Government Building,Police Station
Central Reserve Police Force,N/A,N/A,30.718577,76.74899,Government Building,Police Station
Police Beat Box,N/A,N/A,30.723247,76.76274,Government Building,Police Station
Police Post,N/A,N/A,30.717157,76.744089,Government Building,Police Station
Police Station,N/A,N/A,30.728967,76.752368,Government Building,Police Station
Police Post - Sector 22,N/A,N/A,30.735953,76.768363,Government Building,Police Station
Police Station,N/A,N/A,30.728967,76.752368,Government Building,Police Station
Police Beat Box,N/A,N/A,30.734002,76.770776,Government Building,Police Station
Police Post Sector 24,4.3,(14),30.746374,76.761155,Government Building,Police Station
Police Beat Box,N/A,N/A,30.737399,76.764103,Government Building,Police Station
Police Station Sector 48,N/A,N/A,30.690057,76.755822,Government Building,Police Station
Sector 45-C Police Post Burail,N/A,N/A,30.704535,76.757577,Government Building,Police Station
Police Station 31,N/A,N/A,30.700921,76.778905,Government Building,Police Station
Police Station Sector 48,N/A,N/A,30.690057,76.755822,Government Building,Police Station
Police Station Sector 51(Colony no. 5),N/A,N/A,30.707239,76.749668,Government Building,Police Station
Police Beat Box,N/A,N/A,30.695911,76.756053,Government Building,Police Station
Sector 45-C Police Post Burail,N/A,N/A,30.704535,76.757577,Government Building,Police Station
Police Beat Box,N/A,N/A,30.713555,76.769944,Government Building,Police Station
Police Station Sector 51(Colony no. 5),N/A,N/A,30.707239,76.749668,Government Building,Police Station
Police Station South,N/A,N/A,30.720085,76.764569,Government Building,Police Station
Police Beat Box,N/A,N/A,30.695911,76.756053,Government Building,Police Station
Police Beat Box,N/A,N/A,30.713555,76.769944,Government Building,Police Station
Beat Box 43,N/A,N/A,30.719271,76.753341,Government Building,Police Station
Police Station South,N/A,N/A,30.720085,76.764569,Government Building,Police Station
Police Station,N/A,N/A,30.728967,76.752368,Government Building,Police Station
Police Beat Box,N/A,N/A,30.713555,76.769944,Government Building,Police Station
Central Reserve Police Force,N/A,N/A,30.718577,76.74899,Government Building,Police Station
Police Beat Box,N/A,N/A,30.723247,76.76274,Government Building,Police Station
Police Station South,N/A,N/A,30.720085,76.764569,Government Building,Police Station
Police Post - Sector 22,N/A,N/A,30.735953,76.768363,Government Building,Police Station
Police Station sector 17 Chandigarh,N/A,N/A,30.739094,76.778624,Government Building,Police Station
Police Station,N/A,N/A,30.728967,76.752368,Government Building,Police Station
Police Beat Box,N/A,N/A,30.734002,76.770776,Government Building,Police Station
Police Post - Sector 22,N/A,N/A,30.735953,76.768363,Government Building,Police Station
Police Beat Box,N/A,N/A,30.734002,76.770776,Government Building,Police Station
Police Station,N/A,N/A,30.728967,76.752368,Government Building,Police Station
Police Station sector 17 Chandigarh,N/A,N/A,30.739094,76.778624,Government Building,Police Station
Police Station Sector 39 Chandigarh,N/A,N/A,30.745039,76.726398,Government Building,Police Station
Police Station Sector 48,N/A,N/A,30.690057,76.755822,Government Building,Police Station
Police Beat Box,N/A,N/A,30.695911,76.756053,Government Building,Police Station
Police Beat Box,5.0,(1),30.700966,76.765588,Government Building,Police Station
Police Colony,N/A,N/A,30.701551,76.75872,Government Building,Police Station
Sunil Electronics,4.0,(4),30.691704,76.766973,Government Building,Police Station
Sector 45-C Police Post Burail,N/A,N/A,30.704535,76.757577,Government Building,Police Station
Police Beat Box,N/A,N/A,30.713555,76.769944,Government Building,Police Station
Police Station 31,N/A,N/A,30.700921,76.778905,Government Building,Police Station
Police Station Sector 51(Colony no. 5),N/A,N/A,30.707239,76.749668,Government Building,Police Station
Police Station South,N/A,N/A,30.720085,76.764569,Government Building,Police Station
Police Beat Box,N/A,N/A,30.713555,76.769944,Government Building,Police Station
Police Station South,N/A,N/A,30.720085,76.764569,Government Building,Police Station
Police Station,N/A,N/A,30.728967,76.752368,Government Building,Police Station
Police Beat Box,N/A,N/A,30.713555,76.769944,Government Building,Police Station
Central Reserve Police Force,N/A,N/A,30.718577,76.74899,Government Building,Police Station
Police Beat Box,N/A,N/A,30.723247,76.76274,Government Building,Police Station
Police Station South,N/A,N/A,30.720085,76.764569,Government Building,Police Station
Police Post - Sector 22,N/A,N/A,30.735953,76.768363,Government Building,Police Station
Police Station sector 17 Chandigarh,N/A,N/A,30.739094,76.778624,Government Building,Police Station
Police Station,N/A,N/A,30.728967,76.752368,Government Building,Police Station
Police Beat Box,N/A,N/A,30.734002,76.770776,Government Building,Police Station
Police Post - Sector 22,N/A,N/A,30.735953,76.768363,Government Building,Police Station
Police Station sector 17 Chandigarh,N/A,N/A,30.739094,76.778624,Government Building,Police Station
Police Beat Box,N/A,N/A,30.734002,76.770776,Government Building,Police Station
Police Station,N/A,N/A,30.728967,76.752368,Government Building,Police Station
Police Post Sector 24,4.3,(14),30.746374,76.761155,Government Building,Police Station
