Sub Post Office sector 67 NIPER Campus Mohali,3.0,(33),30.682837,76.735546,Government Building,Post Office
India Post - Sohana,3.6,(26),30.688785,76.704439,Government Building,Post Office
India Post,3.7,(67),30.696252,76.768002,Government Building,Post Office
Post office,3.8,(6),30.685928,76.755259,Government Building,Post Office
India Post,3.4,(30),30.696854,76.734201,Government Building,Post Office
India Post - Sohana,3.6,(26),30.688785,76.704439,Government Building,Post Office
India Post,3.7,(67),30.696252,76.768002,Government Building,Post Office
Post Office Phase 7,3.2,(76),30.704578,76.72556,Government Building,Post Office
Sub Post Office sector 67 NIPER Campus Mohali,3.0,(33),30.682837,76.735546,Government Building,Post Office
Post office,3.8,(6),30.685928,76.755259,Government Building,Post Office
Sub Post Office Sector 59 SA S Nagar,2.7,(52),30.716266,76.715554,Government Building,Post Office
Sub Post Office Sector 34,3.7,(21),30.71696,76.767011,Government Building,Post Office
Sub Post Office Sector 44 Chandigarh,3.6,(27),30.714145,76.751481,Government Building,Post Office
India Post,3.7,(67),30.696252,76.768002,Government Building,Post Office
Post Office Phase 7,3.2,(76),30.704578,76.72556,Government Building,Post Office
Sub Post Office Sector 59 SA S Nagar,2.7,(52),30.716266,76.715554,Government Building,Post Office
Sub Post Office Sector 34,3.7,(21),30.71696,76.767011,Government Building,Post Office
Sub Post Office Sector 44 Chandigarh,3.6,(27),30.714145,76.751481,Government Building,Post Office
Post Office Phase 7,3.2,(76),30.704578,76.72556,Government Building,Post Office
Post Office,4.0,(6),30.718928,76.744339,Government Building,Post Office
Sub Post Office Sector 59 SA S Nagar,2.7,(52),30.716266,76.715554,Government Building,Post Office
Sub Post Office Sector 34,3.7,(21),30.71696,76.767011,Government Building,Post Office
Sub Post Office Sector 44 Chandigarh,3.6,(27),30.714145,76.751481,Government Building,Post Office
Sub Post Office Sector 55,3.0,(79),30.727919,76.722534,Government Building,Post Office
Sub Post Office Office Sector 40,2.5,(26),30.734595,76.736179,Government Building,Post Office
Sub Post Office Sector 34,3.7,(21),30.71696,76.767011,Government Building,Post Office
Sub Post Office Sector 59 SA S Nagar,2.7,(52),30.716266,76.715554,Government Building,Post Office
Sub Post Office Sector 55,3.0,(79),30.727919,76.722534,Government Building,Post Office
India Post,3.6,(25),30.73937,76.765842,Government Building,Post Office
Sub Post Office Office Sector 40,2.5,(26),30.734595,76.736179,Government Building,Post Office
Post Office sector 36,2.2,(81),30.734409,76.752429,Government Building,Post Office
40a 666,N/A,N/A,30.742371,76.738379,Government Building,Post Office
Sub Post Office sector 67 NIPER Campus Mohali,3.0,(33),30.682837,76.735546,Government Building,Post Office
India Post,3.7,(67),30.696252,76.768002,Government Building,Post Office
Post office,3.8,(6),30.685928,76.755259,Government Building,Post Office
India Post,3.4,(30),30.696854,76.734201,Government Building,Post Office
Post Office Phase 7,3.2,(76),30.704578,76.72556,Government Building,Post Office
India Post,3.7,(67),30.696252,76.768002,Government Building,Post Office
Post Office Phase 7,3.2,(76),30.704578,76.72556,Government Building,Post Office
Sub Post Office sector 67 NIPER Campus Mohali,3.0,(33),30.682837,76.735546,Government Building,Post Office
Post office,3.8,(6),30.685928,76.755259,Government Building,Post Office
India Post,3.4,(30),30.696854,76.734201,Government Building,Post Office
Sub Post Office Sector 59 SA S Nagar,2.7,(52),30.716266,76.715554,Government Building,Post Office
Sub Post Office Sector 34,3.7,(21),30.71696,76.767011,Government Building,Post Office
Sub Post Office Sector 44 Chandigarh,3.6,(27),30.714145,76.751481,Government Building,Post Office
India Post,3.7,(67),30.696252,76.768002,Government Building,Post Office
Post Office Phase 7,3.2,(76),30.704578,76.72556,Government Building,Post Office
Sub Post Office Sector 44 Chandigarh,3.6,(27),30.714145,76.751481,Government Building,Post Office
Post Office,4.0,(6),30.718928,76.744339,Government Building,Post Office
Sub Post Office Sector 59 SA S Nagar,2.7,(52),30.716266,76.715554,Government Building,Post Office
Sub Post Office Sector 34,3.7,(21),30.71696,76.767011,Government Building,Post Office
Sub Post Office Sector 44 Chandigarh,3.6,(27),30.714145,76.751481,Government Building,Post Office
Sub Post Office sector 22,3.3,(45),30.733344,76.771099,Government Building,Post Office
Sub Post Office Sector 55,3.0,(79),30.727919,76.722534,Government Building,Post Office
Post Office sector 36,2.2,(81),30.734409,76.752429,Government Building,Post Office
India Post,3.5,(11),30.724891,76.759071,Government Building,Post Office
Rao Financial Services,5.0,(5),30.724943,76.759174,Government Building,Post Office
Sub Post Office sector 22,3.3,(45),30.733344,76.771099,Government Building,Post Office
Sub Post Office Sector 55,3.0,(79),30.727919,76.722534,Government Building,Post Office
Sub Post Office sector 16,4.9,(8),30.747358,76.775347,Government Building,Post Office
India Post,3.6,(25),30.73937,76.765842,Government Building,Post Office
Sub Post Office Office Sector 40,2.5,(26),30.734595,76.736179,Government Building,Post Office
Post office,3.8,(6),30.685928,76.755259,Government Building,Post Office
Post Office,2.2,(6),30.68799,76.757497,Government Building,Post Office
Sub Post Office sector 31 Chandigarh,3.5,(26),30.702429,76.780949,Government Building,Post Office
India Post,3.7,(67),30.696252,76.768002,Government Building,Post Office
Post Office Phase 7,3.2,(76),30.704578,76.72556,Government Building,Post Office
Sub Post Office sector 67 NIPER Campus Mohali,3.0,(33),30.682837,76.735546,Government Building,Post Office
Post office,3.8,(6),30.685928,76.755259,Government Building,Post Office
Sub Post Office Sector 34,3.7,(21),30.71696,76.767011,Government Building,Post Office
Sub Post Office Sector 59 SA S Nagar,2.7,(52),30.716266,76.715554,Government Building,Post Office
Sub Post Office Sector 44 Chandigarh,3.6,(27),30.714145,76.751481,Government Building,Post Office
Sub Post Office sector 31 Chandigarh,3.5,(26),30.702429,76.780949,Government Building,Post Office
India Post,3.7,(67),30.696252,76.768002,Government Building,Post Office
Sub Post Office Sector 34,3.7,(21),30.71696,76.767011,Government Building,Post Office
Sub Post Office Sector 44 Chandigarh,3.6,(27),30.714145,76.751481,Government Building,Post Office
Sub Post Office Sector 34,3.7,(21),30.71696,76.767011,Government Building,Post Office
India Post,3.5,(11),30.724891,76.759071,Government Building,Post Office
Chandighar,N/A,N/A,30.720055,76.765606,Government Building,Post Office
Regional Passport Office,2.1,(804),30.724046,76.769335,Government Building,Post Office
Rao Financial Services,5.0,(5),30.724943,76.759174,Government Building,Post Office
Sub Post Office Sector 34,3.7,(21),30.71696,76.767011,Government Building,Post Office
Sub Post Office Sector 21 Chandigarh 160022,3.9,(10),30.724813,76.778382,Government Building,Post Office
Sub Post Office sector 22,3.3,(45),30.733344,76.771099,Government Building,Post Office
Sub Post Office Sector 59 SA S Nagar,2.7,(52),30.716266,76.715554,Government Building,Post Office
Sub Post Office Sector 55,3.0,(79),30.727919,76.722534,Government Building,Post Office
Post Office sector 36,2.2,(81),30.734409,76.752429,Government Building,Post Office
India Post,3.6,(25),30.73937,76.765842,Government Building,Post Office
Sub Post Office sector 67 NIPER Campus Mohali,3.0,(33),30.682837,76.735546,Government Building,Post Office
India Post,3.7,(67),30.696252,76.768002,Government Building,Post Office
Post office,3.8,(6),30.685928,76.755259,Government Building,Post Office
India Post,3.4,(30),30.696854,76.734201,Government Building,Post Office
Sub Post Office sector 31 Chandigarh,3.5,(26),30.702429,76.780949,Government Building,Post Office
India Post,3.7,(67),30.696252,76.768002,Government Building,Post Office
DTDC International Courier,4.3,(10),30.694854,76.77015,Government Building,Post Office
Sub Post Office Sector 34,3.7,(21),30.71696,76.767011,Government Building,Post Office
Sub Post Office Sector 44 Chandigarh,3.6,(27),30.714145,76.751481,Government Building,Post Office
Sub Post Office sector 31 Chandigarh,3.5,(26),30.702429,76.780949,Government Building,Post Office
India Post,3.7,(67),30.696252,76.768002,Government Building,Post Office
Post Office Phase 7,3.2,(76),30.704578,76.72556,Government Building,Post Office
Sub Post Office Sector 34,3.7,(21),30.71696,76.767011,Government Building,Post Office
Sub Post Office Sector 34,3.7,(21),30.71696,76.767011,Government Building,Post Office
India Post,3.5,(11),30.724891,76.759071,Government Building,Post Office
Postal ABC,5.0,(1),30.725485,76.776616,Government Building,Post Office
Chandighar,N/A,N/A,30.720055,76.765606,Government Building,Post Office
Regional Passport Office,2.1,(804),30.724046,76.769335,Government Building,Post Office
Sub Post Office Sector 34,3.7,(21),30.71696,76.767011,Government Building,Post Office
Sub Post Office Sector 21 Chandigarh 160022,3.9,(10),30.724813,76.778382,Government Building,Post Office
Sub Post Office sector 22,3.3,(45),30.733344,76.771099,Government Building,Post Office
General Post Office,3.7,(229),30.741928,76.783585,Government Building,Post Office
India Post,3.6,(25),30.73937,76.765842,Government Building,Post Office
Sub Post Office sector 22,3.3,(45),30.733344,76.771099,Government Building,Post Office
India Post,3.6,(25),30.73937,76.765842,Government Building,Post Office
