Hair Raiserz Luxe Phase 11,4.7,"(1,357)",30.682253,76.743672,Personal Care,Hair Salon
Hair Solution - Unisex Salon Mohali,4.8,(143),30.689445,76.725375,Personal Care,Hair Salon
THE CASTLE UNISEX SALON,4.9,(81),30.682455,76.743526,Personal Care,Hair Salon
Mane Masters Salon & Academy,4.9,(182),30.686349,76.738801,Personal Care,Hair Salon
Master's Unisex Salon,4.7,(379),30.685303,76.739616,Personal Care,Hair Salon
Aadil unisex salon,4.9,(88),30.69401,76.756828,Personal Care,Hair Salon
Style 9 Beauty Salon & Spa,4.7,(135),30.692982,76.742786,Personal Care,Hair Salon
Elegance Hair Beauty And Makeup Studio,4.6,(11),30.691519,76.739063,Personal Care,Hair Salon
Beauty Zone Salon,4.4,(52),30.697668,76.740485,Personal Care,Hair Salon
Dogra Hair Dresser,3.7,(15),30.693602,76.747684,Personal Care,Hair Salon
Hair Raiserz,4.8,"(3,311)",30.711469,76.752709,Personal Care,Hair Salon
HEADLINE SALON FOR MEN AND WOMEN,4.9,(824),30.710855,76.753124,Personal Care,Hair Salon
Lakme salon,4.8,"(1,669)",30.702491,76.727185,Personal Care,Hair Salon
Hair Revolution || Best Bridal Makeup Artist in Mohali || Best Bridal Salon in Mohali || Best Salon in Mohali,4.6,(36),30.702287,76.727345,Personal Care,Hair Salon
Roop Rose unisex salon,4.7,(166),30.701937,76.727658,Personal Care,Hair Salon
HEADLINE SALON FOR MEN AND WOMEN,4.9,(824),30.710855,76.753124,Personal Care,Hair Salon
Hair Raiserz,4.8,"(3,311)",30.711469,76.752709,Personal Care,Hair Salon
Femina Plus Salon & Hair Wigs | Best Beauty Salon | Spa Services Salon | Makeup salon | Best Skin care Salon in chandigarh,4.1,(321),30.713311,76.751685,Personal Care,Hair Salon
Salon Da Evolve | Best Skin & Hair Treatments in Tricity,4.9,(115),30.713124,76.75185,Personal Care,Hair Salon
New Afro Unisex Salon|Salon Mohali Phase 7,4.5,(343),30.705234,76.725167,Personal Care,Hair Salon
The Salone Studio ( Best Salon | Hair Academy | Bridal Makeup | Nail Salon | Hair Extensions ) - Best Salon In Chandigarh,4.5,(375),30.726336,76.757809,Personal Care,Hair Salon
Hair 4 U salon sector 35D,4.7,(78),30.726682,76.75779,Personal Care,Hair Salon
Glam Zone Hair Salon,3.9,(335),30.72621,76.757982,Personal Care,Hair Salon
"RUNWAY SALON DE PARIS ( Best Salon in Chandigarh, Best Salon in Sector 35)",4.8,(110),30.726594,76.757664,Personal Care,Hair Salon
Mubarak's Hair Studio,4.9,(266),30.727778,76.722822,Personal Care,Hair Salon
The Hair Clinique,4.8,(680),30.735235,76.735755,Personal Care,Hair Salon
Golden Hair salon,4.9,(112),30.730917,76.733468,Personal Care,Hair Salon
The Salone Studio ( Best Salon | Hair Academy | Bridal Makeup | Nail Salon | Hair Extensions ) - Best Salon In Chandigarh,4.5,(375),30.726336,76.757809,Personal Care,Hair Salon
Lovely hair cut salon,5.0,(145),30.730398,76.72667,Personal Care,Hair Salon
Hair 4 U salon sector 35D,4.7,(78),30.726682,76.75779,Personal Care,Hair Salon
The Hair Clinique,4.8,(680),30.735235,76.735755,Personal Care,Hair Salon
HEAD HONCHOS SALON ( MATRIX SALON ) - Best Salon In Chandigarh,4.8,"(3,238)",30.738721,76.731927,Personal Care,Hair Salon
Bellerizza Salon,4.8,(528),30.744608,76.74347,Personal Care,Hair Salon
Hair Raiserz Luxe 40,4.9,(352),30.735332,76.735689,Personal Care,Hair Salon
Salon 37 Unisex,4.2,(115),30.737503,76.749695,Personal Care,Hair Salon
Hair Raiserz Luxe Phase 11,4.7,"(1,357)",30.682253,76.743672,Personal Care,Hair Salon
Style Inn,4.7,(25),30.691945,76.760228,Personal Care,Hair Salon
Dogra Hair Dresser,3.7,(15),30.693602,76.747684,Personal Care,Hair Salon
Thara Bhai Joginder,N/A,N/A,30.683483,76.754765,Personal Care,Hair Salon
Ruchi,4.6,(363),30.691791,76.752119,Personal Care,Hair Salon
Master's Unisex Salon,4.7,(379),30.685303,76.739616,Personal Care,Hair Salon
Jawed Habib Hair & Beauty Salon,4.1,(255),30.687258,76.737985,Personal Care,Hair Salon
Mane Masters Salon & Academy,4.9,(182),30.686349,76.738801,Personal Care,Hair Salon
Do My Hair,4.6,(251),30.6867,76.738588,Personal Care,Hair Salon
Hair Madness A unisex salon,4.4,(35),30.685113,76.739951,Personal Care,Hair Salon
HEADLINE SALON FOR MEN AND WOMEN,4.9,(824),30.710855,76.753124,Personal Care,Hair Salon
Hair Raiserz,4.8,"(3,311)",30.711469,76.752709,Personal Care,Hair Salon
Hair Painter Unisex Salon,4.9,(118),30.700559,76.764895,Personal Care,Hair Salon
Choppers Unisex Salon,4.8,(55),30.711015,76.753786,Personal Care,Hair Salon
B.hair the unisex salon,3.9,(134),30.700807,76.764791,Personal Care,Hair Salon
HEADLINE SALON FOR MEN AND WOMEN,4.9,(824),30.710855,76.753124,Personal Care,Hair Salon
Hair Raiserz,4.8,"(3,311)",30.711469,76.752709,Personal Care,Hair Salon
Femina Plus Salon & Hair Wigs | Best Beauty Salon | Spa Services Salon | Makeup salon | Best Skin care Salon in chandigarh,4.1,(321),30.713311,76.751685,Personal Care,Hair Salon
Salon Da Evolve | Best Skin & Hair Treatments in Tricity,4.9,(115),30.713124,76.75185,Personal Care,Hair Salon
"Cleopatra Spa , Salon And Makeup Studio",4.4,(694),30.712741,76.752132,Personal Care,Hair Salon
Boom Layer-X Salon,4.5,(534),30.722765,76.761813,Personal Care,Hair Salon
The Salone Studio ( Best Salon | Hair Academy | Bridal Makeup | Nail Salon | Hair Extensions ) - Best Salon In Chandigarh,4.5,(375),30.726336,76.757809,Personal Care,Hair Salon
Hair 4 U salon sector 35D,4.7,(78),30.726682,76.75779,Personal Care,Hair Salon
Glam Zone Hair Salon,3.9,(335),30.72621,76.757982,Personal Care,Hair Salon
"RUNWAY SALON DE PARIS ( Best Salon in Chandigarh, Best Salon in Sector 35)",4.8,(110),30.726594,76.757664,Personal Care,Hair Salon
The Hair Clinique,4.8,(680),30.735235,76.735755,Personal Care,Hair Salon
Golden Hair salon,4.9,(112),30.730917,76.733468,Personal Care,Hair Salon
The Salone Studio ( Best Salon | Hair Academy | Bridal Makeup | Nail Salon | Hair Extensions ) - Best Salon In Chandigarh,4.5,(375),30.726336,76.757809,Personal Care,Hair Salon
Hair 4 U salon sector 35D,4.7,(78),30.726682,76.75779,Personal Care,Hair Salon
Glam Zone Hair Salon,3.9,(335),30.72621,76.757982,Personal Care,Hair Salon
The Hair Clinique,4.8,(680),30.735235,76.735755,Personal Care,Hair Salon
HEAD HONCHOS SALON ( MATRIX SALON ) - Best Salon In Chandigarh,4.8,"(3,238)",30.738721,76.731927,Personal Care,Hair Salon
New Ellcanes -The Best HAIR | BEAUTY | MAKEUP Salon,4.4,(947),30.737897,76.765784,Personal Care,Hair Salon
Bellerizza Salon,4.8,(528),30.744608,76.74347,Personal Care,Hair Salon
Hair Raiserz Luxe 40,4.9,(352),30.735332,76.735689,Personal Care,Hair Salon
Hair Raiserz Luxe Phase 11,4.7,"(1,357)",30.682253,76.743672,Personal Care,Hair Salon
Hair Square Unisex Salon,4.7,(92),30.678468,76.747818,Personal Care,Hair Salon
SG Divine Unisex Salon,4.9,(65),30.683982,76.742117,Personal Care,Hair Salon
Master's Unisex Salon,4.7,(379),30.685303,76.739616,Personal Care,Hair Salon
THE CASTLE UNISEX SALON,4.9,(81),30.682455,76.743526,Personal Care,Hair Salon
Hair Painter Unisex Salon,4.9,(118),30.700559,76.764895,Personal Care,Hair Salon
Looks Hair Unisex salon,5.0,(11),30.701025,76.768998,Personal Care,Hair Salon
Aadil unisex salon,4.9,(88),30.69401,76.756828,Personal Care,Hair Salon
B.hair the unisex salon,3.9,(134),30.700807,76.764791,Personal Care,Hair Salon
SLEEK 'N' CUT,5.0,(16),30.699768,76.766263,Personal Care,Hair Salon
HEADLINE SALON FOR MEN AND WOMEN,4.9,(824),30.710855,76.753124,Personal Care,Hair Salon
Hair Raiserz,4.8,"(3,311)",30.711469,76.752709,Personal Care,Hair Salon
Hair London Unisex Salon & Academy,4.4,(240),N/A,N/A,Personal Care,Hair Salon
Hair Cafe,4.7,(70),N/A,N/A,Personal Care,Hair Salon
Hair Painter Unisex Salon,4.9,(118),30.700559,76.764895,Personal Care,Hair Salon
HEADLINE SALON FOR MEN AND WOMEN,4.9,(824),30.710855,76.753124,Personal Care,Hair Salon
Hair Raiserz,4.8,"(3,311)",30.711469,76.752709,Personal Care,Hair Salon
Hair London Unisex Salon & Academy,4.4,(240),N/A,N/A,Personal Care,Hair Salon
Femina Plus Salon & Hair Wigs | Best Beauty Salon | Spa Services Salon | Makeup salon | Best Skin care Salon in chandigarh,4.1,(321),30.713311,76.751685,Personal Care,Hair Salon
Salon Da Evolve | Best Skin & Hair Treatments in Tricity,4.9,(115),30.713124,76.75185,Personal Care,Hair Salon
Boom Layer-X Salon,4.5,(534),30.722765,76.761813,Personal Care,Hair Salon
The Salone Studio ( Best Salon | Hair Academy | Bridal Makeup | Nail Salon | Hair Extensions ) - Best Salon In Chandigarh,4.5,(375),30.726336,76.757809,Personal Care,Hair Salon
Hair 4 U salon sector 35D,4.7,(78),30.726682,76.75779,Personal Care,Hair Salon
Glam Zone Hair Salon,3.9,(335),30.72621,76.757982,Personal Care,Hair Salon
Juliet Hair Salon,4.3,(53),30.717908,76.766059,Personal Care,Hair Salon
The Salone Studio ( Best Salon | Hair Academy | Bridal Makeup | Nail Salon | Hair Extensions ) - Best Salon In Chandigarh,4.5,(375),30.726336,76.757809,Personal Care,Hair Salon
Shah's Salon,4.7,(136),30.73713,76.766071,Personal Care,Hair Salon
Hair 4 U salon sector 35D,4.7,(78),30.726682,76.75779,Personal Care,Hair Salon
The Hair Clinique,4.8,(680),30.735235,76.735755,Personal Care,Hair Salon
New Ellcanes -The Best HAIR | BEAUTY | MAKEUP Salon,4.4,(947),30.737897,76.765784,Personal Care,Hair Salon
New Ellcanes -The Best HAIR | BEAUTY | MAKEUP Salon,4.4,(947),30.737897,76.765784,Personal Care,Hair Salon
Shah's Salon,4.7,(136),30.73713,76.766071,Personal Care,Hair Salon
The Hair Clinique,4.8,(680),30.735235,76.735755,Personal Care,Hair Salon
Bellerizza Salon,4.8,(528),30.744608,76.74347,Personal Care,Hair Salon
Salon 37 Unisex,4.2,(115),30.737503,76.749695,Personal Care,Hair Salon
Style Inn,4.7,(25),30.691945,76.760228,Personal Care,Hair Salon
Beauty world ladies saloon,4.8,(22),30.692408,76.767556,Personal Care,Hair Salon
Pooja beauty parlour,N/A,N/A,30.691274,76.762718,Personal Care,Hair Salon
Neelu beauty nest,N/A,N/A,30.691571,76.760762,Personal Care,Hair Salon
Saloon,N/A,N/A,30.687802,76.767022,Personal Care,Hair Salon
Abid Hair Master - Unisex Salon,4.9,"(1,265)",30.705341,76.77951,Personal Care,Hair Salon
Hair Painter Unisex Salon,4.9,(118),30.700559,76.764895,Personal Care,Hair Salon
Looks Hair Unisex salon,5.0,(11),30.701025,76.768998,Personal Care,Hair Salon
Aadil unisex salon,4.9,(88),30.69401,76.756828,Personal Care,Hair Salon
B.hair the unisex salon,3.9,(134),30.700807,76.764791,Personal Care,Hair Salon
HEADLINE SALON FOR MEN AND WOMEN,4.9,(824),30.710855,76.753124,Personal Care,Hair Salon
Hair Raiserz,4.8,"(3,311)",30.711469,76.752709,Personal Care,Hair Salon
Hair London Unisex Salon & Academy,4.4,(240),N/A,N/A,Personal Care,Hair Salon
Abid Hair Master - Unisex Salon,4.9,"(1,265)",30.705341,76.77951,Personal Care,Hair Salon
