Tumbledry Dry Clean & Laundry Service,4.1,(51),30.700586,76.765563,Personal Care,Laundry
FAST dry cleaners and laundry services,5.0,(29),30.681242,76.744553,Personal Care,Laundry
Tumbledry Dry Clean & Laundry Service,3.2,(73),30.685953,76.738969,Personal Care,Laundry
Istri Dryclean,4.2,(111),30.69994,76.710281,Personal Care,Laundry
"Alldone laundromat & Drycleaning (Mohali, Punjab)",4.4,(7),30.681562,76.718687,Personal Care,Laundry
Rattan Drycleaners,5.0,(3),30.701585,76.752431,Personal Care,Laundry
Jyoti press & laundry services,5.0,(30),30.703603,76.763537,Personal Care,Laundry
Washing Xpress,4.6,(219),30.714304,76.717952,Personal Care,Laundry
Tumbledry Dry Clean & Laundry Service,4.1,(51),30.700586,76.765563,Personal Care,Laundry
Istri Dryclean,4.2,(111),30.69994,76.710281,Personal Care,Laundry
Laundry Centre - Laundry Shop In Mohali | Dry Cleaner In Mohali,3.7,(12),30.70506,76.731928,Personal Care,Laundry
Lal Ji Dry-Cleaners,2.4,(7),30.714871,76.751635,Personal Care,Laundry
GOLDEN BOX DRY CLEANERS,3.0,(2),30.713459,76.751875,Personal Care,Laundry
RAJ & CO. | Marble Polishing in Chandigarh,4.9,(15),30.718321,76.754015,Personal Care,Laundry
Washing Xpress,4.6,(219),30.714304,76.717952,Personal Care,Laundry
Sharma dry clean & washing center,4.9,(10),30.728319,76.713616,Personal Care,Laundry
Unique Dry cleaner and laundry,5.0,(8),30.733906,76.739963,Personal Care,Laundry
The Old Capital Dry Cleaners,4.2,(71),30.731397,76.764672,Personal Care,Laundry
THE CHANDIGARH LAUNDRY,3.7,(30),30.733912,76.711542,Personal Care,Laundry
Unique Dry cleaner and laundry,5.0,(8),30.733906,76.739963,Personal Care,Laundry
Ravi Dry Cleaning & Laundary,4.8,(6),30.732876,76.740457,Personal Care,Laundry
Lilly White Dyers & Dry Cleaners,4.6,(24),30.72805,76.749446,Personal Care,Laundry
Bandy dry Band boy,4.3,(3),30.734351,76.741974,Personal Care,Laundry
TLH Drycleaners,N/A,N/A,30.735615,76.748702,Personal Care,Laundry
Quick n Clean,4.9,(173),30.749417,76.759155,Personal Care,Laundry
Sharma dry clean & washing center,4.9,(10),30.728319,76.713616,Personal Care,Laundry
Unique Dry cleaner and laundry,5.0,(8),30.733906,76.739963,Personal Care,Laundry
The Old Capital Dry Cleaners,4.2,(71),30.731397,76.764672,Personal Care,Laundry
THE CHANDIGARH LAUNDRY,3.7,(30),30.733912,76.711542,Personal Care,Laundry
Sirat Dry cleaning,N/A,N/A,30.690202,76.756597,Personal Care,Laundry
FABRICARE DRYCLEANING,N/A,N/A,30.683026,76.744275,Personal Care,Laundry
PACE ENTERPRICES,N/A,N/A,30.682566,76.745082,Personal Care,Laundry
Jyoti press & laundry services,5.0,(30),30.703603,76.763537,Personal Care,Laundry
Chandigarh,4.9,(15),30.706894,76.776687,Personal Care,Laundry
Tumbledry Dry Clean & Laundry Service,4.1,(51),30.700586,76.765563,Personal Care,Laundry
Tumbledry Dry Clean & Laundry Service,3.2,(73),30.685953,76.738969,Personal Care,Laundry
Laundry Centre - Laundry Shop In Mohali | Dry Cleaner In Mohali,3.7,(12),30.70506,76.731928,Personal Care,Laundry
Jyoti press & laundry services,5.0,(30),30.703603,76.763537,Personal Care,Laundry
Shanti dry cleaners,4.8,(4),N/A,N/A,Personal Care,Laundry
Gagan dyers & Drycleaners,4.0,(1),30.704067,76.757458,Personal Care,Laundry
RAMESH DRYCLEANERS,5.0,(1),30.709567,76.762673,Personal Care,Laundry
Rattan Drycleaners,5.0,(3),30.701585,76.752431,Personal Care,Laundry
Jyoti press & laundry services,5.0,(30),30.703603,76.763537,Personal Care,Laundry
Washing Xpress,4.6,(219),30.714304,76.717952,Personal Care,Laundry
Chandigarh,4.9,(15),30.706894,76.776687,Personal Care,Laundry
Tumbledry Dry Clean & Laundry Service,4.1,(51),30.700586,76.765563,Personal Care,Laundry
Laundry Centre - Laundry Shop In Mohali | Dry Cleaner In Mohali,3.7,(12),30.70506,76.731928,Personal Care,Laundry
Khalsa Dyers and Drycleaners Chandigarh,4.6,(92),30.726174,76.758672,Personal Care,Laundry
Lilly White Dyers & Dry Cleaners,4.6,(24),30.72805,76.749446,Personal Care,Laundry
Rama Dry Cleaners,4.7,(12),30.72284,76.750912,Personal Care,Laundry
Band Box,2.9,(22),30.727025,76.758003,Personal Care,Laundry
RAJ & CO. | Marble Polishing in Chandigarh,4.9,(15),30.718321,76.754015,Personal Care,Laundry
Sharma dry clean & washing center,4.9,(10),30.728319,76.713616,Personal Care,Laundry
Unique Dry cleaner and laundry,5.0,(8),30.733906,76.739963,Personal Care,Laundry
The Old Capital Dry Cleaners,4.2,(71),30.731397,76.764672,Personal Care,Laundry
THE CHANDIGARH LAUNDRY,3.7,(30),30.733912,76.711542,Personal Care,Laundry
Khalsa Dyers and Drycleaners Chandigarh,4.6,(92),30.726174,76.758672,Personal Care,Laundry
Rayan Timber store,4.4,(23),30.740213,76.748694,Personal Care,Laundry
Sadanand Dry Cleaners | Dry Cleaner Near Me,4.5,(32),30.744533,76.74435,Personal Care,Laundry
Deep Dry Cleaners,5.0,(1),30.739463,76.748339,Personal Care,Laundry
Sheel Dry Cleaners,4.2,(9),30.742993,76.745383,Personal Care,Laundry
Gautam DryCleaners,4.7,(3),N/A,N/A,Personal Care,Laundry
Tumbledry Dry Clean & Laundry Service,4.1,(51),30.700586,76.765563,Personal Care,Laundry
FAST dry cleaners and laundry services,5.0,(29),30.681242,76.744553,Personal Care,Laundry
Tumbledry Dry Clean & Laundry Service,3.2,(73),30.685953,76.738969,Personal Care,Laundry
"Alldone laundromat & Drycleaning (Mohali, Punjab)",4.4,(7),30.681562,76.718687,Personal Care,Laundry
Rohan Dry Cleaner & Laundry Services,4.9,(10),30.684915,76.720972,Personal Care,Laundry
Tumbledry Dry Clean & Laundry Service,4.1,(51),30.700586,76.765563,Personal Care,Laundry
Vastram Dry cleaners,5.0,(56),30.701117,76.766474,Personal Care,Laundry
Krishna Dyers & Dry Cleaners,3.9,(13),30.695844,76.768332,Personal Care,Laundry
Rattan Drycleaners,5.0,(3),30.701585,76.752431,Personal Care,Laundry
Chawla Dyers & Dry Cleaners,3.1,(22),30.697567,76.76693,Personal Care,Laundry
Jyoti press & laundry services,5.0,(30),30.703603,76.763537,Personal Care,Laundry
Washing Xpress,4.6,(219),30.714304,76.717952,Personal Care,Laundry
Chandigarh,4.9,(15),30.706894,76.776687,Personal Care,Laundry
Tumbledry Dry Clean & Laundry Service,4.1,(51),30.700586,76.765563,Personal Care,Laundry
R.S. DRYCLEANERS & LAUNDRY,4.7,(34),30.705403,76.779463,Personal Care,Laundry
RAMESH DRYCLEANERS,5.0,(1),30.709567,76.762673,Personal Care,Laundry
Sonu Dry Cleaner,N/A,N/A,30.709349,76.758746,Personal Care,Laundry
Lal Ji Dry-Cleaners,2.4,(7),30.714871,76.751635,Personal Care,Laundry
GOLDEN BOX DRY CLEANERS,3.0,(2),30.713459,76.751875,Personal Care,Laundry
RAJ & CO. | Marble Polishing in Chandigarh,4.9,(15),30.718321,76.754015,Personal Care,Laundry
Washing Xpress,4.6,(219),30.714304,76.717952,Personal Care,Laundry
Unique Dry cleaner and laundry,5.0,(8),30.733906,76.739963,Personal Care,Laundry
The Old Capital Dry Cleaners,4.2,(71),30.731397,76.764672,Personal Care,Laundry
Khalsa Dyers and Drycleaners Chandigarh,4.6,(92),30.726174,76.758672,Personal Care,Laundry
Snow View Dry Cleaners - Dry Cleaners In Chandigarh - Blanket Dry cleaners - Sofa Dry cleaner - Carpet Dry Cleaners,4.3,(39),30.727581,76.769635,Personal Care,Laundry
The Old Capital Dry Cleaners,4.2,(71),30.731397,76.764672,Personal Care,Laundry
Khalsa Dyers and Drycleaners Chandigarh,4.6,(92),30.726174,76.758672,Personal Care,Laundry
Snow View Dry Cleaners - Dry Cleaners In Chandigarh - Blanket Dry cleaners - Sofa Dry cleaner - Carpet Dry Cleaners,4.3,(39),30.727581,76.769635,Personal Care,Laundry
F Fabricare Dry Cleaner,5.0,(5),30.732354,76.76611,Personal Care,Laundry
Band Box,2.9,(22),30.727025,76.758003,Personal Care,Laundry
Quick n Clean,4.9,(173),30.749417,76.759155,Personal Care,Laundry
Unique Dry cleaner and laundry,5.0,(8),30.733906,76.739963,Personal Care,Laundry
UClean Laundry & Drycleaners,4.0,(75),30.751751,76.772322,Personal Care,Laundry
The Old Capital Dry Cleaners,4.2,(71),30.731397,76.764672,Personal Care,Laundry
Snow View Dry Cleaners - Dry Cleaners In Chandigarh - Blanket Dry cleaners - Sofa Dry cleaner - Carpet Dry Cleaners,4.3,(39),30.727581,76.769635,Personal Care,Laundry
Sirat Dry cleaning,N/A,N/A,30.690202,76.756597,Personal Care,Laundry
Jyoti press & laundry services,5.0,(30),30.703603,76.763537,Personal Care,Laundry
Chandigarh,4.9,(15),30.706894,76.776687,Personal Care,Laundry
Tumbledry Dry Clean & Laundry Service,4.1,(51),30.700586,76.765563,Personal Care,Laundry
Laundromania Dry Cleaning & Laundry,4.8,(12),30.699127,76.789175,Personal Care,Laundry
R.S. DRYCLEANERS & LAUNDRY,4.7,(34),30.705403,76.779463,Personal Care,Laundry
Jyoti press & laundry services,5.0,(30),30.703603,76.763537,Personal Care,Laundry
Tumbledry Dry Clean & Laundry Service,4.1,(51),30.700586,76.765563,Personal Care,Laundry
Vastram Dry cleaners,5.0,(56),30.701117,76.766474,Personal Care,Laundry
Shanti dry cleaners,4.8,(4),N/A,N/A,Personal Care,Laundry
Gagan dyers & Drycleaners,4.0,(1),30.704067,76.757458,Personal Care,Laundry
