Forest Area,N/A,N/A,30.779994,76.784369,Outdoor Space,Forest
Forest Retreat,4.7,(39),30.778225,76.782432,Outdoor Space,Forest
Chandigarh Botanical Garden,4.4,"(4,015)",30.776375,76.759827,Outdoor Space,Forest
Patiala ki Rao,4.1,(7),30.776094,76.780358,Outdoor Space,Forest
Kanishk king,N/A,N/A,30.772912,76.767935,Outdoor Space,Forest
Forest,4.0,(5),30.763772,76.761786,Outdoor Space,Forest
Patiala Ki Rao Reserved Forest,4.2,"(2,443)",30.769264,76.762453,Outdoor Space,Forest
Patiali Rao Reserved Forest,N/A,N/A,30.767224,76.761064,Outdoor Space,Forest
Forest,4.0,(5),30.763772,76.761786,Outdoor Space,Forest
Patiala Ki Rao Reserved Forest,4.2,"(2,443)",30.769264,76.762453,Outdoor Space,Forest
Patiali Rao Reserved Forest,N/A,N/A,30.767224,76.761064,Outdoor Space,Forest
Chitkara Herbal Garden,N/A,N/A,30.759657,76.75771,Outdoor Space,Forest
Dhanas Lake View Park,4.0,(8),30.765078,76.755328,Outdoor Space,Forest
Forest,4.0,(5),30.763772,76.761786,Outdoor Space,Forest
Patiala Ki Rao Reserved Forest,4.2,"(2,443)",30.769264,76.762453,Outdoor Space,Forest
Patiali Rao Reserved Forest,N/A,N/A,30.767224,76.761064,Outdoor Space,Forest
Forest,4.0,(5),30.763772,76.761786,Outdoor Space,Forest
Patiala Ki Rao Reserved Forest,4.2,"(2,443)",30.769264,76.762453,Outdoor Space,Forest
Patiali Rao Reserved Forest,N/A,N/A,30.767224,76.761064,Outdoor Space,Forest
Chitkara Herbal Garden,N/A,N/A,30.759657,76.75771,Outdoor Space,Forest
Dhanas Lake View Park,4.0,(8),30.765078,76.755328,Outdoor Space,Forest
Forest,4.0,(5),30.763772,76.761786,Outdoor Space,Forest
Patiala Ki Rao Reserved Forest,4.2,"(2,443)",30.769264,76.762453,Outdoor Space,Forest
Patiali Rao Reserved Forest,N/A,N/A,30.767224,76.761064,Outdoor Space,Forest
Forest,4.0,(5),30.763772,76.761786,Outdoor Space,Forest
Patiala Ki Rao Reserved Forest,4.2,"(2,443)",30.769264,76.762453,Outdoor Space,Forest
Patiali Rao Reserved Forest,N/A,N/A,30.767224,76.761064,Outdoor Space,Forest
Chandigarh Botanical Garden,4.4,"(4,015)",30.776375,76.759827,Outdoor Space,Forest
Chitkara Herbal Garden,N/A,N/A,30.759657,76.75771,Outdoor Space,Forest
Forest Area,N/A,N/A,30.779994,76.784369,Outdoor Space,Forest
Forest Retreat,4.7,(39),30.778225,76.782432,Outdoor Space,Forest
Chandigarh Botanical Garden,4.4,"(4,015)",30.776375,76.759827,Outdoor Space,Forest
Patiala ki Rao,4.1,(7),30.776094,76.780358,Outdoor Space,Forest
Kanishk king,N/A,N/A,30.772912,76.767935,Outdoor Space,Forest
Forest,4.0,(5),30.763772,76.761786,Outdoor Space,Forest
Patiala Ki Rao Reserved Forest,4.2,"(2,443)",30.769264,76.762453,Outdoor Space,Forest
Patiali Rao Reserved Forest,N/A,N/A,30.767224,76.761064,Outdoor Space,Forest
Forest,4.0,(5),30.763772,76.761786,Outdoor Space,Forest
Patiala Ki Rao Reserved Forest,4.2,"(2,443)",30.769264,76.762453,Outdoor Space,Forest
Patiali Rao Reserved Forest,N/A,N/A,30.767224,76.761064,Outdoor Space,Forest
Chitkara Herbal Garden,N/A,N/A,30.759657,76.75771,Outdoor Space,Forest
Dhanas Lake View Park,4.0,(8),30.765078,76.755328,Outdoor Space,Forest
Forest,4.0,(5),30.763772,76.761786,Outdoor Space,Forest
Patiala Ki Rao Reserved Forest,4.2,"(2,443)",30.769264,76.762453,Outdoor Space,Forest
Patiali Rao Reserved Forest,N/A,N/A,30.767224,76.761064,Outdoor Space,Forest
Chitkara Herbal Garden,N/A,N/A,30.759657,76.75771,Outdoor Space,Forest
Dhanas Lake View Park,4.0,(8),30.765078,76.755328,Outdoor Space,Forest
Forest,4.0,(5),30.763772,76.761786,Outdoor Space,Forest
Patiala Ki Rao Reserved Forest,4.2,"(2,443)",30.769264,76.762453,Outdoor Space,Forest
Patiali Rao Reserved Forest,N/A,N/A,30.767224,76.761064,Outdoor Space,Forest
Dhanas Lake View Park,4.0,(8),30.765078,76.755328,Outdoor Space,Forest
Dhanas Lake,4.3,(462),30.765922,76.756955,Outdoor Space,Forest
Khanna Farm,5.0,(1),30.773915,76.802455,Outdoor Space,Forest
Ground between Chandigarh Club & Secretariat,N/A,N/A,30.763215,76.798116,Outdoor Space,Forest
Patiala ki Rao,4.1,(7),30.776094,76.780358,Outdoor Space,Forest
Kanishk king,N/A,N/A,30.772912,76.767935,Outdoor Space,Forest
Attri�s Farm,N/A,N/A,30.772171,76.769267,Outdoor Space,Forest
Forest,4.0,(5),30.763772,76.761786,Outdoor Space,Forest
Patiala Ki Rao Reserved Forest,4.2,"(2,443)",30.769264,76.762453,Outdoor Space,Forest
Patiali Rao Reserved Forest,N/A,N/A,30.767224,76.761064,Outdoor Space,Forest
Forest,4.0,(5),30.763772,76.761786,Outdoor Space,Forest
Patiala Ki Rao Reserved Forest,4.2,"(2,443)",30.769264,76.762453,Outdoor Space,Forest
Patiali Rao Reserved Forest,N/A,N/A,30.767224,76.761064,Outdoor Space,Forest
Chitkara Herbal Garden,N/A,N/A,30.759657,76.75771,Outdoor Space,Forest
Dhanas Lake View Park,4.0,(8),30.765078,76.755328,Outdoor Space,Forest
Forest,4.0,(5),30.763772,76.761786,Outdoor Space,Forest
Patiala Ki Rao Reserved Forest,4.2,"(2,443)",30.769264,76.762453,Outdoor Space,Forest
Patiali Rao Reserved Forest,N/A,N/A,30.767224,76.761064,Outdoor Space,Forest
City Forest,4.5,(55),30.748838,76.81096,Outdoor Space,Forest
Lake Reserve Forest Natural Trail,4.7,(59),30.748727,76.811992,Outdoor Space,Forest
Ground between Chandigarh Club & Secretariat,N/A,N/A,30.763215,76.798116,Outdoor Space,Forest
Ground between Chandigarh Club & Secretariat,N/A,N/A,30.763215,76.798116,Outdoor Space,Forest
Mystery of Eggs,4.6,(5),30.754726,76.789372,Outdoor Space,Forest
Capitol Complex Tourist Center,4.5,"(1,265)",30.756625,76.802369,Outdoor Space,Forest
Khanna Farm,5.0,(1),30.773915,76.802455,Outdoor Space,Forest
Ground between Chandigarh Club & Secretariat,N/A,N/A,30.763215,76.798116,Outdoor Space,Forest
Patiala ki Rao,4.1,(7),30.776094,76.780358,Outdoor Space,Forest
Kanishk king,N/A,N/A,30.772912,76.767935,Outdoor Space,Forest
Attri�s Farm,N/A,N/A,30.772171,76.769267,Outdoor Space,Forest
Forest,4.0,(5),30.763772,76.761786,Outdoor Space,Forest
Patiala Ki Rao Reserved Forest,4.2,"(2,443)",30.769264,76.762453,Outdoor Space,Forest
Patiali Rao Reserved Forest,N/A,N/A,30.767224,76.761064,Outdoor Space,Forest
Chitkara Herbal Garden,N/A,N/A,30.759657,76.75771,Outdoor Space,Forest
Dhanas Lake View Park,4.0,(8),30.765078,76.755328,Outdoor Space,Forest
Forest,4.0,(5),30.763772,76.761786,Outdoor Space,Forest
Patiala Ki Rao Reserved Forest,4.2,"(2,443)",30.769264,76.762453,Outdoor Space,Forest
Patiali Rao Reserved Forest,N/A,N/A,30.767224,76.761064,Outdoor Space,Forest
Forest,4.0,(5),30.763772,76.761786,Outdoor Space,Forest
Patiala Ki Rao Reserved Forest,4.2,"(2,443)",30.769264,76.762453,Outdoor Space,Forest
Patiali Rao Reserved Forest,N/A,N/A,30.767224,76.761064,Outdoor Space,Forest
Chitkara Herbal Garden,N/A,N/A,30.759657,76.75771,Outdoor Space,Forest
Dhanas Lake View Park,4.0,(8),30.765078,76.755328,Outdoor Space,Forest
Forest,4.0,(5),30.763772,76.761786,Outdoor Space,Forest
Patiala Ki Rao Reserved Forest,4.2,"(2,443)",30.769264,76.762453,Outdoor Space,Forest
Patiali Rao Reserved Forest,N/A,N/A,30.767224,76.761064,Outdoor Space,Forest
Ground between Chandigarh Club & Secretariat,N/A,N/A,30.763215,76.798116,Outdoor Space,Forest
Mystery of Eggs,4.6,(5),30.754726,76.789372,Outdoor Space,Forest
Capitol Complex Tourist Center,4.5,"(1,265)",30.756625,76.802369,Outdoor Space,Forest
Khanna Farm,5.0,(1),30.773915,76.802455,Outdoor Space,Forest
Ground between Chandigarh Club & Secretariat,N/A,N/A,30.763215,76.798116,Outdoor Space,Forest
Patiala ki Rao,4.1,(7),30.776094,76.780358,Outdoor Space,Forest
Paul Farms,3.9,(77),30.769087,76.814413,Outdoor Space,Forest
Mystery of Eggs,4.6,(5),30.754726,76.789372,Outdoor Space,Forest
Ground between Chandigarh Club & Secretariat,N/A,N/A,30.763215,76.798116,Outdoor Space,Forest
Hotel Pride,4.5,"(3,285)",30.768771,76.791165,Outdoor Space,Forest
Forest Area,N/A,N/A,30.779994,76.784369,Outdoor Space,Forest
City Forest,4.5,(55),30.748838,76.81096,Outdoor Space,Forest
Lake Reserved Forest,4.5,"(3,237)",30.745849,76.827407,Outdoor Space,Forest
Patiala Ki Rao Reserved Forest,4.2,"(2,443)",30.769264,76.762453,Outdoor Space,Forest
Lake Reserve Forest Natural Trail,4.7,(59),30.748727,76.811992,Outdoor Space,Forest
