Lake,4.6,(109),30.775753,76.763408,Outdoor Space,Lake
Dhanas Lake,4.5,(131),30.765951,76.757277,Outdoor Space,Lake
Dhanas Lake,4.3,(462),30.765922,76.756955,Outdoor Space,Lake
Dhanas Lake,4.5,(131),30.765951,76.757277,Outdoor Space,Lake
Dhanas Lake,4.3,(462),30.765922,76.756955,Outdoor Space,Lake
Lake View Park,4.3,(356),30.766143,76.753837,Outdoor Space,Lake
Dhanas Lake View Park,4.0,(8),30.765078,76.755328,Outdoor Space,Lake
Dhanas Lake,5.0,(1),30.765323,76.754694,Outdoor Space,Lake
Dhanas Lake,4.5,(131),30.765951,76.757277,Outdoor Space,Lake
Dhanas Lake,4.3,(462),30.765922,76.756955,Outdoor Space,Lake
Dhanas Lake View Park,4.0,(8),30.765078,76.755328,Outdoor Space,Lake
Dhanas Lake,4.5,(131),30.765951,76.757277,Outdoor Space,Lake
Dhanas Lake,4.3,(462),30.765922,76.756955,Outdoor Space,Lake
Lake View Park,4.3,(356),30.766143,76.753837,Outdoor Space,Lake
Dhanas Lake View Park,4.0,(8),30.765078,76.755328,Outdoor Space,Lake
Dhanas Lake,5.0,(1),30.765323,76.754694,Outdoor Space,Lake
Dhanas Lake,4.5,(131),30.765951,76.757277,Outdoor Space,Lake
Dhanas Lake,4.3,(462),30.765922,76.756955,Outdoor Space,Lake
Dhanas Lake View Park,4.0,(8),30.765078,76.755328,Outdoor Space,Lake
Dhanas Lake,4.5,(131),30.765951,76.757277,Outdoor Space,Lake
Lake,4.6,(109),30.775753,76.763408,Outdoor Space,Lake
Dhanas Lake,4.3,(462),30.765922,76.756955,Outdoor Space,Lake
Lake View Park,4.3,(356),30.766143,76.753837,Outdoor Space,Lake
Dhanas Lake View Park,4.0,(8),30.765078,76.755328,Outdoor Space,Lake
Lake,4.6,(109),30.775753,76.763408,Outdoor Space,Lake
Dhanas Lake,4.5,(131),30.765951,76.757277,Outdoor Space,Lake
Dhanas Lake,4.3,(462),30.765922,76.756955,Outdoor Space,Lake
Dhanas Lake,4.5,(131),30.765951,76.757277,Outdoor Space,Lake
Dhanas Lake,4.3,(462),30.765922,76.756955,Outdoor Space,Lake
Lake View Park,4.3,(356),30.766143,76.753837,Outdoor Space,Lake
Dhanas Lake View Park,4.0,(8),30.765078,76.755328,Outdoor Space,Lake
Dhanas Lake,5.0,(1),30.765323,76.754694,Outdoor Space,Lake
New Lake parking area,4.4,(11),30.728505,76.739299,Outdoor Space,Lake
42D,N/A,N/A,30.727377,76.737259,Outdoor Space,Lake
Sulabh Toilets,3.7,(3),30.727401,76.739665,Outdoor Space,Lake
SBM Toilet,4.5,(8),30.727549,76.73906,Outdoor Space,Lake
Zoog Chandigarh,4.0,(152),30.735633,76.73542,Outdoor Space,Lake
Dhanas Lake,4.5,(131),30.765951,76.757277,Outdoor Space,Lake
Dhanas Lake,4.3,(462),30.765922,76.756955,Outdoor Space,Lake
Lake View Park,4.3,(356),30.766143,76.753837,Outdoor Space,Lake
Dhanas Lake View Park,4.0,(8),30.765078,76.755328,Outdoor Space,Lake
Dhanas Lake,5.0,(1),30.765323,76.754694,Outdoor Space,Lake
Dhanas Lake,4.5,(131),30.765951,76.757277,Outdoor Space,Lake
Dhanas Lake,4.3,(462),30.765922,76.756955,Outdoor Space,Lake
Dhanas Lake View Park,4.0,(8),30.765078,76.755328,Outdoor Space,Lake
Lake,4.6,(109),30.775753,76.763408,Outdoor Space,Lake
Chukna lake,5.0,(4),30.771083,76.79121,Outdoor Space,Lake
Dhanas Lake,4.5,(131),30.765951,76.757277,Outdoor Space,Lake
Dhanas Lake,4.3,(462),30.765922,76.756955,Outdoor Space,Lake
Dhanas Lake,4.5,(131),30.765951,76.757277,Outdoor Space,Lake
Dhanas Lake,4.3,(462),30.765922,76.756955,Outdoor Space,Lake
Lake View Park,4.3,(356),30.766143,76.753837,Outdoor Space,Lake
Dhanas Lake View Park,4.0,(8),30.765078,76.755328,Outdoor Space,Lake
Dhanas Lake,5.0,(1),30.765323,76.754694,Outdoor Space,Lake
Gandhi Bhawan Lake,N/A,N/A,30.761727,76.771645,Outdoor Space,Lake
Chukna lake,5.0,(4),30.771083,76.79121,Outdoor Space,Lake
Lake Reserve Forest Natural Trail,4.7,(59),30.748727,76.811992,Outdoor Space,Lake
Toba,N/A,N/A,30.765811,76.813731,Outdoor Space,Lake
Lake apartments Chandigarh,3.7,(3),30.756621,76.813223,Outdoor Space,Lake
Chandigarh Lake Suite,5.0,(4),30.755101,76.813618,Outdoor Space,Lake
Chandigarh War Memorial,4.6,(161),30.758469,76.796674,Outdoor Space,Lake
Round About - Sector 3 & 4,4.4,(5),30.75591,76.800559,Outdoor Space,Lake
Government Central Craft Institution For Women,3.7,(41),30.756023,76.783955,Outdoor Space,Lake
Capitol Complex Tourist Center,4.5,"(1,265)",30.756625,76.802369,Outdoor Space,Lake
Swimming Pool,3.9,(15),30.764333,76.796882,Outdoor Space,Lake
Lake,4.6,(109),30.775753,76.763408,Outdoor Space,Lake
Chukna lake,5.0,(4),30.771083,76.79121,Outdoor Space,Lake
Punjab Kesari Group,4.3,(94),30.74935,76.751647,Outdoor Space,Lake
Dhanas Lake,4.5,(131),30.765951,76.757277,Outdoor Space,Lake
Dhanas Lake,4.3,(462),30.765922,76.756955,Outdoor Space,Lake
Dhanas Lake,4.5,(131),30.765951,76.757277,Outdoor Space,Lake
Dhanas Lake,4.3,(462),30.765922,76.756955,Outdoor Space,Lake
Lake View Park,4.3,(356),30.766143,76.753837,Outdoor Space,Lake
Dhanas Lake View Park,4.0,(8),30.765078,76.755328,Outdoor Space,Lake
Dhanas Lake,5.0,(1),30.765323,76.754694,Outdoor Space,Lake
Gandhi Bhawan Lake,N/A,N/A,30.761727,76.771645,Outdoor Space,Lake
Chandigarh War Memorial,4.6,(161),30.758469,76.796674,Outdoor Space,Lake
Round About - Sector 3 & 4,4.4,(5),30.75591,76.800559,Outdoor Space,Lake
"The Tower of Shadows - Chandigarh, India",4.4,(155),30.759698,76.804137,Outdoor Space,Lake
Capitol Complex Tourist Center,4.5,"(1,265)",30.756625,76.802369,Outdoor Space,Lake
Swimming Pool,3.9,(15),30.764333,76.796882,Outdoor Space,Lake
Chukna lake,5.0,(4),30.771083,76.79121,Outdoor Space,Lake
Toba,N/A,N/A,30.765811,76.813731,Outdoor Space,Lake
Lake apartments Chandigarh,3.7,(3),30.756621,76.813223,Outdoor Space,Lake
Chandigarh Lake Suite,5.0,(4),30.755101,76.813618,Outdoor Space,Lake
Capital O 14186 Royal lake suites,3.3,(495),30.756647,76.8132,Outdoor Space,Lake
Chukna lake,5.0,(4),30.771083,76.79121,Outdoor Space,Lake
Shiv Mandir,4.5,(48),30.771373,76.78858,Outdoor Space,Lake
Swimming Pool,3.9,(15),30.764333,76.796882,Outdoor Space,Lake
Hotel Pride,4.5,"(3,285)",30.768771,76.791165,Outdoor Space,Lake
Hotel Golden Leaf,4.4,(204),30.770624,76.790462,Outdoor Space,Lake
Chukna lake,5.0,(4),30.771083,76.79121,Outdoor Space,Lake
Pachhad Dam,4.5,(8),30.787913,76.818443,Outdoor Space,Lake
Amrit Sarovar Khuda Ali Sher,3.7,(7),30.774625,76.809991,Outdoor Space,Lake
Sukhna Wildlife Sanctuary Kansal Gate,4.5,(36),30.766743,76.82443,Outdoor Space,Lake
Shiv Mandir,4.5,(48),30.771373,76.78858,Outdoor Space,Lake
