Park - Sector-47C,4.1,(493),30.690917,76.767646,Outdoor Space,Park
Neighbourhood Park,4.4,"(2,003)",30.681506,76.745732,Outdoor Space,Park
City Park,4.3,"(4,298)",30.687488,76.730614,Outdoor Space,Park
Silvi Park,4.4,"(4,813)",30.686832,76.740439,Outdoor Space,Park
Park,4.3,"(1,042)",30.696054,76.712226,Outdoor Space,Park
Sector 64 Park,4.1,(161),N/A,N/A,Outdoor Space,Park
Green Belt Park,4.4,(275),30.694695,76.75402,Outdoor Space,Park
Public Park Sector 50 (Kikkar Park),4.3,(118),30.697935,76.744527,Outdoor Space,Park
Park,4.1,(89),30.691394,76.748351,Outdoor Space,Park
Park 1,3.8,(23),30.701853,76.752207,Outdoor Space,Park
Park Sector 46 C,4.2,"(1,706)",30.700977,76.763408,Outdoor Space,Park
Sector 33-D Park,4.2,(416),30.714631,76.765821,Outdoor Space,Park
Sector 45 Park,4.0,(184),30.710623,76.759343,Outdoor Space,Park
MIG flats Park,4.3,(371),30.708339,76.731397,Outdoor Space,Park
Ekta Park,4.0,(216),30.710096,76.726899,Outdoor Space,Park
park sector 43,3.9,(33),30.719388,76.749662,Outdoor Space,Park
Park 2,4.1,(165),30.708183,76.742334,Outdoor Space,Park
park,4.2,(67),30.708692,76.744608,Outdoor Space,Park
"Public Park, Sector 44-c",4.6,(10),30.709081,76.752962,Outdoor Space,Park
Market Park Chandigarh,4.4,(8),30.709147,76.745085,Outdoor Space,Park
Park 35D,4.3,(936),30.723345,76.755451,Outdoor Space,Park
Sector 33-D Park,4.2,(416),30.714631,76.765821,Outdoor Space,Park
Topiary Park,4.2,"(1,638)",30.726859,76.761245,Outdoor Space,Park
Fountain Park,4.5,(266),30.723311,76.75548,Outdoor Space,Park
Sector 45 Park,4.0,(184),30.710623,76.759343,Outdoor Space,Park
Green Park,4.4,(204),N/A,N/A,Outdoor Space,Park
Sector 35-D Park,4.3,(61),30.72688,76.75457,Outdoor Space,Park
Park 11,4.3,(62),30.732278,76.749218,Outdoor Space,Park
Public Park,4.2,(133),30.73404,76.746387,Outdoor Space,Park
Park No. 2,4.0,(91),30.7348,76.743923,Outdoor Space,Park
Sector 40-A Park,4.2,(779),30.740512,76.738825,Outdoor Space,Park
Sector 40 Park,4.2,(662),30.737792,76.734596,Outdoor Space,Park
Sector 37C outdoor park,4.2,(731),30.737031,76.747757,Outdoor Space,Park
Topiary Park,4.2,"(1,638)",30.726859,76.761245,Outdoor Space,Park
Sector 22D Park,4.1,(559),30.730037,76.766772,Outdoor Space,Park
Park - Sector-47C,4.1,(493),30.690917,76.767646,Outdoor Space,Park
Neighbourhood Park,4.4,"(2,003)",30.681506,76.745732,Outdoor Space,Park
City Park,4.3,"(4,298)",30.687488,76.730614,Outdoor Space,Park
Sector 47-B Park,4.1,(561),30.698885,76.774174,Outdoor Space,Park
Silvi Park,4.4,"(4,813)",30.686832,76.740439,Outdoor Space,Park
Park Sector 46 C,4.2,"(1,706)",30.700977,76.763408,Outdoor Space,Park
Sector 64 Park,4.1,(161),N/A,N/A,Outdoor Space,Park
Green Belt Park,4.4,(275),30.694695,76.75402,Outdoor Space,Park
Sector 48-B Park,4.8,(5),30.692187,76.759295,Outdoor Space,Park
Public Park Sector 50 (Kikkar Park),4.3,(118),30.697935,76.744527,Outdoor Space,Park
Park Sector 46 C,4.2,"(1,706)",30.700977,76.763408,Outdoor Space,Park
Sector 33-D Park,4.2,(416),30.714631,76.765821,Outdoor Space,Park
Sector 47-B Park,4.1,(561),30.698885,76.774174,Outdoor Space,Park
Sector 45 Park,4.0,(184),30.710623,76.759343,Outdoor Space,Park
MIG flats Park,4.3,(371),30.708339,76.731397,Outdoor Space,Park
Sector 45 Park,4.0,(184),30.710623,76.759343,Outdoor Space,Park
Public Park-Sector 34C,4.2,(131),30.71708,76.761447,Outdoor Space,Park
park sector 43,3.9,(33),30.719388,76.749662,Outdoor Space,Park
Daughter's Dreamland Park,4.1,(204),30.715136,76.75792,Outdoor Space,Park
Public Park,4.1,(117),30.71862,76.759171,Outdoor Space,Park
Park 35D,4.3,(936),30.723345,76.755451,Outdoor Space,Park
Sector 33-D Park,4.2,(416),30.714631,76.765821,Outdoor Space,Park
Topiary Park,4.2,"(1,638)",30.726859,76.761245,Outdoor Space,Park
Fountain Park,4.5,(266),30.723311,76.75548,Outdoor Space,Park
Joggers Park,4.3,(739),30.725781,76.774979,Outdoor Space,Park
Topiary Park,4.2,"(1,638)",30.726859,76.761245,Outdoor Space,Park
Green Park,4.4,(204),N/A,N/A,Outdoor Space,Park
Sector 35-D Park,4.3,(61),30.72688,76.75457,Outdoor Space,Park
UT Park,4.1,(135),30.728196,76.763878,Outdoor Space,Park
Park 11,4.3,(62),30.732278,76.749218,Outdoor Space,Park
Sector 40-A Park,4.2,(779),30.740512,76.738825,Outdoor Space,Park
Sector 40 Park,4.2,(662),30.737792,76.734596,Outdoor Space,Park
Sector 37C outdoor park,4.2,(731),30.737031,76.747757,Outdoor Space,Park
Topiary Park,4.2,"(1,638)",30.726859,76.761245,Outdoor Space,Park
Sector 22D Park,4.1,(559),30.730037,76.766772,Outdoor Space,Park
Park - Sector-47C,4.1,(493),30.690917,76.767646,Outdoor Space,Park
Sector-48A Park,4.3,(545),30.689783,76.759544,Outdoor Space,Park
Sector 48-B Park,4.8,(5),30.692187,76.759295,Outdoor Space,Park
Blossom Park,4.2,(87),30.690684,76.760913,Outdoor Space,Park
Park 3,4.0,(76),30.684331,76.753498,Outdoor Space,Park
Park Sector 46 C,4.2,"(1,706)",30.700977,76.763408,Outdoor Space,Park
Park - Sector-47C,4.1,(493),30.690917,76.767646,Outdoor Space,Park
City Park,4.3,"(4,298)",30.687488,76.730614,Outdoor Space,Park
Sector-48A Park,4.3,(545),30.689783,76.759544,Outdoor Space,Park
Sector 47-B Park,4.1,(561),30.698885,76.774174,Outdoor Space,Park
Park Sector 46 C,4.2,"(1,706)",30.700977,76.763408,Outdoor Space,Park
Sector 45 Park,4.0,(184),30.710623,76.759343,Outdoor Space,Park
Park 46-A,4.2,(214),30.707179,76.767202,Outdoor Space,Park
46 Park,4.0,(129),30.704908,76.763995,Outdoor Space,Park
Green Belt Park,4.4,(69),30.704817,76.755338,Outdoor Space,Park
Park Sector 46 C,4.2,"(1,706)",30.700977,76.763408,Outdoor Space,Park
Park 35D,4.3,(936),30.723345,76.755451,Outdoor Space,Park
Sector 33-D Park,4.2,(416),30.714631,76.765821,Outdoor Space,Park
Fountain Park,4.5,(266),30.723311,76.75548,Outdoor Space,Park
Joggers Park,4.3,(739),30.725781,76.774979,Outdoor Space,Park
Park 35D,4.3,(936),30.723345,76.755451,Outdoor Space,Park
Fountain Park,4.5,(266),30.723311,76.75548,Outdoor Space,Park
Topiary Park,4.2,"(1,638)",30.726859,76.761245,Outdoor Space,Park
Public Park-Sector 34C,4.2,(131),30.71708,76.761447,Outdoor Space,Park
Sector 35-D Park,4.3,(61),30.72688,76.75457,Outdoor Space,Park
Park 35D,4.3,(936),30.723345,76.755451,Outdoor Space,Park
Sector 40-A Park,4.2,(779),30.740512,76.738825,Outdoor Space,Park
Sector 40 Park,4.2,(662),30.737792,76.734596,Outdoor Space,Park
Sector 37C outdoor park,4.2,(731),30.737031,76.747757,Outdoor Space,Park
Topiary Park,4.2,"(1,638)",30.726859,76.761245,Outdoor Space,Park
Mini Park - Sector-37B,4.0,(212),30.738655,76.756419,Outdoor Space,Park
Dream Park,4.2,(247),30.739263,76.759173,Outdoor Space,Park
Children Traffic Park,4.2,"(3,209)",30.744232,76.764969,Outdoor Space,Park
Public Park - Sector 23-D,4.1,(78),30.738387,76.759738,Outdoor Space,Park
Public Park,4.0,(40),30.739293,76.767217,Outdoor Space,Park
Park - Sector-47C,4.1,(493),30.690917,76.767646,Outdoor Space,Park
Sector-48A Park,4.3,(545),30.689783,76.759544,Outdoor Space,Park
Sector 48-B Park,4.8,(5),30.692187,76.759295,Outdoor Space,Park
Blossom Park,4.2,(87),30.690684,76.760913,Outdoor Space,Park
Green Belt Park,4.2,(51),30.688306,76.756482,Outdoor Space,Park
Park Sector 46 C,4.2,"(1,706)",30.700977,76.763408,Outdoor Space,Park
Park - Sector-47C,4.1,(493),30.690917,76.767646,Outdoor Space,Park
City Park,4.3,"(4,298)",30.687488,76.730614,Outdoor Space,Park
Japanese Garden,4.2,"(11,500)",30.704525,76.784251,Outdoor Space,Park
Sector-48A Park,4.3,(545),30.689783,76.759544,Outdoor Space,Park
Park Sector 46 C,4.2,"(1,706)",30.700977,76.763408,Outdoor Space,Park
Sector 45 Park,4.0,(184),30.710623,76.759343,Outdoor Space,Park
Park 46-A,4.2,(214),30.707179,76.767202,Outdoor Space,Park
Community Park Sector 32C,4.1,(306),30.70703,76.773682,Outdoor Space,Park
Sector 31D Park,4.1,(251),30.701951,76.773865,Outdoor Space,Park
Sector 33-D Park,4.2,(416),30.714631,76.765821,Outdoor Space,Park
Sector 45 Park,4.0,(184),30.710623,76.759343,Outdoor Space,Park
Public Park-Sector 34C,4.2,(131),30.71708,76.761447,Outdoor Space,Park
Sector 33A Park,4.2,(121),30.718048,76.773166,Outdoor Space,Park
Daughter's Dreamland Park,4.1,(204),30.715136,76.75792,Outdoor Space,Park
Park 35D,4.3,(936),30.723345,76.755451,Outdoor Space,Park
Topiary Park,4.2,"(1,638)",30.726859,76.761245,Outdoor Space,Park
Sector 19 D Park,4.3,(464),30.726997,76.787065,Outdoor Space,Park
Fountain Park,4.5,(266),30.723311,76.75548,Outdoor Space,Park
Sector 45 Park,4.0,(184),30.710623,76.759343,Outdoor Space,Park
Sector 22D Park,4.1,(559),30.730037,76.766772,Outdoor Space,Park
Moonlight Park,4.1,"(1,169)",30.732077,76.768743,Outdoor Space,Park
Joggers Park,4.3,(739),30.725781,76.774979,Outdoor Space,Park
Topiary Park,4.2,"(1,638)",30.726859,76.761245,Outdoor Space,Park
Nehru Park,4.3,"(3,043)",30.733658,76.772424,Outdoor Space,Park
Sector 40-A Park,4.2,(779),30.740512,76.738825,Outdoor Space,Park
Sector 40 Park,4.2,(662),30.737792,76.734596,Outdoor Space,Park
Sector 37C outdoor park,4.2,(731),30.737031,76.747757,Outdoor Space,Park
Topiary Park,4.2,"(1,638)",30.726859,76.761245,Outdoor Space,Park
Sector 19 D Park,4.3,(464),30.726997,76.787065,Outdoor Space,Park
